; Sun-2/50 / 2/160 boot PROM, Rev Q (VME, S2COLOR) -- annotated disassembly
; generated by tools/promdis -- do not edit; add names to the symbols file
; image   boot0.rom  sha256 8560ef6848f63e347f5de1f2253a80a9175300c7dae6627c013d7616b4f84a3f
; objdump GNU objdump (GNU Binutils for Ubuntu) 2.42, -m m68k:68010, vma 0xef0000
;
; 0xef0000  ROM vector table (kernel/romvec.s)
; 0xef00cc  text
; 0xef662c  data and strings
; 0xef7a20  0xFF fill

; ==== ROM vector table =================================================
ef0000:  .long 0x00001000    ; +0x00 v_initsp         INITSP
ef0004:  .long 0x00ef00cc    ; +0x04 v_startmon       _hardreset
ef0008:  .long 0x00ef6674    ; +0x08 v_mon_id (old)   _monrev
ef000c:  .long 0x00ef00c8    ; +0x0c v_bootparam      bootaddr
ef0010:  .long 0x00000488    ; +0x10 v_memorysize     g_memorysize
ef0014:  .long 0x00ef2224    ; +0x14 v_getchar        _getchar
ef0018:  .long 0x00ef218c    ; +0x18 v_putchar        _putchar
ef001c:  .long 0x00ef2256    ; +0x1c v_mayget         _mayget
ef0020:  .long 0x00ef21ba    ; +0x20 v_mayput         _mayput
ef0024:  .long 0x000005b7    ; +0x24 v_echo           g_echo
ef0028:  .long 0x000005b4    ; +0x28 v_insource       g_insource
ef002c:  .long 0x000005b5    ; +0x2c v_outsink        g_outsink
ef0030:  .long 0x00ef24f4    ; +0x30 v_getkey         _getkey
ef0034:  .long 0x00ef24a8    ; +0x34 v_initgetkey     _initgetkey
ef0038:  .long 0x0000059e    ; +0x38 v_translation    g_translation
ef003c:  .long 0x00000531    ; +0x3c v_keybid         g_keybid
ef0040:  .long 0x00000000    ; +0x40 dummy0k          
ef0044:  .long 0x00000000    ; +0x44 dummy1k          
ef0048:  .long 0x00000532    ; +0x48 v_keybuf         g_keybuf
ef004c:  .long 0x00ef6674    ; +0x4c v_mon_id         _monrev
ef0050:  .long 0x00ef3254    ; +0x50 v_fwritechar     _fwritechar
ef0054:  .long 0x000005fc    ; +0x54 v_fbaddr         fbaddr
ef0058:  .long 0x0000064c    ; +0x58 v_font           g_font
ef005c:  .long 0x00ef3268    ; +0x5c v_fwritestr      _fwritestr
ef0060:  .long 0x00ef199e    ; +0x60 v_boot_me        _boot_me
ef0064:  .long 0x000004d0    ; +0x64 v_linebuf        g_linebuf
ef0068:  .long 0x00000522    ; +0x68 v_lineptr        g_lineptr
ef006c:  .long 0x00000526    ; +0x6c v_linesize       g_linesize
ef0070:  .long 0x00ef1ee0    ; +0x70 v_getline        _getline
ef0074:  .long 0x00ef1f7e    ; +0x74 v_getone         _getone
ef0078:  .long 0x00ef1faa    ; +0x78 v_peekchar       _peekchar
ef007c:  .long 0x000005b8    ; +0x7c v_fbthere        g_fbthere
ef0080:  .long 0x00ef1fc0    ; +0x80 v_getnum         _getnum
ef0084:  .long 0x00ef2054    ; +0x84 v_printf         _printf
ef0088:  .long 0x00ef2140    ; +0x88 v_printhex       _printhex
ef008c:  .long 0x00000482    ; +0x8c v_leds           g_leds
ef0090:  .long 0x00ef04d4    ; +0x90 v_set_leds       _set_leds
ef0094:  .long 0x00ef038c    ; +0x94 v_nmi            _nmi
ef0098:  .long 0x00ef0450    ; +0x98 v_abortent       _abortent
ef009c:  .long 0x00000484    ; +0x9c v_nmiclock       g_nmiclock
ef00a0:  .long 0x0000069e    ; +0xa0 v_fbtype         g_fbtype
ef00a4:  .long 0x00000000    ; +0xa4 dummy2k          
ef00a8:  .long 0x00000400    ; +0xa8 v_gp             gp
ef00ac:  .long 0x0000052a    ; +0xac v_keybzscc       g_keybzscc
ef00b0:  .long 0x000005a2    ; +0xb0 v_keyrinit       g_keyrinit
ef00b4:  .long 0x000005aa    ; +0xb4 v_keyrtick       g_keyrtick
ef00b8:  .long 0x00000000    ; +0xb8 dummy3k          
ef00bc:  .long 0x000005ba    ; +0xbc v_resetaddr      g_resetaddr
ef00c0:  .long 0x000005c2    ; +0xc0 v_resetmap       g_resetmap
ef00c4:  .long 0x00ef0274    ; +0xc4 v_exit_to_mon    _exit_to_mon

bootaddr:
ef00c8:  .long 0x00002000    ; boot parameters live here (romvec.s)

; ==== text ==============================================================

_hardreset:
ef00cc:  4e70                   reset
ef00ce:  3e7c 0003              moveaw #3,%sp
ef00d2:  4e7b f001              movec %sp,%dfc
ef00d6:  4e7b f000              movec %sp,%sfc
ef00da:  9fcf                   subal %sp,%sp
ef00dc:  0e78 f800 0006         movesw %sp,0x6
ef00e2:  0e38 f800 0005         movesb %sp,0x5
ef00e8:  0e78 f000 000c         movesw 0xc,%sp
ef00ee:  3e7c 0001              moveaw #1,%sp
ef00f2:  0e78 f800 000e         movesw %sp,0xe
ef00f8:  2e40                   moveal %d0,%sp
ef00fa:  70fe                   moveq #-2,%d0
ef00fc:  0e38 0800 000b         movesb %d0,0xb
ef0102:  200f                   movel %sp,%d0
ef0104:  2e7c ec40 0fe5         moveal #-331345947,%sp
ef010a:  0eb8 f800 0000         movesl %sp,0x0
ef0110:  31fc ffef 0002         movew #-17,0x2
ef0116:  31fc ff01 0002         movew #-255,0x2
ef011c:  0c78 0b00 0000         cmpiw #2816,0x0
ef0122:  6700 008c              beqw 0xef01b0
ef0126:  31fc ff01 0002         movew #-255,0x2
ef012c:  31fc 0b00 0000         movew #2816,0x0
ef0132:  2e7c fe00 0000         moveal #-33554432,%sp
ef0138:  0eb8 f800 0000         movesl %sp,0x0
ef013e:  2e7c fe00 0001         moveal #-33554431,%sp
ef0144:  0eb8 f800 0800         movesl %sp,0x800
ef014a:  3e7c 1000              moveaw #4096,%sp
ef014e:  48e7 ffff              moveml %d0-%sp,%sp@-
ef0152:  4e68                   movel %usp,%a0
ef0154:  2f48 003c              movel %a0,%sp@(60)
ef0158:  2078 05ba              moveal 0x5ba,%a0                         ; g_resetaddr
ef015c:  2008                   movel %a0,%d0
ef015e:  2438 05be              movel 0x5be,%d2
ef0162:  b580                   eorl %d2,%d0
ef0164:  21c8 05be              movel %a0,0x5be
ef0168:  5280                   addql #1,%d0
ef016a:  6644                   bnes 0xef01b0
ef016c:  2238 05c2              movel 0x5c2,%d1                          ; g_resetmap
ef0170:  2001                   movel %d1,%d0
ef0172:  2438 05c6              movel 0x5c6,%d2
ef0176:  b580                   eorl %d2,%d0
ef0178:  5280                   addql #1,%d0
ef017a:  6634                   bnes 0xef01b0
ef017c:  70fd                   moveq #-3,%d0
ef017e:  0e38 0800 000b         movesb %d0,0xb
ef0184:  2008                   movel %a0,%d0
ef0186:  0240 f800              andiw #-2048,%d0
ef018a:  2240                   moveal %d0,%a1
ef018c:  203c fe40 0fe0         movel #-29356064,%d0
ef0192:  0eb8 0800 0000         movesl %d0,0x0
ef0198:  4ef9 0000 019e         jmp 0x19e
ef019e:  303c 0081              movew #129,%d0
ef01a2:  0e78 0800 000e         movesw %d0,0xe
ef01a8:  0ea9 1800 0000         movesl %d1,%a1@(0)
ef01ae:  4ed0                   jmp %a0@
ef01b0:  4efa 099e              jmp %pc@(0xef0b50)                       ; loc_ef0b50

loc_ef01b4:
ef01b4:  31fc 0000 0ffa         movew #0,0xffa
ef01ba:  9fcf                   subal %sp,%sp
ef01bc:  3efc ffff              movew #-1,%sp@+
ef01c0:  befc 0ffa              cmpaw #4090,%sp
ef01c4:  66f6                   bnes 0xef01bc
ef01c6:  48f8 ffff 0490         moveml %d0-%sp,0x490
ef01cc:  21ce 0488              movel %fp,0x488                          ; g_memorysize
ef01d0:  700e                   moveq #14,%d0
ef01d2:  11c0 0482              moveb %d0,0x482                          ; g_leds
ef01d6:  0e38 0800 000b         movesb %d0,0xb
ef01dc:  4ff8 1000              lea 0x1000,%sp
ef01e0:  70ff                   moveq #-1,%d0
ef01e2:  2238 0488              movel 0x488,%d1                          ; g_memorysize
ef01e6:  928f                   subl %sp,%d1
ef01e8:  e481                   asrl #2,%d1
ef01ea:  6002                   bras 0xef01ee                            ; loc_ef01ee
ef01ec:  2ec0                   movel %d0,%sp@+

loc_ef01ee:
ef01ee:  51c9 fffc              dbf %d1,0xef01ec
ef01f2:  4241                   clrw %d1
ef01f4:  5381                   subql #1,%d1
ef01f6:  64f4                   bccs 0xef01ec
ef01f8:  4cf8 ffff 0490         moveml 0x490,%d0-%sp

loc_ef01fe:
ef01fe:  3e7c 0003              moveaw #3,%sp
ef0202:  4e7b f001              movec %sp,%dfc
ef0206:  3e7c 0001              moveaw #1,%sp
ef020a:  31cf 0480              movew %sp,0x480
ef020e:  0e78 f800 000e         movesw %sp,0xe
ef0214:  21fc 00ef 0274 0ffc    movel #15663732,0xffc                    ; _exit_to_mon
ef021c:  4ff8 0ffa              lea 0xffa,%sp
ef0220:  4878 2000              pea 0x2000
ef0224:  40e7                   movew %sr,%sp@-
ef0226:  9efc 005a              subaw #90,%sp
ef022a:  48ef ffff 0000         moveml %d0-%sp,%sp@(0)
ef0230:  2e0f                   movel %sp,%d7
ef0232:  605c                   bras 0xef0290                            ; loc_ef0290
ef0234:  7003                   moveq #3,%d0
ef0236:  4e7b 0001              movec %d0,%dfc
ef023a:  7001                   moveq #1,%d0
ef023c:  0e78 0800 000e         movesw %d0,0xe
ef0242:  4ef9 00ef 0248         jmp 0xef0248                             ; loc_ef0248

loc_ef0248:
ef0248:  203c fe00 0000         movel #-33554432,%d0
ef024e:  0eb8 0800 0000         movesl %d0,0x0
ef0254:  4cdf ffff              moveml %sp@+,%d0-%sp
ef0258:  31fc 0003 0ffa         movew #3,0xffa
ef025e:  609e                   bras 0xef01fe                            ; loc_ef01fe

sub_ef0260:
ef0260:  4e70                   reset
ef0262:  31fc 0002 0ffa         movew #2,0xffa
ef0268:  6094                   bras 0xef01fe                            ; loc_ef01fe

sub_ef026a:
ef026a:  4e70                   reset
ef026c:  31fc 0001 0ffa         movew #1,0xffa
ef0272:  608a                   bras 0xef01fe                            ; loc_ef01fe

_exit_to_mon:
ef0274:  487a fffe              pea %pc@(0xef0274)                       ; _exit_to_mon
ef0278:  3f3c 00b8              movew #184,%sp@-
ef027c:  487a fff6              pea %pc@(0xef0274)                       ; _exit_to_mon
ef0280:  3f3c 2700              movew #9984,%sp@-

loc_ef0284:
ef0284:  9efc 005a              subaw #90,%sp
ef0288:  48ef ffff 0000         moveml %d0-%sp,%sp@(0)
ef028e:  9e87                   subl %d7,%d7

loc_ef0290:
ef0290:  06af 0000 0062 003c    addil #98,%sp@(60)
ef0298:  4e7a 8800              movec %usp,%a0
ef029c:  2f48 0040              movel %a0,%sp@(64)
ef02a0:  4e7a 8000              movec %sfc,%a0
ef02a4:  4e7a 9001              movec %dfc,%a1
ef02a8:  4e7a a801              movec %vbr,%a2
ef02ac:  48ef 0700 0044         moveml %a0-%a2,%sp@(68)
ef02b2:  7003                   moveq #3,%d0
ef02b4:  4e7b 0000              movec %d0,%sfc
ef02b8:  0e38 0000 0006         movesb 0x6,%d0
ef02be:  0200 0007              andib #7,%d0
ef02c2:  2f40 0050              movel %d0,%sp@(80)
ef02c6:  0e38 0000 0007         movesb 0x7,%d0
ef02cc:  0200 0007              andib #7,%d0
ef02d0:  2f40 0054              movel %d0,%sp@(84)
ef02d4:  007c 0700              oriw #1792,%sr
ef02d8:  4a87                   tstl %d7
ef02da:  6704                   beqs 0xef02e0
ef02dc:  4eba 021a              jsr %pc@(0xef04f8)                       ; fn_ef04f8
ef02e0:  4eba 110a              jsr %pc@(0xef13ec)                       ; sub_ef13ec
ef02e4:  206f 0040              moveal %sp@(64),%a0
ef02e8:  4e7b 8800              movec %a0,%usp
ef02ec:  7003                   moveq #3,%d0
ef02ee:  4e7b 0001              movec %d0,%dfc
ef02f2:  202f 0050              movel %sp@(80),%d0
ef02f6:  0e38 0800 0006         movesb %d0,0x6
ef02fc:  202f 0054              movel %sp@(84),%d0
ef0300:  0e38 0800 0007         movesb %d0,0x7
ef0306:  202f 004c              movel %sp@(76),%d0
ef030a:  4e7b 0801              movec %d0,%vbr
ef030e:  202f 0044              movel %sp@(68),%d0
ef0312:  4e7b 0000              movec %d0,%sfc
ef0316:  202f 0048              movel %sp@(72),%d0
ef031a:  4e7b 0001              movec %d0,%dfc
ef031e:  206f 003c              moveal %sp@(60),%a0
ef0322:  212f 005e              movel %sp@(94),%a0@-
ef0326:  212f 005a              movel %sp@(90),%a0@-
ef032a:  2f48 003c              movel %a0,%sp@(60)
ef032e:  4cef ffff 0000         moveml %sp@(0),%d0-%sp
ef0334:  4e73                   rte
ef0336:  48f8 ffff 043a         moveml %d0-%sp,0x43a
ef033c:  701c                   moveq #28,%d0
ef033e:  41f8 0400              lea 0x400,%a0                            ; gp
ef0342:  224f                   moveal %sp,%a1
ef0344:  30d9                   movew %a1@+,%a0@+
ef0346:  51c8 fffc              dbf %d0,0xef0344
ef034a:  4e7a 8000              movec %sfc,%a0
ef034e:  7003                   moveq #3,%d0
ef0350:  4e7b 0000              movec %d0,%sfc
ef0354:  0e78 0000 000c         movesw 0xc,%d0
ef035a:  0e78 0800 000c         movesw %d0,0xc
ef0360:  31c0 047e              movew %d0,0x47e
ef0364:  4e7b 8000              movec %a0,%sfc
ef0368:  2f57 0032              movel %sp@,%sp@(50)
ef036c:  2f6f 0004 0036         movel %sp@(4),%sp@(54)
ef0372:  4fef 0032              lea %sp@(50),%sp
ef0376:  026f 0fff 0006         andiw #4095,%sp@(6)
ef037c:  2038 043a              movel 0x43a,%d0
ef0380:  2078 045a              moveal 0x45a,%a0
ef0384:  2278 045e              moveal 0x45e,%a1
ef0388:  6000 fefa              braw 0xef0284                            ; loc_ef0284

_nmi:
ef038c:  33fc ffe1 00ee 0002    movew #-31,0xee0002                      ; TIMER_BASE+0x2
ef0394:  2f00                   movel %d0,%sp@-
ef0396:  2f01                   movel %d1,%sp@-
ef0398:  3038 0486              movew 0x486,%d0
ef039c:  06b8 0000 0019 0484    addil #25,0x484                          ; g_nmiclock
ef03a4:  3238 0486              movew 0x486,%d1
ef03a8:  b340                   eorw %d1,%d0
ef03aa:  0800 0009              btst #9,%d0
ef03ae:  6720                   beqs 0xef03d0
ef03b0:  4e7a 1001              movec %dfc,%d1
ef03b4:  7003                   moveq #3,%d0
ef03b6:  4e7b 0001              movec %d0,%dfc
ef03ba:  1038 0482              moveb 0x482,%d0                          ; g_leds
ef03be:  0a00 0008              eorib #8,%d0
ef03c2:  11c0 0482              moveb %d0,0x482                          ; g_leds
ef03c6:  0e38 0800 000b         movesb %d0,0xb
ef03cc:  4e7b 1001              movec %d1,%dfc
ef03d0:  2208                   movel %a0,%d1
ef03d2:  2078 052a              moveal 0x52a,%a0                         ; g_keybzscc
ef03d6:  4a28 0000              tstb %a0@(0)
ef03da:  4e71                   nop
ef03dc:  4e71                   nop
ef03de:  7001                   moveq #1,%d0
ef03e0:  c028 0000              andb %a0@(0),%d0
ef03e4:  6720                   beqs 0xef0406
ef03e6:  4e71                   nop
ef03e8:  4e71                   nop
ef03ea:  1028 0002              moveb %a0@(2),%d0
ef03ee:  2041                   moveal %d1,%a0
ef03f0:  48e7 00c0              moveml %a0-%a1,%sp@-
ef03f4:  2f00                   movel %d0,%sp@-
ef03f6:  4eba 1fa0              jsr %pc@(0xef2398)                       ; sub_ef2398
ef03fa:  588f                   addql #4,%sp
ef03fc:  4cdf 0300              moveml %sp@+,%a0-%a1
ef0400:  4a80                   tstl %d0
ef0402:  67cc                   beqs 0xef03d0
ef0404:  6046                   bras 0xef044c                            ; loc_ef044c
ef0406:  2041                   moveal %d1,%a0
ef0408:  4e71                   nop
ef040a:  4a38 05b4              tstb 0x5b4                               ; g_insource
ef040e:  6736                   beqs 0xef0446
ef0410:  2208                   movel %a0,%d1
ef0412:  2078 05ac              moveal 0x5ac,%a0
ef0416:  0c38 0001 05b4         cmpib #1,0x5b4                           ; g_insource
ef041c:  6604                   bnes 0xef0422
ef041e:  d0fc 0004              addaw #4,%a0
ef0422:  4a28 0000              tstb %a0@(0)
ef0426:  4e71                   nop
ef0428:  4e71                   nop
ef042a:  117c 0010 0000         moveb #16,%a0@(0)
ef0430:  4e71                   nop
ef0432:  7080                   moveq #-128,%d0
ef0434:  c028 0000              andb %a0@(0),%d0
ef0438:  2041                   moveal %d1,%a0
ef043a:  b038 05b6              cmpb 0x5b6,%d0                           ; g_debounce
ef043e:  6706                   beqs 0xef0446
ef0440:  11c0 05b6              moveb %d0,0x5b6                          ; g_debounce
ef0444:  6706                   beqs 0xef044c                            ; loc_ef044c
ef0446:  221f                   movel %sp@+,%d1
ef0448:  201f                   movel %sp@+,%d0
ef044a:  4e73                   rte

loc_ef044c:
ef044c:  221f                   movel %sp@+,%d1
ef044e:  201f                   movel %sp@+,%d0

_abortent:
ef0450:  3f7c 0081 0006         movew #129,%sp@(6)
ef0456:  6000 fe2c              braw 0xef0284                            ; loc_ef0284

sub_ef045a:
ef045a:  7004                   moveq #4,%d0
ef045c:  2078 052a              moveal 0x52a,%a0                         ; g_keybzscc
ef0460:  4a28 0000              tstb %a0@(0)
ef0464:  4e71                   nop
ef0466:  4e71                   nop
ef0468:  c028 0000              andb %a0@(0),%d0
ef046c:  670a                   beqs 0xef0478
ef046e:  4e71                   nop
ef0470:  116f 0007 0002         moveb %sp@(7),%a0@(2)
ef0476:  7001                   moveq #1,%d0
ef0478:  4e75                   rts

sub_ef047a:
ef047a:  7003                   moveq #3,%d0
ef047c:  4e7b 0000              movec %d0,%sfc
ef0480:  4e7b 0001              movec %d0,%dfc
ef0484:  0e78 0000 000e         movesw 0xe,%d0
ef048a:  72ef                   moveq #-17,%d1
ef048c:  c240                   andw %d0,%d1
ef048e:  0e78 1800 000e         movesw %d1,0xe
ef0494:  31c1 0480              movew %d1,0x480
ef0498:  91c8                   subal %a0,%a0
ef049a:  222f 0004              movel %sp@(4),%d1
ef049e:  e481                   asrl #2,%d1
ef04a0:  6002                   bras 0xef04a4                            ; loc_ef04a4
ef04a2:  20d0                   movel %a0@,%a0@+

loc_ef04a4:
ef04a4:  51c9 fffc              dbf %d1,0xef04a2
ef04a8:  4241                   clrw %d1
ef04aa:  5381                   subql #1,%d1
ef04ac:  64f4                   bccs 0xef04a2
ef04ae:  31c0 0480              movew %d0,0x480
ef04b2:  0e78 0800 000e         movesw %d0,0xe
ef04b8:  4e75                   rts

sub_ef04ba:
ef04ba:  302f 0006              movew %sp@(6),%d0
ef04be:  4e7a 8001              movec %dfc,%a0
ef04c2:  7203                   moveq #3,%d1
ef04c4:  4e7b 1001              movec %d1,%dfc
ef04c8:  0e78 0800 000e         movesw %d0,0xe
ef04ce:  4e7b 8001              movec %a0,%dfc
ef04d2:  4e75                   rts

_set_leds:
ef04d4:  4e7a 8001              movec %dfc,%a0
ef04d8:  7203                   moveq #3,%d1
ef04da:  4e7b 1001              movec %d1,%dfc
ef04de:  102f 0007              moveb %sp@(7),%d0
ef04e2:  11c0 0482              moveb %d0,0x482                          ; g_leds
ef04e6:  0e38 0800 000b         movesb %d0,0xb
ef04ec:  4e7b 8001              movec %a0,%dfc
ef04f0:  4e75                   rts

sub_ef04f2:
ef04f2:  4e70                   reset
ef04f4:  4e75                   rts
ef04f6:  0000                   .word 0x0000                ; pad to a 4-byte function boundary

fn_ef04f8:
ef04f8:  4e56 ffe0              linkw %fp,#-32
ef04fc:  48d7 3080              moveml %d7/%a4-%a5,%sp@
ef0500:  302e 0068              movew %fp@(104),%d0
ef0504:  48c0                   extl %d0
ef0506:  7203                   moveq #3,%d1
ef0508:  b081                   cmpl %d1,%d0
ef050a:  661c                   bnes 0xef0528
ef050c:  08f8 0007 0481         bset #7,0x481
ef0512:  08f8 0005 0481         bset #5,0x481
ef0518:  3f38 0480              movew 0x480,%sp@-
ef051c:  558f                   subql #2,%sp
ef051e:  4eba ff9a              jsr %pc@(0xef04ba)                       ; sub_ef04ba
ef0522:  584f                   addqw #4,%sp
ef0524:  6000 00a0              braw 0xef05c6                            ; loc_ef05c6
ef0528:  4878 000d              pea 0xd
ef052c:  4eba ffa6              jsr %pc@(0xef04d4)                       ; _set_leds
ef0530:  584f                   addqw #4,%sp
ef0532:  42ae 0058              clrl %fp@(88)
ef0536:  42ae 005c              clrl %fp@(92)
ef053a:  6100 03b8              bsrw 0xef08f4                            ; sub_ef08f4
ef053e:  287c 0000 0400         moveal #1024,%a4                         ; gp

loc_ef0544:
ef0544:  220c                   movel %a4,%d1
ef0546:  6708                   beqs 0xef0550
ef0548:  293c 00ef 0284         movel #15663748,%a4@-                    ; loc_ef0284
ef054e:  60f4                   bras 0xef0544                            ; loc_ef0544
ef0550:  28fc 0000 0400         movel #1024,%a4@+                        ; gp
ef0556:  28fc 00ef 0000         movel #15663104,%a4@+
ef055c:  28fc 00ef 0336         movel #15663926,%a4@+
ef0562:  28fc 00ef 0336         movel #15663926,%a4@+
ef0568:  21fc 00ef 038c 007c    movel #15664012,0x7c                     ; _nmi
ef0570:  2a78 0488              moveal 0x488,%a5                         ; g_memorysize

loc_ef0574:
ef0574:  bbfc 0060 0000         cmpal #6291456,%a5
ef057a:  6414                   bccs 0xef0590
ef057c:  4879 8000 0000         pea 0x80000000
ef0582:  4855                   pea %a5@
ef0584:  4eba 04da              jsr %pc@(0xef0a60)                       ; _setpgmap
ef0588:  504f                   addqw #8,%sp
ef058a:  4bed 0800              lea %a5@(2048),%a5
ef058e:  60e4                   bras 0xef0574                            ; loc_ef0574
ef0590:  302e 0068              movew %fp@(104),%d0
ef0594:  48c0                   extl %d0
ef0596:  662e                   bnes 0xef05c6                            ; loc_ef05c6
ef0598:  21fc 00ee c800 05ac    movel #15648768,0x5ac                    ; SERIAL0_BASE
ef05a0:  21fc 00ee c800 05b0    movel #15648768,0x5b0                    ; SERIAL0_BASE
ef05a8:  4878 0001              pea 0x1
ef05ac:  4879 00ee c800         pea 0xeec800                             ; SERIAL0_BASE
ef05b2:  4eba 15b0              jsr %pc@(0xef1b64)                       ; fn_ef1b64
ef05b6:  504f                   addqw #8,%sp
ef05b8:  42a7                   clrl %sp@-
ef05ba:  4879 00ee c804         pea 0xeec804                             ; SERIAL0_BASE+0x4
ef05c0:  4eba 15a2              jsr %pc@(0xef1b64)                       ; fn_ef1b64
ef05c4:  504f                   addqw #8,%sp

loc_ef05c6:
ef05c6:  4878 000c              pea 0xc
ef05ca:  4eba ff08              jsr %pc@(0xef04d4)                       ; _set_leds
ef05ce:  584f                   addqw #4,%sp
ef05d0:  21fc 00ec 0000 05fc    movel #15466496,0x5fc                    ; VIDEOMEM_BASE
ef05d8:  6100 03d8              bsrw 0xef09b2                            ; sub_ef09b2
ef05dc:  11c0 05b8              moveb %d0,0x5b8                          ; g_fbthere
ef05e0:  21fc 0000 1000 064c    movel #4096,0x64c                        ; g_font
ef05e8:  302e 0068              movew %fp@(104),%d0
ef05ec:  48c0                   extl %d0
ef05ee:  6632                   bnes 0xef0622
ef05f0:  4a38 05b8              tstb 0x5b8                               ; g_fbthere
ef05f4:  6720                   beqs 0xef0616
ef05f6:  42a7                   clrl %sp@-
ef05f8:  42a7                   clrl %sp@-
ef05fa:  4eba 2b1c              jsr %pc@(0xef3118)                       ; _finit
ef05fe:  504f                   addqw #8,%sp
ef0600:  4238 05b5              clrb 0x5b5                               ; g_outsink
ef0604:  4878 0001              pea 0x1
ef0608:  4879 00ef 6750         pea 0xef6750
ef060e:  4eba 2c58              jsr %pc@(0xef3268)                       ; _fwritestr
ef0612:  504f                   addqw #8,%sp
ef0614:  6006                   bras 0xef061c                            ; loc_ef061c
ef0616:  7201                   moveq #1,%d1
ef0618:  11c1 05b5              moveb %d1,0x5b5                          ; g_outsink

loc_ef061c:
ef061c:  4eba 099a              jsr %pc@(0xef0fb8)                       ; fn_ef0fb8
ef0620:  6020                   bras 0xef0642                            ; loc_ef0642
ef0622:  4a38 05b8              tstb 0x5b8                               ; g_fbthere
ef0626:  671a                   beqs 0xef0642                            ; loc_ef0642
ef0628:  4879 00ef 667c         pea 0xef667c
ef062e:  6100 0266              bsrw 0xef0896                            ; sub_ef0896
ef0632:  584f                   addqw #4,%sp
ef0634:  2f38 0654              movel 0x654,%sp@-
ef0638:  2f38 0650              movel 0x650,%sp@-
ef063c:  4eba 2ada              jsr %pc@(0xef3118)                       ; _finit
ef0640:  504f                   addqw #8,%sp

loc_ef0642:
ef0642:  08f8 0004 0481         bset #4,0x481
ef0648:  3f38 0480              movew 0x480,%sp@-
ef064c:  558f                   subql #2,%sp
ef064e:  4eba fe6a              jsr %pc@(0xef04ba)                       ; sub_ef04ba
ef0652:  584f                   addqw #4,%sp
ef0654:  302e 0068              movew %fp@(104),%d0
ef0658:  48c0                   extl %d0
ef065a:  7203                   moveq #3,%d1
ef065c:  b081                   cmpl %d1,%d0
ef065e:  6752                   beqs 0xef06b2
ef0660:  4878 000b              pea 0xb
ef0664:  4eba fe6e              jsr %pc@(0xef04d4)                       ; _set_leds
ef0668:  584f                   addqw #4,%sp
ef066a:  33fc ffff 00ee 0002    movew #-1,0xee0002                       ; TIMER_BASE+0x2
ef0672:  33fc ffff 00ee 0002    movew #-1,0xee0002                       ; TIMER_BASE+0x2
ef067a:  33fc ff5f 00ee 0002    movew #-161,0xee0002                     ; TIMER_BASE+0x2
ef0682:  33fc ffef 00ee 0002    movew #-17,0xee0002                      ; TIMER_BASE+0x2
ef068a:  33fc ffe1 00ee 0002    movew #-31,0xee0002                      ; TIMER_BASE+0x2
ef0692:  33fc ffe2 00ee 0002    movew #-30,0xee0002                      ; TIMER_BASE+0x2
ef069a:  33fc ffe3 00ee 0002    movew #-29,0xee0002                      ; TIMER_BASE+0x2
ef06a2:  33fc ffe4 00ee 0002    movew #-28,0xee0002                      ; TIMER_BASE+0x2
ef06aa:  33fc ffe5 00ee 0002    movew #-27,0xee0002                      ; TIMER_BASE+0x2
ef06b2:  33fc ffe1 00ee 0002    movew #-31,0xee0002                      ; TIMER_BASE+0x2
ef06ba:  33fc ff01 00ee 0002    movew #-255,0xee0002                     ; TIMER_BASE+0x2
ef06c2:  33fc 0c22 00ee 0000    movew #3106,0xee0000                     ; TIMER_BASE
ef06ca:  33fc 1e00 00ee 0000    movew #7680,0xee0000                     ; TIMER_BASE
ef06d2:  33fc ff61 00ee 0002    movew #-159,0xee0002                     ; TIMER_BASE+0x2
ef06da:  4238 05b6              clrb 0x5b6                               ; g_debounce
ef06de:  21fc 00ef 038c 007c    movel #15664012,0x7c                     ; _nmi
ef06e6:  08f8 0006 0481         bset #6,0x481
ef06ec:  3f38 0480              movew 0x480,%sp@-
ef06f0:  558f                   subql #2,%sp
ef06f2:  4eba fdc6              jsr %pc@(0xef04ba)                       ; sub_ef04ba
ef06f6:  584f                   addqw #4,%sp
ef06f8:  302e 0068              movew %fp@(104),%d0
ef06fc:  48c0                   extl %d0
ef06fe:  7202                   moveq #2,%d1
ef0700:  b081                   cmpl %d1,%d0
ef0702:  661e                   bnes 0xef0722
ef0704:  0cb8 0060 0000 0488    cmpil #6291456,0x488                     ; g_memorysize
ef070c:  6f08                   bles 0xef0716
ef070e:  203c 0060 0000         movel #6291456,%d0
ef0714:  6004                   bras 0xef071a                            ; loc_ef071a
ef0716:  2038 0488              movel 0x488,%d0                          ; g_memorysize

loc_ef071a:
ef071a:  2f00                   movel %d0,%sp@-
ef071c:  4eba fd5c              jsr %pc@(0xef047a)                       ; sub_ef047a
ef0720:  584f                   addqw #4,%sp
ef0722:  302e 0068              movew %fp@(104),%d0
ef0726:  48c0                   extl %d0
ef0728:  7203                   moveq #3,%d1
ef072a:  b081                   cmpl %d1,%d0
ef072c:  6700 0132              beqw 0xef0860
ef0730:  302e 0068              movew %fp@(104),%d0
ef0734:  48c0                   extl %d0
ef0736:  7202                   moveq #2,%d1
ef0738:  b081                   cmpl %d1,%d0
ef073a:  6700 011e              beqw 0xef085a
ef073e:  302e 0068              movew %fp@(104),%d0
ef0742:  48c0                   extl %d0
ef0744:  7201                   moveq #1,%d1
ef0746:  b081                   cmpl %d1,%d0
ef0748:  6700 0110              beqw 0xef085a
ef074c:  4238 05b4              clrb 0x5b4                               ; g_insource
ef0750:  21fc 00ee c004 052a    movel #15646724,0x52a                    ; KEYBMOUSE_BASE+0x4, g_keybzscc
ef0758:  21fc 0000 053f 0536    movel #1343,0x536
ef0760:  21f8 0536 0532         movel 0x536,0x532                        ; g_keybuf
ef0766:  21fc 0000 0599 053a    movel #1433,0x53a
ef076e:  4238 053e              clrb 0x53e
ef0772:  4238 0530              clrb 0x530
ef0776:  7206                   moveq #6,%d1
ef0778:  11c1 0531              moveb %d1,0x531                          ; g_keybid
ef077c:  42a7                   clrl %sp@-
ef077e:  2f38 052a              movel 0x52a,%sp@-                        ; g_keybzscc
ef0782:  4eba 13e0              jsr %pc@(0xef1b64)                       ; fn_ef1b64
ef0786:  504f                   addqw #8,%sp
ef0788:  2078 052a              moveal 0x52a,%a0                         ; g_keybzscc
ef078c:  720c                   moveq #12,%d1
ef078e:  1081                   moveb %d1,%a0@
ef0790:  7264                   moveq #100,%d1
ef0792:  d3b8 0000              addl %d1,0x0
ef0796:  2078 052a              moveal 0x52a,%a0                         ; g_keybzscc
ef079a:  727e                   moveq #126,%d1
ef079c:  1081                   moveb %d1,%a0@
ef079e:  7264                   moveq #100,%d1
ef07a0:  93b8 0000              subl %d1,0x0
ef07a4:  2078 052a              moveal 0x52a,%a0                         ; g_keybzscc
ef07a8:  720d                   moveq #13,%d1
ef07aa:  1081                   moveb %d1,%a0@
ef07ac:  7264                   moveq #100,%d1
ef07ae:  d3b8 0000              addl %d1,0x0
ef07b2:  2078 052a              moveal 0x52a,%a0                         ; g_keybzscc
ef07b6:  4210                   clrb %a0@
ef07b8:  93b8 0000              subl %d1,0x0
ef07bc:  2d7c 0001 86a0 fffc    movel #100000,%fp@(-4)

loc_ef07c4:
ef07c4:  4878 0001              pea 0x1
ef07c8:  4eba fc90              jsr %pc@(0xef045a)                       ; sub_ef045a
ef07cc:  584f                   addqw #4,%sp
ef07ce:  4a80                   tstl %d0
ef07d0:  660c                   bnes 0xef07de
ef07d2:  53ae fffc              subql #1,%fp@(-4)
ef07d6:  4aae fffc              tstl %fp@(-4)
ef07da:  6d5c                   blts 0xef0838
ef07dc:  60e6                   bras 0xef07c4                            ; loc_ef07c4
ef07de:  2038 0484              movel 0x484,%d0                          ; g_nmiclock
ef07e2:  7e64                   moveq #100,%d7
ef07e4:  d087                   addl %d7,%d0
ef07e6:  2e00                   movel %d0,%d7
ef07e8:  0c38 0006 0531         cmpib #6,0x531                           ; g_keybid
ef07ee:  6742                   beqs 0xef0832
ef07f0:  2d7c 0000 03e8 fffc    movel #1000,%fp@(-4)
ef07f8:  4878 0002              pea 0x2
ef07fc:  4eba fc5c              jsr %pc@(0xef045a)                       ; sub_ef045a
ef0800:  584f                   addqw #4,%sp
ef0802:  4a80                   tstl %d0
ef0804:  660a                   bnes 0xef0810
ef0806:  53ae fffc              subql #1,%fp@(-4)
ef080a:  4aae fffc              tstl %fp@(-4)
ef080e:  6ce8                   bges 0xef07f8
ef0810:  2d7c 0000 03e8 fffc    movel #1000,%fp@(-4)

loc_ef0818:
ef0818:  4878 0003              pea 0x3
ef081c:  4eba fc3c              jsr %pc@(0xef045a)                       ; sub_ef045a
ef0820:  584f                   addqw #4,%sp
ef0822:  4a80                   tstl %d0
ef0824:  6624                   bnes 0xef084a
ef0826:  53ae fffc              subql #1,%fp@(-4)
ef082a:  4aae fffc              tstl %fp@(-4)
ef082e:  6d1a                   blts 0xef084a
ef0830:  60e6                   bras 0xef0818                            ; loc_ef0818
ef0832:  beb8 0484              cmpl 0x484,%d7                           ; g_nmiclock
ef0836:  6eb0                   bgts 0xef07e8
ef0838:  7201                   moveq #1,%d1
ef083a:  11c1 05b4              moveb %d1,0x5b4                          ; g_insource
ef083e:  4879 00ef 6752         pea 0xef6752                             ; "Using RS232 A input.\n"
ef0844:  4eba 180e              jsr %pc@(0xef2054)                       ; _printf
ef0848:  584f                   addqw #4,%sp
ef084a:  4eba 1c5c              jsr %pc@(0xef24a8)                       ; _initgetkey
ef084e:  302e 0068              movew %fp@(104),%d0
ef0852:  48c0                   extl %d0
ef0854:  7203                   moveq #3,%d1
ef0856:  b081                   cmpl %d1,%d0
ef0858:  6706                   beqs 0xef0860
ef085a:  2d78 0488 0048         movel 0x488,%fp@(72)                     ; g_memorysize
ef0860:  203c 00ef 0234         movel #15663668,%d0
ef0866:  0280 0000 7fff         andil #32767,%d0
ef086c:  21c0 05ba              movel %d0,0x5ba                          ; g_resetaddr
ef0870:  2038 05ba              movel 0x5ba,%d0                          ; g_resetaddr
ef0874:  4680                   notl %d0
ef0876:  21c0 05be              movel %d0,0x5be
ef087a:  21fc fe40 0fe0 05c2    movel #-29356064,0x5c2                   ; g_resetmap
ef0882:  2038 05c2              movel 0x5c2,%d0                          ; g_resetmap
ef0886:  4680                   notl %d0
ef0888:  21c0 05c6              movel %d0,0x5c6
ef088c:  4cee 3080 ffe0         moveml %fp@(-32),%d7/%a4-%a5
ef0892:  4e5e                   unlk %fp
ef0894:  4e75                   rts

sub_ef0896:
ef0896:  4e56 fff4              linkw %fp,#-12
ef089a:  2e8d                   movel %a5,%sp@
ef089c:  2a6e 0008              moveal %fp@(8),%a5

loc_ef08a0:
ef08a0:  0c6d 8000 0004         cmpiw #-32768,%a5@(4)
ef08a6:  6744                   beqs 0xef08ec
ef08a8:  2d55 fffc              movel %a5@,%fp@(-4)
ef08ac:  41ed 0006              lea %a5@(6),%a0
ef08b0:  2d50 fff8              movel %a0@,%fp@(-8)

loc_ef08b4:
ef08b4:  202e fffc              movel %fp@(-4),%d0
ef08b8:  b0ad 000a              cmpl %a5@(10),%d0
ef08bc:  6428                   bccs 0xef08e6
ef08be:  2f2e fff8              movel %fp@(-8),%sp@-
ef08c2:  2f00                   movel %d0,%sp@-
ef08c4:  4eba 019a              jsr %pc@(0xef0a60)                       ; _setpgmap
ef08c8:  504f                   addqw #8,%sp
ef08ca:  06ae 0000 0800 fffc    addil #2048,%fp@(-4)
ef08d2:  302d 0004              movew %a5@(4),%d0
ef08d6:  48c0                   extl %d0
ef08d8:  7200                   moveq #0,%d1
ef08da:  322e fffa              movew %fp@(-6),%d1
ef08de:  d280                   addl %d0,%d1
ef08e0:  3d41 fffa              movew %d1,%fp@(-6)
ef08e4:  60ce                   bras 0xef08b4                            ; loc_ef08b4
ef08e6:  720a                   moveq #10,%d1
ef08e8:  dbc1                   addal %d1,%a5
ef08ea:  60b4                   bras 0xef08a0                            ; loc_ef08a0
ef08ec:  2a6e fff4              moveal %fp@(-12),%a5
ef08f0:  4e5e                   unlk %fp
ef08f2:  4e75                   rts

sub_ef08f4:
ef08f4:  4e56 fff8              linkw %fp,#-8
ef08f8:  48d7 2080              moveml %d7/%a5,%sp@
ef08fc:  42a7                   clrl %sp@-
ef08fe:  4eba 0208              jsr %pc@(0xef0b08)                       ; _setusercontext
ef0902:  584f                   addqw #4,%sp
ef0904:  3e3c 00ff              movew #255,%d7
ef0908:  2a7c 00ff 8000         moveal #16744448,%a5                     ; BUSMEM_BASE+0xf8000
ef090e:  1007                   moveb %d7,%d0
ef0910:  5347                   subqw #1,%d7
ef0912:  0280 0000 00ff         andil #255,%d0
ef0918:  2f00                   movel %d0,%sp@-

loc_ef091a:
ef091a:  4855                   pea %a5@
ef091c:  4eba 0188              jsr %pc@(0xef0aa6)                       ; sub_ef0aa6
ef0920:  504f                   addqw #8,%sp
ef0922:  220d                   movel %a5,%d1
ef0924:  671c                   beqs 0xef0942
ef0926:  9bfc 0000 8000         subal #32768,%a5
ef092c:  bbfc 0060 0000         cmpal #6291456,%a5
ef0932:  65da                   bcss 0xef090e
ef0934:  bbfc 00e0 0000         cmpal #14680064,%a5
ef093a:  64d2                   bccs 0xef090e
ef093c:  4878 00ff              pea 0xff
ef0940:  60d8                   bras 0xef091a                            ; loc_ef091a
ef0942:  4878 00ff              pea 0xff
ef0946:  4879 00ea 8000         pea 0xea8000                             ; INVPMEG_BASE
ef094c:  4eba 0158              jsr %pc@(0xef0aa6)                       ; sub_ef0aa6
ef0950:  504f                   addqw #8,%sp
ef0952:  4878 01d5              pea 0x1d5
ef0956:  4878 8100              pea 0xffff8100
ef095a:  4eba 014a              jsr %pc@(0xef0aa6)                       ; sub_ef0aa6
ef095e:  504f                   addqw #8,%sp
ef0960:  4879 fe40 0fe0         pea 0xfe400fe0
ef0966:  4879 00ef 6690         pea 0xef6690
ef096c:  4eba 00f2              jsr %pc@(0xef0a60)                       ; _setpgmap
ef0970:  504f                   addqw #8,%sp
ef0972:  4879 fe40 0fe0         pea 0xfe400fe0
ef0978:  4879 00ef 6e90         pea 0xef6e90
ef097e:  4eba 00e0              jsr %pc@(0xef0a60)                       ; _setpgmap
ef0982:  504f                   addqw #8,%sp
ef0984:  4879 00ef 6690         pea 0xef6690
ef098a:  6100 ff0a              bsrw 0xef0896                            ; sub_ef0896
ef098e:  584f                   addqw #4,%sp
ef0990:  08f8 0007 0481         bset #7,0x481
ef0996:  08f8 0005 0481         bset #5,0x481
ef099c:  3f38 0480              movew 0x480,%sp@-
ef09a0:  558f                   subql #2,%sp
ef09a2:  4eba fb16              jsr %pc@(0xef04ba)                       ; sub_ef04ba
ef09a6:  584f                   addqw #4,%sp
ef09a8:  4cee 2080 fff8         moveml %fp@(-8),%d7/%a5
ef09ae:  4e5e                   unlk %fp
ef09b0:  4e75                   rts

sub_ef09b2:
ef09b2:  4e56 ffec              linkw %fp,#-20
ef09b6:  486e fff0              pea %fp@(-16)
ef09ba:  4eba 1160              jsr %pc@(0xef1b1c)                       ; sub_ef1b1c
ef09be:  584f                   addqw #4,%sp
ef09c0:  4a80                   tstl %d0
ef09c2:  663e                   bnes 0xef0a02
ef09c4:  3d79 00ec 0000 ffee    movew 0xec0000,%fp@(-18)                 ; VIDEOMEM_BASE
ef09cc:  302e ffee              movew %fp@(-18),%d0
ef09d0:  b079 00ec 0000         cmpw 0xec0000,%d0                        ; VIDEOMEM_BASE
ef09d6:  662a                   bnes 0xef0a02
ef09d8:  4640                   notw %d0
ef09da:  33c0 00ec 0000         movew %d0,0xec0000                       ; VIDEOMEM_BASE
ef09e0:  302e ffee              movew %fp@(-18),%d0
ef09e4:  4640                   notw %d0
ef09e6:  b079 00ec 0000         cmpw 0xec0000,%d0                        ; VIDEOMEM_BASE
ef09ec:  6614                   bnes 0xef0a02
ef09ee:  33ee ffee 00ec 0000    movew %fp@(-18),0xec0000                 ; VIDEOMEM_BASE
ef09f6:  302e ffee              movew %fp@(-18),%d0
ef09fa:  b079 00ec 0000         cmpw 0xec0000,%d0                        ; VIDEOMEM_BASE
ef0a00:  6704                   beqs 0xef0a06
ef0a02:  7000                   moveq #0,%d0
ef0a04:  600c                   bras 0xef0a12                            ; loc_ef0a12
ef0a06:  486e fff0              pea %fp@(-16)
ef0a0a:  4eba 1144              jsr %pc@(0xef1b50)                       ; sub_ef1b50
ef0a0e:  584f                   addqw #4,%sp
ef0a10:  7001                   moveq #1,%d0

loc_ef0a12:
ef0a12:  4e5e                   unlk %fp
ef0a14:  4e75                   rts
ef0a16:  0000 8000              orib #0,%d0

_getpgmap:    ; init_scolor: oldpgmap = getpgmap(reg)
ef0a1c:  202f 0004              movel %sp@(4),%d0
ef0a20:  0240 f800              andiw #-2048,%d0
ef0a24:  2040                   moveal %d0,%a0
ef0a26:  4e7a 1000              movec %sfc,%d1
ef0a2a:  43f8 0003              lea 0x3,%a1
ef0a2e:  4e7b 9000              movec %a1,%sfc
ef0a32:  0e90 0000              movesl %a0@,%d0
ef0a36:  4e7b 1000              movec %d1,%sfc
ef0a3a:  4e75                   rts

sub_ef0a3c:
ef0a3c:  202f 0004              movel %sp@(4),%d0
ef0a40:  0240 f800              andiw #-2048,%d0
ef0a44:  5a80                   addql #5,%d0
ef0a46:  2040                   moveal %d0,%a0
ef0a48:  4e7a 1000              movec %sfc,%d1
ef0a4c:  43f8 0003              lea 0x3,%a1
ef0a50:  4e7b 9000              movec %a1,%sfc
ef0a54:  7000                   moveq #0,%d0
ef0a56:  0e10 0000              movesb %a0@,%d0
ef0a5a:  4e7b 1000              movec %d1,%sfc
ef0a5e:  4e75                   rts

_setpgmap:    ; init_scolor: setpgmap(reg, PME_COLOR_*) -- (address, entry)
ef0a60:  202f 0004              movel %sp@(4),%d0
ef0a64:  0240 f800              andiw #-2048,%d0
ef0a68:  2040                   moveal %d0,%a0
ef0a6a:  43f8 0003              lea 0x3,%a1
ef0a6e:  4e7a 0000              movec %sfc,%d0
ef0a72:  4e7b 9000              movec %a1,%sfc
ef0a76:  0e28 1000 0005         movesb %a0@(5),%d1
ef0a7c:  4e7b 0000              movec %d0,%sfc
ef0a80:  202f 0008              movel %sp@(8),%d0
ef0a84:  0c01 00ff              cmpib #-1,%d1
ef0a88:  660a                   bnes 0xef0a94
ef0a8a:  0c80 8000 0000         cmpil #-2147483648,%d0
ef0a90:  6702                   beqs 0xef0a94
ef0a92:  60fd                   bras 0xef0a91
ef0a94:  4e7a 1001              movec %dfc,%d1
ef0a98:  4e7b 9001              movec %a1,%dfc
ef0a9c:  0e90 0800              movesl %d0,%a0@
ef0aa0:  4e7b 1001              movec %d1,%dfc
ef0aa4:  4e75                   rts

sub_ef0aa6:
ef0aa6:  202f 0004              movel %sp@(4),%d0
ef0aaa:  0240 f800              andiw #-2048,%d0
ef0aae:  5a80                   addql #5,%d0
ef0ab0:  2040                   moveal %d0,%a0
ef0ab2:  202f 0008              movel %sp@(8),%d0
ef0ab6:  4e7a 1001              movec %dfc,%d1
ef0aba:  43f8 0003              lea 0x3,%a1
ef0abe:  4e7b 9001              movec %a1,%dfc
ef0ac2:  0e10 0800              movesb %d0,%a0@
ef0ac6:  4e7b 1001              movec %d1,%dfc
ef0aca:  4e75                   rts

_getusercontext:    ; called first by init_scolor (scutils.c), result saved
ef0acc:  4e7a 1000              movec %sfc,%d1
ef0ad0:  43f8 0003              lea 0x3,%a1
ef0ad4:  4e7b 9000              movec %a1,%sfc
ef0ad8:  7000                   moveq #0,%d0
ef0ada:  0e38 0000 0007         movesb 0x7,%d0
ef0ae0:  0200 0007              andib #7,%d0
ef0ae4:  4e7b 1000              movec %d1,%sfc
ef0ae8:  4e75                   rts

_getsupcontext:    ; init_scolor: setusercontext(getsupcontext())
ef0aea:  4e7a 1000              movec %sfc,%d1
ef0aee:  43f8 0003              lea 0x3,%a1
ef0af2:  4e7b 9000              movec %a1,%sfc
ef0af6:  7000                   moveq #0,%d0
ef0af8:  0e38 0000 0006         movesb 0x6,%d0
ef0afe:  0200 0007              andib #7,%d0
ef0b02:  4e7b 1000              movec %d1,%sfc
ef0b06:  4e75                   rts

_setusercontext:    ; init_scolor, and again on the way out
ef0b08:  102f 0007              moveb %sp@(7),%d0
ef0b0c:  4e7a 1001              movec %dfc,%d1
ef0b10:  43f8 0003              lea 0x3,%a1
ef0b14:  4e7b 9001              movec %a1,%dfc
ef0b18:  0e38 0800 0007         movesb %d0,0x7
ef0b1e:  4e7b 1001              movec %d1,%dfc
ef0b22:  4e75                   rts

sub_ef0b24:
ef0b24:  4e7a 1001              movec %dfc,%d1
ef0b28:  102f 0007              moveb %sp@(7),%d0
ef0b2c:  43f8 0003              lea 0x3,%a1
ef0b30:  4e7b 9001              movec %a1,%dfc
ef0b34:  0e38 0800 0006         movesb %d0,0x6
ef0b3a:  4e7b 1001              movec %d1,%dfc
ef0b3e:  4e75                   rts

loc_ef0b40:
ef0b40:  5283                   addql #1,%d3
ef0b42:  203c 0000 c350         movel #50000,%d0
ef0b48:  5380                   subql #1,%d0
ef0b4a:  6600 fffc              bnew 0xef0b48
ef0b4e:  4ed0                   jmp %a0@

loc_ef0b50:
ef0b50:  9dce                   subal %fp,%fp
ef0b52:  74ff                   moveq #-1,%d2
ef0b54:  7600                   moveq #0,%d3
ef0b56:  3e7c 0003              moveaw #3,%sp
ef0b5a:  4e7b f000              movec %sp,%sfc
ef0b5e:  4e7b f001              movec %sp,%dfc

L_ledwalk:    ; LED walk: movew #32767,%d7, then movesb to the LEDs and a 50000-count delay (patched to 2 for simulation; the patch file's comment puts these 4 bytes late)
ef0b62:  3e3c 7fff              movew #32767,%d7
ef0b66:  0e38 7800 000b         movesb %d7,0xb
ef0b6c:  203c 0000 c350         movel #50000,%d0
ef0b72:  5380                   subql #1,%d0
ef0b74:  6600 fffc              bnew 0xef0b72
ef0b78:  e35f                   rolw #1,%d7
ef0b7a:  0c07 00ff              cmpib #-1,%d7
ef0b7e:  6be6                   bmis 0xef0b66
ef0b80:  41fa fffe              lea %pc@(0xef0b80),%a0
ef0b84:  70ee                   moveq #-18,%d0
ef0b86:  0e38 0800 000b         movesb %d0,0xb
ef0b8c:  3e3c 0707              movew #1799,%d7
ef0b90:  0247 0707              andiw #1799,%d7
ef0b94:  0e78 7800 0006         movesw %d7,0x6
ef0b9a:  0e78 0000 0006         movesw 0x6,%d0
ef0ba0:  0240 0707              andiw #1799,%d0
ef0ba4:  b047                   cmpw %d7,%d0
ef0ba6:  56cf ffe8              dbne %d7,0xef0b90
ef0baa:  6706                   beqs 0xef0bb2
ef0bac:  0882 0008              bclr #8,%d2
ef0bb0:  608e                   bras 0xef0b40                            ; loc_ef0b40
ef0bb2:  3e3c 00aa              movew #170,%d7
ef0bb6:  41fa fffe              lea %pc@(0xef0bb6),%a0
ef0bba:  70de                   moveq #-34,%d0
ef0bbc:  0e38 0800 000b         movesb %d0,0xb

loc_ef0bc2:
ef0bc2:  7a07                   moveq #7,%d5
ef0bc4:  0e38 5800 0007         movesb %d5,0x7
ef0bca:  4bf9 0100 0000         lea 0x1000000,%a5
ef0bd0:  9bfc 0000 8000         subal #32768,%a5
ef0bd6:  0e2d 7800 0005         movesb %d7,%a5@(5)
ef0bdc:  200d                   movel %a5,%d0
ef0bde:  66f0                   bnes 0xef0bd0
ef0be0:  51cd ffe2              dbf %d5,0xef0bc4
ef0be4:  7a07                   moveq #7,%d5
ef0be6:  0e38 5800 0007         movesb %d5,0x7
ef0bec:  4bf9 0100 0000         lea 0x1000000,%a5
ef0bf2:  9bfc 0000 8000         subal #32768,%a5

loc_ef0bf8:
ef0bf8:  0e2d 0000 0005         movesb %a5@(5),%d0
ef0bfe:  be00                   cmpb %d0,%d7
ef0c00:  670e                   beqs 0xef0c10
ef0c02:  5283                   addql #1,%d3
ef0c04:  0882 0009              bclr #9,%d2
ef0c08:  0e2d 7800 0005         movesb %d7,%a5@(5)
ef0c0e:  60e8                   bras 0xef0bf8                            ; loc_ef0bf8
ef0c10:  200d                   movel %a5,%d0
ef0c12:  66de                   bnes 0xef0bf2
ef0c14:  51cd ffd0              dbf %d5,0xef0be6
ef0c18:  0c07 0055              cmpib #85,%d7
ef0c1c:  6706                   beqs 0xef0c24
ef0c1e:  3e3c 0055              movew #85,%d7
ef0c22:  609e                   bras 0xef0bc2                            ; loc_ef0bc2
ef0c24:  41fa fffe              lea %pc@(0xef0c24),%a0
ef0c28:  70dc                   moveq #-36,%d0
ef0c2a:  0e38 0800 000b         movesb %d0,0xb
ef0c30:  3e3c 00ff              movew #255,%d7

loc_ef0c34:
ef0c34:  0e38 7800 0005         movesb %d7,0x5
ef0c3a:  0e38 0000 0005         movesb 0x5,%d0
ef0c40:  b007                   cmpb %d7,%d0
ef0c42:  56cf fff0              dbne %d7,0xef0c34                        ; loc_ef0c34
ef0c46:  6708                   beqs 0xef0c50
ef0c48:  5283                   addql #1,%d3
ef0c4a:  0882 0009              bclr #9,%d2
ef0c4e:  60e4                   bras 0xef0c34                            ; loc_ef0c34
ef0c50:  41fa fffe              lea %pc@(0xef0c50),%a0
ef0c54:  70dd                   moveq #-35,%d0
ef0c56:  0e38 0800 000b         movesb %d0,0xb
ef0c5c:  4247                   clrw %d7
ef0c5e:  7a07                   moveq #7,%d5
ef0c60:  0e38 5800 0007         movesb %d5,0x7
ef0c66:  2e05                   movel %d5,%d7
ef0c68:  4bf9 0100 0000         lea 0x1000000,%a5
ef0c6e:  9bfc 0000 8000         subal #32768,%a5
ef0c74:  0e2d 7800 0005         movesb %d7,%a5@(5)
ef0c7a:  5207                   addqb #1,%d7
ef0c7c:  200d                   movel %a5,%d0
ef0c7e:  66ee                   bnes 0xef0c6e
ef0c80:  51cd ffde              dbf %d5,0xef0c60
ef0c84:  7a07                   moveq #7,%d5
ef0c86:  0e38 5800 0007         movesb %d5,0x7
ef0c8c:  2e05                   movel %d5,%d7
ef0c8e:  4bf9 0100 0000         lea 0x1000000,%a5
ef0c94:  9bfc 0000 8000         subal #32768,%a5
ef0c9a:  0e2d 0000 0005         movesb %a5@(5),%d0
ef0ca0:  be00                   cmpb %d0,%d7
ef0ca2:  660c                   bnes 0xef0cb0
ef0ca4:  5207                   addqb #1,%d7
ef0ca6:  200d                   movel %a5,%d0
ef0ca8:  66ea                   bnes 0xef0c94
ef0caa:  51cd ffda              dbf %d5,0xef0c86
ef0cae:  6008                   bras 0xef0cb8                            ; loc_ef0cb8
ef0cb0:  0882 0009              bclr #9,%d2
ef0cb4:  6000 fe8a              braw 0xef0b40                            ; loc_ef0b40

loc_ef0cb8:
ef0cb8:  7000                   moveq #0,%d0
ef0cba:  0e38 0800 0007         movesb %d0,0x7
ef0cc0:  2a7c 007f 8000         moveal #8355840,%a5
ef0cc6:  3a3c 00ff              movew #255,%d5
ef0cca:  0e2d 5800 0005         movesb %d5,%a5@(5)
ef0cd0:  9bfc 0000 8000         subal #32768,%a5
ef0cd6:  51cd fff2              dbf %d5,0xef0cca
ef0cda:  223c fff0 0fff         movel #-1044481,%d1
ef0ce0:  2e3c 3333 3333         movel #858993459,%d7

loc_ef0ce6:
ef0ce6:  ce81                   andl %d1,%d7
ef0ce8:  41fa fffc              lea %pc@(0xef0ce6),%a0                   ; loc_ef0ce6
ef0cec:  70ce                   moveq #-50,%d0
ef0cee:  0e38 0800 000b         movesb %d0,0xb
ef0cf4:  2a3c 0000 0fff         movel #4095,%d5
ef0cfa:  9bcd                   subal %a5,%a5
ef0cfc:  0ead 7800 0000         movesl %d7,%a5@(0)
ef0d02:  dafc 0800              addaw #2048,%a5
ef0d06:  51cd fff4              dbf %d5,0xef0cfc
ef0d0a:  2a3c 0000 0fff         movel #4095,%d5
ef0d10:  9bcd                   subal %a5,%a5

loc_ef0d12:
ef0d12:  0ead 0000 0000         movesl %a5@(0),%d0
ef0d18:  c081                   andl %d1,%d0
ef0d1a:  be80                   cmpl %d0,%d7
ef0d1c:  6612                   bnes 0xef0d30
ef0d1e:  dafc 0800              addaw #2048,%a5
ef0d22:  51cd ffee              dbf %d5,0xef0d12                         ; loc_ef0d12
ef0d26:  0c07 00cc              cmpib #-52,%d7
ef0d2a:  671a                   beqs 0xef0d46
ef0d2c:  4687                   notl %d7
ef0d2e:  60b6                   bras 0xef0ce6                            ; loc_ef0ce6
ef0d30:  5283                   addql #1,%d3
ef0d32:  0882 000a              bclr #10,%d2
ef0d36:  0ead 7800 0000         movesl %d7,%a5@(0)
ef0d3c:  60d4                   bras 0xef0d12                            ; loc_ef0d12
ef0d3e:  0882 000a              bclr #10,%d2
ef0d42:  6000 fdfc              braw 0xef0b40                            ; loc_ef0b40
ef0d46:  41fa fffe              lea %pc@(0xef0d46),%a0
ef0d4a:  70cc                   moveq #-52,%d0
ef0d4c:  0e38 0800 000b         movesb %d0,0xb
ef0d52:  7efe                   moveq #-2,%d7
ef0d54:  7a1f                   moveq #31,%d5

loc_ef0d56:
ef0d56:  0eb8 7800 0000         movesl %d7,0x0
ef0d5c:  0eb8 0000 0000         movesl 0x0,%d0
ef0d62:  bf80                   eorl %d7,%d0
ef0d64:  c081                   andl %d1,%d0
ef0d66:  6708                   beqs 0xef0d70
ef0d68:  5283                   addql #1,%d3
ef0d6a:  0882 000a              bclr #10,%d2
ef0d6e:  60e6                   bras 0xef0d56                            ; loc_ef0d56
ef0d70:  e39f                   roll #1,%d7
ef0d72:  51cd ffe2              dbf %d5,0xef0d56                         ; loc_ef0d56
ef0d76:  4687                   notl %d7
ef0d78:  6ada                   bpls 0xef0d54
ef0d7a:  41fa fffe              lea %pc@(0xef0d7a),%a0
ef0d7e:  70cd                   moveq #-51,%d0
ef0d80:  0e38 0800 000b         movesb %d0,0xb
ef0d86:  2a3c 0000 0fff         movel #4095,%d5
ef0d8c:  9bcd                   subal %a5,%a5
ef0d8e:  0ead 5800 0000         movesl %d5,%a5@(0)
ef0d94:  dafc 0800              addaw #2048,%a5
ef0d98:  51cd fff4              dbf %d5,0xef0d8e
ef0d9c:  2a3c 0000 0fff         movel #4095,%d5
ef0da2:  9bcd                   subal %a5,%a5
ef0da4:  0ead 0000 0000         movesl %a5@(0),%d0
ef0daa:  c081                   andl %d1,%d0
ef0dac:  ba80                   cmpl %d0,%d5
ef0dae:  668e                   bnes 0xef0d3e
ef0db0:  dafc 0800              addaw #2048,%a5
ef0db4:  51cd ffee              dbf %d5,0xef0da4
ef0db8:  41fa fffe              lea %pc@(0xef0db8),%a0
ef0dbc:  70bf                   moveq #-65,%d0
ef0dbe:  0e38 0800 000b         movesb %d0,0xb
ef0dc4:  203c fe40 0fe0         movel #-29356064,%d0
ef0dca:  9bcd                   subal %a5,%a5
ef0dcc:  0ead 0800 0000         movesl %d0,%a5@(0)
ef0dd2:  dafc 0800              addaw #2048,%a5
ef0dd6:  bbfc 0000 8000         cmpal #32768,%a5
ef0ddc:  66ee                   bnes 0xef0dcc
ef0dde:  7006                   moveq #6,%d0
ef0de0:  4e7b 0000              movec %d0,%sfc
ef0de4:  7e00                   moveq #0,%d7
ef0de6:  7000                   moveq #0,%d0
ef0de8:  de80                   addl %d0,%d7
ef0dea:  538d                   subql #1,%a5
ef0dec:  2c0d                   movel %a5,%d6
ef0dee:  6b10                   bmis 0xef0e00

loc_ef0df0:
ef0df0:  0e15 0000              movesb %a5@,%d0
ef0df4:  b015                   cmpb %a5@,%d0
ef0df6:  67f0                   beqs 0xef0de8
ef0df8:  0882 0007              bclr #7,%d2
ef0dfc:  5283                   addql #1,%d3
ef0dfe:  60f0                   bras 0xef0df0                            ; loc_ef0df0
ef0e00:  7003                   moveq #3,%d0
ef0e02:  4e7b 0000              movec %d0,%sfc
ef0e06:  2803                   movel %d3,%d4
ef0e08:  708f                   moveq #-113,%d0
ef0e0a:  0e38 0800 000b         movesb %d0,0xb
ef0e10:  91c8                   subal %a0,%a0
ef0e12:  7e00                   moveq #0,%d7
ef0e14:  9dce                   subal %fp,%fp
ef0e16:  0e2e 7800 0005         movesb %d7,%fp@(5)
ef0e1c:  ddfc 0000 8000         addal #32768,%fp
ef0e22:  5207                   addqb #1,%d7
ef0e24:  0c07 0100              cmpib #0,%d7
ef0e28:  66ec                   bnes 0xef0e16
ef0e2a:  203c fe00 0000         movel #-33554432,%d0
ef0e30:  9bcd                   subal %a5,%a5
ef0e32:  0ead 0800 0000         movesl %d0,%a5@(0)
ef0e38:  2a80                   movel %d0,%a5@
ef0e3a:  b095                   cmpl %a5@,%d0
ef0e3c:  66f4                   bnes 0xef0e32
ef0e3e:  0ead 0800 0000         movesl %d0,%a5@(0)
ef0e44:  2a80                   movel %d0,%a5@
ef0e46:  b095                   cmpl %a5@,%d0
ef0e48:  6602                   bnes 0xef0e4c
ef0e4a:  2e4d                   moveal %a5,%sp
ef0e4c:  5240                   addqw #1,%d0
ef0e4e:  dafc 0800              addaw #2048,%a5
ef0e52:  bdcd                   cmpal %a5,%fp
ef0e54:  66e8                   bnes 0xef0e3e
ef0e56:  2c4f                   moveal %sp,%fp
ef0e58:  dcfc 0800              addaw #2048,%fp
ef0e5c:  2e3c aaaa aaaa         movel #-1431655766,%d7

L_memtest:    ; entry of the destructive main-memory test (skipped by the simulation patch)
ef0e62:  708e                   moveq #-114,%d0
ef0e64:  0e38 0800 000b         movesb %d0,0xb
ef0e6a:  9bcd                   subal %a5,%a5
ef0e6c:  2a0e                   movel %fp,%d5
ef0e6e:  e48d                   lsrl #2,%d5
ef0e70:  6002                   bras 0xef0e74                            ; loc_ef0e74
ef0e72:  2ac7                   movel %d7,%a5@+

loc_ef0e74:
ef0e74:  51cd fffc              dbf %d5,0xef0e72
ef0e78:  4245                   clrw %d5
ef0e7a:  5385                   subql #1,%d5
ef0e7c:  64f4                   bccs 0xef0e72
ef0e7e:  2a3c 0000 0fa0         movel #4000,%d5
ef0e84:  5385                   subql #1,%d5
ef0e86:  6efc                   bgts 0xef0e84
ef0e88:  9bcd                   subal %a5,%a5
ef0e8a:  2a0e                   movel %fp,%d5
ef0e8c:  e48d                   lsrl #2,%d5
ef0e8e:  7000                   moveq #0,%d0
ef0e90:  6002                   bras 0xef0e94                            ; loc_ef0e94
ef0e92:  be9d                   cmpl %a5@+,%d7

loc_ef0e94:
ef0e94:  56cd fffc              dbne %d5,0xef0e92
ef0e98:  6610                   bnes 0xef0eaa
ef0e9a:  4245                   clrw %d5
ef0e9c:  5385                   subql #1,%d5
ef0e9e:  64f2                   bccs 0xef0e92
ef0ea0:  4687                   notl %d7
ef0ea2:  0c07 00aa              cmpib #-86,%d7
ef0ea6:  66c2                   bnes 0xef0e6a
ef0ea8:  6064                   bras 0xef0f0e                            ; loc_ef0f0e
ef0eaa:  40c1                   movew %sr,%d1
ef0eac:  2025                   movel %a5@-,%d0
ef0eae:  be80                   cmpl %d0,%d7
ef0eb0:  662a                   bnes 0xef0edc
ef0eb2:  2015                   movel %a5@,%d0
ef0eb4:  be80                   cmpl %d0,%d7
ef0eb6:  6624                   bnes 0xef0edc
ef0eb8:  3001                   movew %d1,%d0
ef0eba:  721b                   moveq #27,%d1
ef0ebc:  5284                   addql #1,%d4
ef0ebe:  41fa 0004              lea %pc@(0xef0ec4),%a0
ef0ec2:  601e                   bras 0xef0ee2                            ; loc_ef0ee2
ef0ec4:  7472 616e 7369...      .ascii "transient memory [data]\0"
ef0edc:  7219                   moveq #25,%d1
ef0ede:  41fa ffee              lea %pc@(0xef0ece),%a0

loc_ef0ee2:
ef0ee2:  5283                   addql #1,%d3
ef0ee4:  0882 000b              bclr #11,%d2
ef0ee8:  0382                   bclr %d1,%d2
ef0eea:  224d                   moveal %a5,%a1
ef0eec:  2447                   moveal %d7,%a2
ef0eee:  2640                   moveal %d0,%a3
ef0ef0:  200d                   movel %a5,%d0
ef0ef2:  0280 ffff f800         andil #-2048,%d0
ef0ef8:  2e40                   moveal %d0,%sp
ef0efa:  0eaf 0000 0000         movesl %sp@(0),%d0
ef0f00:  0380                   bclr %d1,%d0
ef0f02:  0eaf 0800 0000         movesl %d0,%sp@(0)
ef0f08:  584d                   addqw #4,%a5
ef0f0a:  7000                   moveq #0,%d0
ef0f0c:  6086                   bras 0xef0e94                            ; loc_ef0e94

loc_ef0f0e:
ef0f0e:  708d                   moveq #-115,%d0
ef0f10:  0e38 0800 000b         movesb %d0,0xb
ef0f16:  9bcd                   subal %a5,%a5
ef0f18:  2a0e                   movel %fp,%d5
ef0f1a:  e28d                   lsrl #1,%d5
ef0f1c:  6002                   bras 0xef0f20                            ; loc_ef0f20
ef0f1e:  3ac5                   movew %d5,%a5@+

loc_ef0f20:
ef0f20:  51cd fffc              dbf %d5,0xef0f1e
ef0f24:  4245                   clrw %d5
ef0f26:  5385                   subql #1,%d5
ef0f28:  64f4                   bccs 0xef0f1e
ef0f2a:  2a3c 0000 0fa0         movel #4000,%d5
ef0f30:  5385                   subql #1,%d5
ef0f32:  6efc                   bgts 0xef0f30
ef0f34:  9bcd                   subal %a5,%a5
ef0f36:  2a0e                   movel %fp,%d5
ef0f38:  e28d                   lsrl #1,%d5
ef0f3a:  7000                   moveq #0,%d0
ef0f3c:  6002                   bras 0xef0f40                            ; loc_ef0f40
ef0f3e:  ba5d                   cmpw %a5@+,%d5

loc_ef0f40:
ef0f40:  56cd fffc              dbne %d5,0xef0f3e
ef0f44:  6620                   bnes 0xef0f66
ef0f46:  4245                   clrw %d5
ef0f48:  5385                   subql #1,%d5
ef0f4a:  64f2                   bccs 0xef0f3e
ef0f4c:  6064                   bras 0xef0fb2                            ; loc_ef0fb2
ef0f4e:  7472 616e 7369...      .ascii "transient memory [addr]\0"
ef0f66:  40c1                   movew %sr,%d1
ef0f68:  3025                   movew %a5@-,%d0
ef0f6a:  ba40                   cmpw %d0,%d5
ef0f6c:  6612                   bnes 0xef0f80
ef0f6e:  2015                   movel %a5@,%d0
ef0f70:  ba40                   cmpw %d0,%d5
ef0f72:  660c                   bnes 0xef0f80
ef0f74:  2001                   movel %d1,%d0
ef0f76:  721b                   moveq #27,%d1
ef0f78:  5284                   addql #1,%d4
ef0f7a:  41fa ffd2              lea %pc@(0xef0f4e),%a0
ef0f7e:  6006                   bras 0xef0f86                            ; loc_ef0f86
ef0f80:  721a                   moveq #26,%d1
ef0f82:  41fa ffd4              lea %pc@(0xef0f58),%a0

loc_ef0f86:
ef0f86:  5283                   addql #1,%d3
ef0f88:  0882 000b              bclr #11,%d2
ef0f8c:  0382                   bclr %d1,%d2
ef0f8e:  224d                   moveal %a5,%a1
ef0f90:  2445                   moveal %d5,%a2
ef0f92:  2640                   moveal %d0,%a3
ef0f94:  200d                   movel %a5,%d0
ef0f96:  0280 ffff f800         andil #-2048,%d0
ef0f9c:  2e40                   moveal %d0,%sp
ef0f9e:  0eaf 0000 0000         movesl %sp@(0),%d0
ef0fa4:  0380                   bclr %d1,%d0
ef0fa6:  0eaf 0800 0000         movesl %d0,%sp@(0)
ef0fac:  544d                   addqw #2,%a5
ef0fae:  7000                   moveq #0,%d0
ef0fb0:  608e                   bras 0xef0f40                            ; loc_ef0f40

loc_ef0fb2:
ef0fb2:  4efa f200              jmp %pc@(0xef01b4)                       ; loc_ef01b4
ef0fb6:  0000                   .word 0x0000                ; pad to a 4-byte function boundary

fn_ef0fb8:
ef0fb8:  4e56 ffd8              linkw %fp,#-40
ef0fbc:  2e8d                   movel %a5,%sp@
ef0fbe:  4ab8 04b0              tstl 0x4b0
ef0fc2:  6616                   bnes 0xef0fda
ef0fc4:  4ab8 049c              tstl 0x49c
ef0fc8:  6610                   bnes 0xef0fda
ef0fca:  4ab8 04a0              tstl 0x4a0
ef0fce:  660a                   bnes 0xef0fda
ef0fd0:  4879 00ef 67a0         pea 0xef67a0                             ; "Self Test completed successfully.\n\n"
ef0fd6:  6000 00c0              braw 0xef1098                            ; loc_ef1098
ef0fda:  4879 00ef 67c4         pea 0xef67c4                             ; "Self Test found a problem"
ef0fe0:  4eba 1072              jsr %pc@(0xef2054)                       ; _printf
ef0fe4:  584f                   addqw #4,%sp
ef0fe6:  4ab8 04b0              tstl 0x4b0
ef0fea:  660e                   bnes 0xef0ffa
ef0fec:  4879 00ef 67de         pea 0xef67de
ef0ff2:  4eba 1060              jsr %pc@(0xef2054)                       ; _printf
ef0ff6:  584f                   addqw #4,%sp
ef0ff8:  602a                   bras 0xef1024                            ; loc_ef1024
ef0ffa:  2f38 04b0              movel 0x4b0,%sp@-
ef0ffe:  4879 00ef 67e1         pea 0xef67e1                             ; " in %s\n\n"
ef1004:  4eba 104e              jsr %pc@(0xef2054)                       ; _printf
ef1008:  504f                   addqw #8,%sp
ef100a:  2f38 04bc              movel 0x4bc,%sp@-
ef100e:  2f38 04b4              movel 0x4b4,%sp@-
ef1012:  2f38 04b8              movel 0x4b8,%sp@-
ef1016:  4879 00ef 67ea         pea 0xef67ea                             ; "Wrote %x at address %x, but read %x.\n"
ef101c:  4eba 1036              jsr %pc@(0xef2054)                       ; _printf
ef1020:  4fef 0010              lea %sp@(16),%sp

loc_ef1024:
ef1024:  2f38 049c              movel 0x49c,%sp@-
ef1028:  4879 00ef 6810         pea 0xef6810                             ; "\n%d total error"
ef102e:  4eba 1024              jsr %pc@(0xef2054)                       ; _printf
ef1032:  504f                   addqw #8,%sp
ef1034:  0cb8 0000 0001 049c    cmpil #1,0x49c
ef103c:  670a                   beqs 0xef1048
ef103e:  4878 0073              pea 0x73
ef1042:  4eba 1148              jsr %pc@(0xef218c)                       ; _putchar
ef1046:  584f                   addqw #4,%sp
ef1048:  4ab8 04a0              tstl 0x4a0
ef104c:  6710                   beqs 0xef105e
ef104e:  2f38 04a0              movel 0x4a0,%sp@-
ef1052:  4879 00ef 6820         pea 0xef6820                             ; " (%d transient)"
ef1058:  4eba 0ffa              jsr %pc@(0xef2054)                       ; _printf
ef105c:  504f                   addqw #8,%sp
ef105e:  4879 00ef 6830         pea 0xef6830                             ; ".\nDamage found"
ef1064:  4eba 0fee              jsr %pc@(0xef2054)                       ; _printf
ef1068:  584f                   addqw #4,%sp
ef106a:  2a7c 00ef 6768         moveal #15689576,%a5

loc_ef1070:
ef1070:  4aad 0002              tstl %a5@(2)
ef1074:  671c                   beqs 0xef1092
ef1076:  3015                   movew %a5@,%d0
ef1078:  2238 0498              movel 0x498,%d1
ef107c:  e0a9                   lsrl %d0,%d1
ef107e:  0801 0000              btst #0,%d1
ef1082:  660a                   bnes 0xef108e
ef1084:  2f2d 0002              movel %a5@(2),%sp@-
ef1088:  4eba 0fca              jsr %pc@(0xef2054)                       ; _printf
ef108c:  584f                   addqw #4,%sp
ef108e:  5c8d                   addql #6,%a5
ef1090:  60de                   bras 0xef1070                            ; loc_ef1070
ef1092:  4879 00ef 683f         pea 0xef683f                             ; "\n\n--> Give the above information to your service-person..."

loc_ef1098:
ef1098:  4eba 0fba              jsr %pc@(0xef2054)                       ; _printf
ef109c:  584f                   addqw #4,%sp
ef109e:  486e ffe0              pea %fp@(-32)
ef10a2:  4878 0001              pea 0x1
ef10a6:  4eba 095c              jsr %pc@(0xef1a04)                       ; sub_ef1a04
ef10aa:  504f                   addqw #8,%sp
ef10ac:  7201                   moveq #1,%d1
ef10ae:  b081                   cmpl %d1,%d0
ef10b0:  6608                   bnes 0xef10ba
ef10b2:  0c2e 0002 ffe1         cmpib #2,%fp@(-31)
ef10b8:  670c                   beqs 0xef10c6
ef10ba:  4879 00ef 687a         pea 0xef687a                             ; "ID PROM INVALID\n\n"
ef10c0:  4eba 0f92              jsr %pc@(0xef2054)                       ; _printf
ef10c4:  584f                   addqw #4,%sp
ef10c6:  4a38 05b5              tstb 0x5b5                               ; g_outsink
ef10ca:  660c                   bnes 0xef10d8
ef10cc:  4879 00ef 688c         pea 0xef688c
ef10d2:  4eba 0f80              jsr %pc@(0xef2054)                       ; _printf
ef10d6:  584f                   addqw #4,%sp
ef10d8:  0cb8 0000 0003 069e    cmpil #3,0x69e                           ; g_fbtype
ef10e0:  6608                   bnes 0xef10ea
ef10e2:  203c 00ef 68c2         movel #15689922,%d0
ef10e8:  6006                   bras 0xef10f0                            ; loc_ef10f0
ef10ea:  203c 00ef 68c3         movel #15689923,%d0                      ; "Sun-2/50 or "

loc_ef10f0:
ef10f0:  2f00                   movel %d0,%sp@-
ef10f2:  4879 00ef 688e         pea 0xef688e                             ; "Sun Workstation, Model %sSun-2/160, Sun-2 keyboard\n"
ef10f8:  4eba 0f5a              jsr %pc@(0xef2054)                       ; _printf
ef10fc:  504f                   addqw #8,%sp
ef10fe:  4a38 05b5              tstb 0x5b5                               ; g_outsink
ef1102:  660c                   bnes 0xef1110
ef1104:  4879 00ef 68d0         pea 0xef68d0
ef110a:  4eba 0f48              jsr %pc@(0xef2054)                       ; _printf
ef110e:  584f                   addqw #4,%sp
ef1110:  4879 00ef 6674         pea 0xef6674                             ; _monrev
ef1116:  4879 00ef 68d2         pea 0xef68d2                             ; "ROM %s, "
ef111c:  4eba 0f36              jsr %pc@(0xef2054)                       ; _printf
ef1120:  504f                   addqw #8,%sp
ef1122:  2038 0488              movel 0x488,%d0                          ; g_memorysize
ef1126:  223c 0010 0000         movel #1048576,%d1
ef112c:  4eba 11b0              jsr %pc@(0xef22de)                       ; sub_ef22de
ef1130:  2d40 ffdc              movel %d0,%fp@(-36)
ef1134:  7214                   moveq #20,%d1
ef1136:  e3a8                   lsll %d1,%d0
ef1138:  b0b8 0488              cmpl 0x488,%d0                           ; g_memorysize
ef113c:  660c                   bnes 0xef114a
ef113e:  2f2e ffdc              movel %fp@(-36),%sp@-
ef1142:  4879 00ef 68db         pea 0xef68db                             ; "%dM"
ef1148:  6010                   bras 0xef115a                            ; loc_ef115a
ef114a:  2038 0488              movel 0x488,%d0                          ; g_memorysize
ef114e:  720a                   moveq #10,%d1
ef1150:  e2a8                   lsrl %d1,%d0
ef1152:  2f00                   movel %d0,%sp@-
ef1154:  4879 00ef 68df         pea 0xef68df                             ; "%dK"

loc_ef115a:
ef115a:  4eba 0ef8              jsr %pc@(0xef2054)                       ; _printf
ef115e:  504f                   addqw #8,%sp
ef1160:  4879 00ef 68e3         pea 0xef68e3                             ; "B memory installed\n"
ef1166:  4eba 0eec              jsr %pc@(0xef2054)                       ; _printf
ef116a:  584f                   addqw #4,%sp
ef116c:  4a38 05b5              tstb 0x5b5                               ; g_outsink
ef1170:  660c                   bnes 0xef117e
ef1172:  4879 00ef 68f7         pea 0xef68f7
ef1178:  4eba 0eda              jsr %pc@(0xef2054)                       ; _printf
ef117c:  584f                   addqw #4,%sp
ef117e:  7000                   moveq #0,%d0
ef1180:  102e ffe7              moveb %fp@(-25),%d0
ef1184:  2f00                   movel %d0,%sp@-
ef1186:  7000                   moveq #0,%d0
ef1188:  102e ffe6              moveb %fp@(-26),%d0
ef118c:  2f00                   movel %d0,%sp@-
ef118e:  7000                   moveq #0,%d0
ef1190:  102e ffe5              moveb %fp@(-27),%d0
ef1194:  2f00                   movel %d0,%sp@-
ef1196:  7000                   moveq #0,%d0
ef1198:  102e ffe4              moveb %fp@(-28),%d0
ef119c:  2f00                   movel %d0,%sp@-
ef119e:  7000                   moveq #0,%d0
ef11a0:  102e ffe3              moveb %fp@(-29),%d0
ef11a4:  2f00                   movel %d0,%sp@-
ef11a6:  7000                   moveq #0,%d0
ef11a8:  102e ffe2              moveb %fp@(-30),%d0
ef11ac:  2f00                   movel %d0,%sp@-
ef11ae:  202e ffec              movel %fp@(-20),%d0
ef11b2:  e088                   lsrl #8,%d0
ef11b4:  0280 00ff ffff         andil #16777215,%d0                      ; BUSMEM_BASE+0xfffff
ef11ba:  2f00                   movel %d0,%sp@-
ef11bc:  4879 00ef 68f9         pea 0xef68f9                             ; "Serial #%d, Ethernet address %x:%x:%x:%x:%x:%x\n"
ef11c2:  4eba 0e90              jsr %pc@(0xef2054)                       ; _printf
ef11c6:  4fef 0020              lea %sp@(32),%sp
ef11ca:  4a38 05b5              tstb 0x5b5                               ; g_outsink
ef11ce:  6618                   bnes 0xef11e8
ef11d0:  0cb8 0000 0003 0654    cmpil #3,0x654
ef11d8:  6d0e                   blts 0xef11e8
ef11da:  2038 0654              movel 0x654,%d0
ef11de:  5780                   subql #3,%d0
ef11e0:  2f00                   movel %d0,%sp@-
ef11e2:  4eba 2ca4              jsr %pc@(0xef3e88)                       ; sub_ef3e88
ef11e6:  584f                   addqw #4,%sp
ef11e8:  4879 00ef 6929         pea 0xef6929
ef11ee:  4eba 0e64              jsr %pc@(0xef2054)                       ; _printf
ef11f2:  584f                   addqw #4,%sp
ef11f4:  4eba 1512              jsr %pc@(0xef2708)                       ; sub_ef2708
ef11f8:  2a6e ffd8              moveal %fp@(-40),%a5
ef11fc:  4e5e                   unlk %fp
ef11fe:  4e75                   rts

sub_ef1200:
ef1200:  4e56 fff0              linkw %fp,#-16
ef1204:  48d7 00f0              moveml %d4-%d7,%sp@
ef1208:  2e2e 0008              movel %fp@(8),%d7

loc_ef120c:
ef120c:  4eba 0d9c              jsr %pc@(0xef1faa)                       ; _peekchar
ef1210:  1c00                   moveb %d0,%d6
ef1212:  7a20                   moveq #32,%d5
ef1214:  b005                   cmpb %d5,%d0
ef1216:  6606                   bnes 0xef121e
ef1218:  4eba 0d64              jsr %pc@(0xef1f7e)                       ; _getone
ef121c:  60ee                   bras 0xef120c                            ; loc_ef120c
ef121e:  7000                   moveq #0,%d0
ef1220:  1006                   moveb %d6,%d0
ef1222:  2f00                   movel %d0,%sp@-
ef1224:  4eba 0dd6              jsr %pc@(0xef1ffc)                       ; fn_ef1ffc
ef1228:  584f                   addqw #4,%sp
ef122a:  4a80                   tstl %d0
ef122c:  6c00 00cc              bgew 0xef12fa
ef1230:  4879 00ef 6a78         pea 0xef6a78
ef1236:  4eba 0e1c              jsr %pc@(0xef2054)                       ; _printf
ef123a:  584f                   addqw #4,%sp
ef123c:  202e 000c              movel %fp@(12),%d0
ef1240:  7a04                   moveq #4,%d5
ef1242:  b085                   cmpl %d5,%d0
ef1244:  6712                   beqs 0xef1258
ef1246:  7a08                   moveq #8,%d5
ef1248:  b085                   cmpl %d5,%d0
ef124a:  6718                   beqs 0xef1264
ef124c:  2f2e 0010              movel %fp@(16),%sp@-
ef1250:  2f07                   movel %d7,%sp@-
ef1252:  4eba 081c              jsr %pc@(0xef1a70)                       ; sub_ef1a70
ef1256:  6016                   bras 0xef126e                            ; loc_ef126e
ef1258:  2f2e 0010              movel %fp@(16),%sp@-
ef125c:  2f07                   movel %d7,%sp@-
ef125e:  4eba 082c              jsr %pc@(0xef1a8c)                       ; sub_ef1a8c
ef1262:  600a                   bras 0xef126e                            ; loc_ef126e
ef1264:  2f2e 0010              movel %fp@(16),%sp@-
ef1268:  2f07                   movel %d7,%sp@-
ef126a:  4eba 083c              jsr %pc@(0xef1aa8)                       ; sub_ef1aa8

loc_ef126e:
ef126e:  504f                   addqw #8,%sp
ef1270:  2a00                   movel %d0,%d5
ef1272:  2f2e 000c              movel %fp@(12),%sp@-
ef1276:  2f05                   movel %d5,%sp@-
ef1278:  4eba 0ec6              jsr %pc@(0xef2140)                       ; _printhex
ef127c:  504f                   addqw #8,%sp
ef127e:  720d                   moveq #13,%d1
ef1280:  bc01                   cmpb %d1,%d6
ef1282:  6736                   beqs 0xef12ba
ef1284:  4eba 0cf8              jsr %pc@(0xef1f7e)                       ; _getone
ef1288:  4eba 0d20              jsr %pc@(0xef1faa)                       ; _peekchar
ef128c:  1c00                   moveb %d0,%d6
ef128e:  7220                   moveq #32,%d1
ef1290:  b001                   cmpb %d1,%d0
ef1292:  67f0                   beqs 0xef1284
ef1294:  7000                   moveq #0,%d0
ef1296:  1006                   moveb %d6,%d0
ef1298:  2f00                   movel %d0,%sp@-
ef129a:  4eba 0d60              jsr %pc@(0xef1ffc)                       ; fn_ef1ffc
ef129e:  584f                   addqw #4,%sp
ef12a0:  4a80                   tstl %d0
ef12a2:  6c56                   bges 0xef12fa
ef12a4:  4878 000a              pea 0xa
ef12a8:  4eba 0ee2              jsr %pc@(0xef218c)                       ; _putchar
ef12ac:  584f                   addqw #4,%sp
ef12ae:  720d                   moveq #13,%d1
ef12b0:  bc01                   cmpb %d1,%d6
ef12b2:  6738                   beqs 0xef12ec
ef12b4:  7001                   moveq #1,%d0
ef12b6:  6000 00c6              braw 0xef137e                            ; loc_ef137e
ef12ba:  4879 00ef 6a7b         pea 0xef6a7b
ef12c0:  4eba 0d92              jsr %pc@(0xef2054)                       ; _printf
ef12c4:  584f                   addqw #4,%sp
ef12c6:  4878 0001              pea 0x1
ef12ca:  4eba 0c14              jsr %pc@(0xef1ee0)                       ; _getline
ef12ce:  584f                   addqw #4,%sp
ef12d0:  4eba 0cd8              jsr %pc@(0xef1faa)                       ; _peekchar
ef12d4:  1c00                   moveb %d0,%d6
ef12d6:  720d                   moveq #13,%d1
ef12d8:  bc01                   cmpb %d1,%d6
ef12da:  67d8                   beqs 0xef12b4
ef12dc:  7000                   moveq #0,%d0
ef12de:  1006                   moveb %d6,%d0
ef12e0:  2f00                   movel %d0,%sp@-
ef12e2:  4eba 0d18              jsr %pc@(0xef1ffc)                       ; fn_ef1ffc
ef12e6:  584f                   addqw #4,%sp
ef12e8:  4a80                   tstl %d0
ef12ea:  6c06                   bges 0xef12f2
ef12ec:  7000                   moveq #0,%d0
ef12ee:  6000 008e              braw 0xef137e                            ; loc_ef137e
ef12f2:  4eba 0ccc              jsr %pc@(0xef1fc0)                       ; _getnum
ef12f6:  2a00                   movel %d0,%d5
ef12f8:  6044                   bras 0xef133e                            ; loc_ef133e
ef12fa:  4eba 0cc4              jsr %pc@(0xef1fc0)                       ; _getnum
ef12fe:  2a00                   movel %d0,%d5
ef1300:  4879 00ef 6a7e         pea 0xef6a7e                             ; " -> "
ef1306:  4eba 0d4c              jsr %pc@(0xef2054)                       ; _printf
ef130a:  584f                   addqw #4,%sp
ef130c:  2f2e 000c              movel %fp@(12),%sp@-
ef1310:  2f05                   movel %d5,%sp@-
ef1312:  4eba 0e2c              jsr %pc@(0xef2140)                       ; _printhex
ef1316:  504f                   addqw #8,%sp
ef1318:  4878 000a              pea 0xa
ef131c:  4eba 0e6e              jsr %pc@(0xef218c)                       ; _putchar
ef1320:  584f                   addqw #4,%sp

loc_ef1322:
ef1322:  4eba 0c86              jsr %pc@(0xef1faa)                       ; _peekchar
ef1326:  1c00                   moveb %d0,%d6
ef1328:  7820                   moveq #32,%d4
ef132a:  b004                   cmpb %d4,%d0
ef132c:  6606                   bnes 0xef1334
ef132e:  4eba 0c4e              jsr %pc@(0xef1f7e)                       ; _getone
ef1332:  60ee                   bras 0xef1322                            ; loc_ef1322
ef1334:  780d                   moveq #13,%d4
ef1336:  bc04                   cmpb %d4,%d6
ef1338:  6604                   bnes 0xef133e                            ; loc_ef133e
ef133a:  7800                   moveq #0,%d4
ef133c:  6002                   bras 0xef1340                            ; loc_ef1340

loc_ef133e:
ef133e:  7801                   moveq #1,%d4

loc_ef1340:
ef1340:  202e 000c              movel %fp@(12),%d0
ef1344:  7204                   moveq #4,%d1
ef1346:  b081                   cmpl %d1,%d0
ef1348:  6714                   beqs 0xef135e
ef134a:  7208                   moveq #8,%d1
ef134c:  b081                   cmpl %d1,%d0
ef134e:  671c                   beqs 0xef136c
ef1350:  2f05                   movel %d5,%sp@-
ef1352:  2f2e 0010              movel %fp@(16),%sp@-
ef1356:  2f07                   movel %d7,%sp@-
ef1358:  4eba 0768              jsr %pc@(0xef1ac2)                       ; sub_ef1ac2
ef135c:  601a                   bras 0xef1378                            ; loc_ef1378
ef135e:  2f05                   movel %d5,%sp@-
ef1360:  2f2e 0010              movel %fp@(16),%sp@-
ef1364:  2f07                   movel %d7,%sp@-
ef1366:  4eba 0778              jsr %pc@(0xef1ae0)                       ; sub_ef1ae0
ef136a:  600c                   bras 0xef1378                            ; loc_ef1378
ef136c:  2f05                   movel %d5,%sp@-
ef136e:  2f2e 0010              movel %fp@(16),%sp@-
ef1372:  2f07                   movel %d7,%sp@-
ef1374:  4eba 0788              jsr %pc@(0xef1afe)                       ; sub_ef1afe

loc_ef1378:
ef1378:  4fef 000c              lea %sp@(12),%sp
ef137c:  2004                   movel %d4,%d0

loc_ef137e:
ef137e:  4cee 00f0 fff0         moveml %fp@(-16),%d4-%d7
ef1384:  4e5e                   unlk %fp
ef1386:  4e75                   rts

sub_ef1388:
ef1388:  4e56 fff8              linkw %fp,#-8
ef138c:  48d7 3000              moveml %a4-%a5,%sp@
ef1390:  2a6e 000c              moveal %fp@(12),%a5
ef1394:  4eba 0c2a              jsr %pc@(0xef1fc0)                       ; _getnum
ef1398:  720f                   moveq #15,%d1
ef139a:  c081                   andl %d1,%d0
ef139c:  e580                   asll #2,%d0
ef139e:  dbc0                   addal %d0,%a5
ef13a0:  200d                   movel %a5,%d0
ef13a2:  90ae 0008              subl %fp@(8),%d0
ef13a6:  e480                   asrl #2,%d0
ef13a8:  2200                   movel %d0,%d1
ef13aa:  d281                   addl %d1,%d1
ef13ac:  d081                   addl %d1,%d0
ef13ae:  0680 00ef 69fc         addil #15690236,%d0
ef13b4:  2840                   moveal %d0,%a4

loc_ef13b6:
ef13b6:  b9fc 00ef 6a44         cmpal #15690308,%a4                      ; "Love your country, but never trust its government.\n"
ef13bc:  6424                   bccs 0xef13e2
ef13be:  4854                   pea %a4@
ef13c0:  4eba 0c92              jsr %pc@(0xef2054)                       ; _printf
ef13c4:  584f                   addqw #4,%sp
ef13c6:  4878 0005              pea 0x5
ef13ca:  4878 0008              pea 0x8
ef13ce:  4855                   pea %a5@
ef13d0:  6100 fe2e              bsrw 0xef1200                            ; sub_ef1200
ef13d4:  4fef 000c              lea %sp@(12),%sp
ef13d8:  4a80                   tstl %d0
ef13da:  6706                   beqs 0xef13e2
ef13dc:  568c                   addql #3,%a4
ef13de:  588d                   addql #4,%a5
ef13e0:  60d4                   bras 0xef13b6                            ; loc_ef13b6
ef13e2:  4cee 3000 fff8         moveml %fp@(-8),%a4-%a5
ef13e8:  4e5e                   unlk %fp
ef13ea:  4e75                   rts

sub_ef13ec:
ef13ec:  4e56 ffe8              linkw %fp,#-24
ef13f0:  48d7 00f0              moveml %d4-%d7,%sp@
ef13f4:  302e 0062              movew %fp@(98),%d0
ef13f8:  0800 000d              btst #13,%d0
ef13fc:  6704                   beqs 0xef1402
ef13fe:  7a05                   moveq #5,%d5
ef1400:  6002                   bras 0xef1404                            ; loc_ef1404
ef1402:  7a01                   moveq #1,%d5

loc_ef1404:
ef1404:  302e 0068              movew %fp@(104),%d0
ef1408:  48c0                   extl %d0
ef140a:  0c80 0000 00b8         cmpil #184,%d0
ef1410:  6200 01a2              bhiw 0xef15b4                            ; case_ef15b4
ef1414:  41fa 01b2              lea %pc@(0xef15c8),%a0
ef1418:  7208                   moveq #8,%d1
ef141a:  b018                   cmpb %a0@+,%d0
ef141c:  54c9 fffc              dbcc %d1,0xef141a
ef1420:  6600 0192              bnew 0xef15b4                            ; case_ef15b4
ef1424:  d241                   addw %d1,%d1
ef1426:  303b 1006              movew %pc@(0xef142e,%d1:w),%d0
ef142a:  4efb 0002              jmp %pc@(0xef142e,%d0:w)
ef142e:  0078                   .word 0x0078                ; case 0 -> case_ef14a6
ef1430:  0016                   .word 0x0016                ; case 1 -> case_ef1444
ef1432:  0024                   .word 0x0024                ; case 2 -> case_ef1452
ef1434:  005e                   .word 0x005e                ; case 3 -> case_ef148c
ef1436:  00ac                   .word 0x00ac                ; case 4 -> case_ef14da
ef1438:  013a                   .word 0x013a                ; case 5 -> case_ef1568
ef143a:  0186                   .word 0x0186                ; case 6 -> case_ef15b4
ef143c:  009c                   .word 0x009c                ; case 7 -> case_ef14ca
ef143e:  01a4                   .word 0x01a4                ; case 8 -> case_ef15d2
ef1440:  6000 0190              braw 0xef15d2                            ; case_ef15d2

case_ef1444:
ef1444:  4878 ffff              pea 0xffffffff
ef1448:  4eba f08a              jsr %pc@(0xef04d4)                       ; _set_leds
ef144c:  584f                   addqw #4,%sp
ef144e:  6000 0182              braw 0xef15d2                            ; case_ef15d2

case_ef1452:
ef1452:  4878 ffff              pea 0xffffffff
ef1456:  4eba f07c              jsr %pc@(0xef04d4)                       ; _set_leds
ef145a:  584f                   addqw #4,%sp

loc_ef145c:
ef145c:  4879 00ef 69ac         pea 0xef69ac
ef1462:  4eba f432              jsr %pc@(0xef0896)                       ; sub_ef0896
ef1466:  584f                   addqw #4,%sp
ef1468:  4879 00ef 69e8         pea 0xef69e8
ef146e:  4eba f426              jsr %pc@(0xef0896)                       ; sub_ef0896
ef1472:  584f                   addqw #4,%sp
ef1474:  2f38 0522              movel 0x522,%sp@-                        ; g_lineptr
ef1478:  4eba 130a              jsr %pc@(0xef2784)                       ; fn_ef2784
ef147c:  584f                   addqw #4,%sp
ef147e:  2c00                   movel %d0,%d6
ef1480:  6f00 0150              blew 0xef15d2                            ; case_ef15d2
ef1484:  2d46 0064              movel %d6,%fp@(100)
ef1488:  6000 0248              braw 0xef16d2                            ; loc_ef16d2

case_ef148c:
ef148c:  4879 00ef 6a83         pea 0xef6a83                             ; "\nWatchdog reset!\n"
ef1492:  4eba 0bc0              jsr %pc@(0xef2054)                       ; _printf
ef1496:  584f                   addqw #4,%sp
ef1498:  4878 ffff              pea 0xffffffff
ef149c:  4eba f036              jsr %pc@(0xef04d4)                       ; _set_leds
ef14a0:  584f                   addqw #4,%sp
ef14a2:  6000 012e              braw 0xef15d2                            ; case_ef15d2

case_ef14a6:
ef14a6:  4878 ffff              pea 0xffffffff
ef14aa:  4eba f028              jsr %pc@(0xef04d4)                       ; _set_leds
ef14ae:  584f                   addqw #4,%sp
ef14b0:  4879 00ef 6a95         pea 0xef6a95                             ; "Auto-boot in progress...\n"
ef14b6:  4eba 0b9c              jsr %pc@(0xef2054)                       ; _printf
ef14ba:  584f                   addqw #4,%sp
ef14bc:  21fc 0000 04d0 0522    movel #1232,0x522                        ; g_linebuf, g_lineptr
ef14c4:  4238 04d0              clrb 0x4d0                               ; g_linebuf
ef14c8:  6092                   bras 0xef145c                            ; loc_ef145c

case_ef14ca:
ef14ca:  4879 00ef 6aaf         pea 0xef6aaf                             ; "\nAbort"
ef14d0:  4eba 0b82              jsr %pc@(0xef2054)                       ; _printf
ef14d4:  584f                   addqw #4,%sp
ef14d6:  6000 00b6              braw 0xef158e                            ; loc_ef158e

case_ef14da:
ef14da:  0838 0007 047f         btst #7,0x47f
ef14e0:  6608                   bnes 0xef14ea
ef14e2:  4879 00ef 6ab6         pea 0xef6ab6                             ; "Invalid Page "
ef14e8:  600e                   bras 0xef14f8                            ; loc_ef14f8
ef14ea:  0838 0003 047f         btst #3,0x47f
ef14f0:  670c                   beqs 0xef14fe
ef14f2:  4879 00ef 6ac4         pea 0xef6ac4                             ; "Protection "

loc_ef14f8:
ef14f8:  4eba 0b5a              jsr %pc@(0xef2054)                       ; _printf
ef14fc:  584f                   addqw #4,%sp
ef14fe:  0838 0006 047f         btst #6,0x47f
ef1504:  670c                   beqs 0xef1512
ef1506:  4879 00ef 6ad0         pea 0xef6ad0                             ; "I/O "
ef150c:  4eba 0b46              jsr %pc@(0xef2054)                       ; _printf
ef1510:  584f                   addqw #4,%sp
ef1512:  0838 0002 047f         btst #2,0x47f
ef1518:  670c                   beqs 0xef1526
ef151a:  4879 00ef 6ad5         pea 0xef6ad5                             ; "Timeout "
ef1520:  4eba 0b32              jsr %pc@(0xef2054)                       ; _printf
ef1524:  584f                   addqw #4,%sp
ef1526:  0838 0001 047f         btst #1,0x47f
ef152c:  6722                   beqs 0xef1550
ef152e:  0838 0000 047f         btst #0,0x47f
ef1534:  660c                   bnes 0xef1542
ef1536:  4879 00ef 6ade         pea 0xef6ade                             ; "Upper Byte "

loc_ef153c:
ef153c:  4eba 0b16              jsr %pc@(0xef2054)                       ; _printf
ef1540:  584f                   addqw #4,%sp
ef1542:  4879 00ef 6aea         pea 0xef6aea                             ; "Parity "
ef1548:  4eba 0b0a              jsr %pc@(0xef2054)                       ; _printf
ef154c:  584f                   addqw #4,%sp
ef154e:  6010                   bras 0xef1560                            ; loc_ef1560
ef1550:  0838 0000 047f         btst #0,0x47f
ef1556:  6708                   beqs 0xef1560                            ; loc_ef1560
ef1558:  4879 00ef 6af2         pea 0xef6af2                             ; "Lower Byte "
ef155e:  60dc                   bras 0xef153c                            ; loc_ef153c

loc_ef1560:
ef1560:  4879 00ef 6afe         pea 0xef6afe                             ; "Bus "
ef1566:  6006                   bras 0xef156e                            ; loc_ef156e

case_ef1568:
ef1568:  4879 00ef 6b03         pea 0xef6b03                             ; "Address "

loc_ef156e:
ef156e:  4eba 0ae4              jsr %pc@(0xef2054)                       ; _printf
ef1572:  584f                   addqw #4,%sp
ef1574:  4879 00ef 6b0c         pea 0xef6b0c                             ; "Error, addr: "
ef157a:  4eba 0ad8              jsr %pc@(0xef2054)                       ; _printf
ef157e:  584f                   addqw #4,%sp
ef1580:  4878 0008              pea 0x8
ef1584:  2f38 040a              movel 0x40a,%sp@-
ef1588:  4eba 0bb6              jsr %pc@(0xef2140)                       ; _printhex

loc_ef158c:
ef158c:  504f                   addqw #8,%sp

loc_ef158e:
ef158e:  4879 00ef 6b1a         pea 0xef6b1a                             ; " at "
ef1594:  4eba 0abe              jsr %pc@(0xef2054)                       ; _printf
ef1598:  584f                   addqw #4,%sp
ef159a:  4878 0006              pea 0x6
ef159e:  2f2e 0064              movel %fp@(100),%sp@-
ef15a2:  4eba 0b9c              jsr %pc@(0xef2140)                       ; _printhex
ef15a6:  504f                   addqw #8,%sp
ef15a8:  4878 000a              pea 0xa
ef15ac:  4eba 0bde              jsr %pc@(0xef218c)                       ; _putchar
ef15b0:  584f                   addqw #4,%sp
ef15b2:  601e                   bras 0xef15d2                            ; case_ef15d2

case_ef15b4:
ef15b4:  302e 0068              movew %fp@(104),%d0
ef15b8:  48c0                   extl %d0
ef15ba:  2f00                   movel %d0,%sp@-
ef15bc:  4879 00ef 6b1f         pea 0xef6b1f                             ; "\nException %x"
ef15c2:  4eba 0a90              jsr %pc@(0xef2054)                       ; _printf
ef15c6:  60c4                   bras 0xef158c                            ; loc_ef158c
ef15c8:  b881                   cmpl %d1,%d4
ef15ca:  240c                   movel %a4,%d2
ef15cc:  0803 0201              btst #1,%d3

case_ef15d2:
ef15d2:  426e 0060              clrw %fp@(96)
ef15d6:  1d78 05a1 fffb         moveb 0x5a1,%fp@(-5)
ef15dc:  7201                   moveq #1,%d1
ef15de:  21c1 059e              movel %d1,0x59e                          ; g_translation

loc_ef15e2:
ef15e2:  4878 003e              pea 0x3e
ef15e6:  4eba 0ba4              jsr %pc@(0xef218c)                       ; _putchar
ef15ea:  584f                   addqw #4,%sp
ef15ec:  4878 0001              pea 0x1
ef15f0:  4eba 08ee              jsr %pc@(0xef1ee0)                       ; _getline
ef15f4:  584f                   addqw #4,%sp
ef15f6:  4eba 0986              jsr %pc@(0xef1f7e)                       ; _getone
ef15fa:  1e00                   moveb %d0,%d7
ef15fc:  6706                   beqs 0xef1604                            ; loc_ef1604
ef15fe:  7230                   moveq #48,%d1
ef1600:  be01                   cmpb %d1,%d7
ef1602:  6df2                   blts 0xef15f6

loc_ef1604:
ef1604:  4eba 09a4              jsr %pc@(0xef1faa)                       ; _peekchar
ef1608:  0c00 0020              cmpib #32,%d0
ef160c:  6606                   bnes 0xef1614
ef160e:  4eba 096e              jsr %pc@(0xef1f7e)                       ; _getone
ef1612:  60f0                   bras 0xef1604                            ; loc_ef1604
ef1614:  4a07                   tstb %d7
ef1616:  67ca                   beqs 0xef15e2                            ; loc_ef15e2
ef1618:  1007                   moveb %d7,%d0
ef161a:  0280 0000 005f         andil #95,%d0
ef1620:  0480 0000 0041         subil #65,%d0
ef1626:  0c80 0000 0014         cmpil #20,%d0
ef162c:  6200 0360              bhiw 0xef198e                            ; case_ef198e
ef1630:  d040                   addw %d0,%d0
ef1632:  303b 0006              movew %pc@(0xef163a,%d0:w),%d0
ef1636:  4efb 0002              jmp %pc@(0xef163a,%d0:w)
ef163a:  002a                   .word 0x002a                ; case 0 -> case_ef1664
ef163c:  0032                   .word 0x0032                ; case 1 -> case_ef166c
ef163e:  007a                   .word 0x007a                ; case 2 -> case_ef16b4
ef1640:  00ae                   .word 0x00ae                ; case 3 -> case_ef16e8
ef1642:  00b6                   .word 0x00b6                ; case 4 -> case_ef16f0
ef1644:  0354                   .word 0x0354                ; case 5 -> case_ef198e
ef1646:  00e8                   .word 0x00e8                ; case 6 -> case_ef1722
ef1648:  0354                   .word 0x0354                ; case 7 -> case_ef198e
ef164a:  0354                   .word 0x0354                ; case 8 -> case_ef198e
ef164c:  0354                   .word 0x0354                ; case 9 -> case_ef198e
ef164e:  0136                   .word 0x0136                ; case 10 -> case_ef1770
ef1650:  019e                   .word 0x019e                ; case 11 -> case_ef17d8
ef1652:  01d0                   .word 0x01d0                ; case 12 -> case_ef180a
ef1654:  0354                   .word 0x0354                ; case 13 -> case_ef198e
ef1656:  023e                   .word 0x023e                ; case 14 -> case_ef1878
ef1658:  0270                   .word 0x0270                ; case 15 -> case_ef18aa
ef165a:  0354                   .word 0x0354                ; case 16 -> case_ef198e
ef165c:  0300                   .word 0x0300                ; case 17 -> case_ef193a
ef165e:  0326                   .word 0x0326                ; case 18 -> case_ef1960
ef1660:  0354                   .word 0x0354                ; case 19 -> case_ef198e
ef1662:  034c                   .word 0x034c                ; case 20 -> case_ef1986

case_ef1664:
ef1664:  486e 0028              pea %fp@(40)
ef1668:  6000 02d4              braw 0xef193e                            ; loc_ef193e

case_ef166c:
ef166c:  2078 0526              moveal 0x526,%a0                         ; g_linesize
ef1670:  4228 04d0              clrb %a0@(1232)
ef1674:  4eba 0934              jsr %pc@(0xef1faa)                       ; _peekchar
ef1678:  7221                   moveq #33,%d1
ef167a:  b001                   cmpb %d1,%d0
ef167c:  662e                   bnes 0xef16ac
ef167e:  4eba 08fe              jsr %pc@(0xef1f7e)                       ; _getone
ef1682:  4879 00ef 69ac         pea 0xef69ac
ef1688:  4eba f20c              jsr %pc@(0xef0896)                       ; sub_ef0896
ef168c:  584f                   addqw #4,%sp
ef168e:  4879 00ef 69e8         pea 0xef69e8
ef1694:  4eba f200              jsr %pc@(0xef0896)                       ; sub_ef0896
ef1698:  584f                   addqw #4,%sp
ef169a:  2f38 0522              movel 0x522,%sp@-                        ; g_lineptr
ef169e:  4eba 10e4              jsr %pc@(0xef2784)                       ; fn_ef2784
ef16a2:  584f                   addqw #4,%sp
ef16a4:  2d40 0064              movel %d0,%fp@(100)
ef16a8:  6000 ff38              braw 0xef15e2                            ; loc_ef15e2
ef16ac:  4eba ebb2              jsr %pc@(0xef0260)                       ; sub_ef0260
ef16b0:  6000 ff30              braw 0xef15e2                            ; loc_ef15e2

case_ef16b4:
ef16b4:  4eba 08f4              jsr %pc@(0xef1faa)                       ; _peekchar
ef16b8:  0280 0000 00ff         andil #255,%d0
ef16be:  2f00                   movel %d0,%sp@-
ef16c0:  4eba 093a              jsr %pc@(0xef1ffc)                       ; fn_ef1ffc
ef16c4:  584f                   addqw #4,%sp
ef16c6:  4a80                   tstl %d0
ef16c8:  6d08                   blts 0xef16d2                            ; loc_ef16d2
ef16ca:  4eba 08f4              jsr %pc@(0xef1fc0)                       ; _getnum
ef16ce:  2d40 0064              movel %d0,%fp@(100)

loc_ef16d2:
ef16d2:  102e fffb              moveb %fp@(-5),%d0
ef16d6:  4880                   extw %d0
ef16d8:  48c0                   extl %d0
ef16da:  21c0 059e              movel %d0,0x59e                          ; g_translation
ef16de:  4cee 00f0 ffe8         moveml %fp@(-24),%d4-%d7
ef16e4:  4e5e                   unlk %fp
ef16e6:  4e75                   rts

case_ef16e8:
ef16e8:  486e 0008              pea %fp@(8)
ef16ec:  6000 0250              braw 0xef193e                            ; loc_ef193e

case_ef16f0:
ef16f0:  4eba 08ce              jsr %pc@(0xef1fc0)                       ; _getnum
ef16f4:  0280 00ff fffe         andil #16777214,%d0                      ; BUSMEM_BASE+0xffffe
ef16fa:  2c00                   movel %d0,%d6

loc_ef16fc:
ef16fc:  4878 0006              pea 0x6
ef1700:  2f06                   movel %d6,%sp@-
ef1702:  4eba 0a3c              jsr %pc@(0xef2140)                       ; _printhex
ef1706:  504f                   addqw #8,%sp
ef1708:  2f05                   movel %d5,%sp@-
ef170a:  4878 0004              pea 0x4
ef170e:  2f06                   movel %d6,%sp@-
ef1710:  6100 faee              bsrw 0xef1200                            ; sub_ef1200
ef1714:  4fef 000c              lea %sp@(12),%sp
ef1718:  4a80                   tstl %d0
ef171a:  6700 fec6              beqw 0xef15e2                            ; loc_ef15e2
ef171e:  5486                   addql #2,%d6
ef1720:  60da                   bras 0xef16fc                            ; loc_ef16fc

case_ef1722:
ef1722:  4eba 0886              jsr %pc@(0xef1faa)                       ; _peekchar
ef1726:  0280 0000 00ff         andil #255,%d0
ef172c:  2f00                   movel %d0,%sp@-
ef172e:  4eba 08cc              jsr %pc@(0xef1ffc)                       ; fn_ef1ffc
ef1732:  584f                   addqw #4,%sp
ef1734:  4a80                   tstl %d0
ef1736:  6d0a                   blts 0xef1742
ef1738:  4eba 0886              jsr %pc@(0xef1fc0)                       ; _getnum
ef173c:  2d40 fffc              movel %d0,%fp@(-4)
ef1740:  6006                   bras 0xef1748                            ; loc_ef1748
ef1742:  2d6e 0064 fffc         movel %fp@(100),%fp@(-4)

loc_ef1748:
ef1748:  2078 0526              moveal 0x526,%a0                         ; g_linesize
ef174c:  4228 04d0              clrb %a0@(1232)

loc_ef1750:
ef1750:  4eba 0858              jsr %pc@(0xef1faa)                       ; _peekchar
ef1754:  7220                   moveq #32,%d1
ef1756:  b001                   cmpb %d1,%d0
ef1758:  6606                   bnes 0xef1760
ef175a:  4eba 0822              jsr %pc@(0xef1f7e)                       ; _getone
ef175e:  60f0                   bras 0xef1750                            ; loc_ef1750
ef1760:  2f38 0522              movel 0x522,%sp@-                        ; g_lineptr
ef1764:  206e fffc              moveal %fp@(-4),%a0
ef1768:  4e90                   jsr %a0@
ef176a:  584f                   addqw #4,%sp
ef176c:  6000 fe74              braw 0xef15e2                            ; loc_ef15e2

case_ef1770:
ef1770:  4eba 084e              jsr %pc@(0xef1fc0)                       ; _getnum
ef1774:  4a80                   tstl %d0
ef1776:  6726                   beqs 0xef179e
ef1778:  7201                   moveq #1,%d1
ef177a:  b081                   cmpl %d1,%d0
ef177c:  673e                   beqs 0xef17bc
ef177e:  720b                   moveq #11,%d1
ef1780:  b081                   cmpl %d1,%d0
ef1782:  673c                   beqs 0xef17c0
ef1784:  2078 0522              moveal 0x522,%a0                         ; g_lineptr
ef1788:  0c10 0002              cmpib #2,%a0@
ef178c:  663a                   bnes 0xef17c8
ef178e:  4879 00ef 6a44         pea 0xef6a44                             ; "Love your country, but never trust its government.\n"
ef1794:  4eba 08be              jsr %pc@(0xef2054)                       ; _printf
ef1798:  584f                   addqw #4,%sp
ef179a:  6000 fe46              braw 0xef15e2                            ; loc_ef15e2
ef179e:  4eba ed52              jsr %pc@(0xef04f2)                       ; sub_ef04f2
ef17a2:  4a38 05b8              tstb 0x5b8                               ; g_fbthere
ef17a6:  6700 fe3a              beqw 0xef15e2                            ; loc_ef15e2
ef17aa:  2f38 0654              movel 0x654,%sp@-
ef17ae:  2f38 0650              movel 0x650,%sp@-
ef17b2:  4eba 1964              jsr %pc@(0xef3118)                       ; _finit
ef17b6:  504f                   addqw #8,%sp
ef17b8:  6000 fe28              braw 0xef15e2                            ; loc_ef15e2
ef17bc:  4eba eaac              jsr %pc@(0xef026a)                       ; sub_ef026a
ef17c0:  4eba f7f6              jsr %pc@(0xef0fb8)                       ; fn_ef0fb8
ef17c4:  6000 fe1c              braw 0xef15e2                            ; loc_ef15e2
ef17c8:  33fc ffff 00ee 0002    movew #-1,0xee0002                       ; TIMER_BASE+0x2
ef17d0:  4eba e8fa              jsr %pc@(0xef00cc)                       ; _hardreset
ef17d4:  6000 fe0c              braw 0xef15e2                            ; loc_ef15e2

case_ef17d8:
ef17d8:  4eba 07e6              jsr %pc@(0xef1fc0)                       ; _getnum
ef17dc:  0280 00ff fffe         andil #16777214,%d0                      ; BUSMEM_BASE+0xffffe
ef17e2:  2c00                   movel %d0,%d6

loc_ef17e4:
ef17e4:  4878 0006              pea 0x6
ef17e8:  2f06                   movel %d6,%sp@-
ef17ea:  4eba 0954              jsr %pc@(0xef2140)                       ; _printhex
ef17ee:  504f                   addqw #8,%sp
ef17f0:  2f05                   movel %d5,%sp@-
ef17f2:  4878 0008              pea 0x8
ef17f6:  2f06                   movel %d6,%sp@-
ef17f8:  6100 fa06              bsrw 0xef1200                            ; sub_ef1200
ef17fc:  4fef 000c              lea %sp@(12),%sp
ef1800:  4a80                   tstl %d0
ef1802:  6700 fdde              beqw 0xef15e2                            ; loc_ef15e2
ef1806:  5886                   addql #4,%d6
ef1808:  60da                   bras 0xef17e4                            ; loc_ef17e4

case_ef180a:
ef180a:  7c04                   moveq #4,%d6
ef180c:  ba86                   cmpl %d6,%d5
ef180e:  6d06                   blts 0xef1816
ef1810:  2f2e 0058              movel %fp@(88),%sp@-
ef1814:  6004                   bras 0xef181a                            ; loc_ef181a
ef1816:  2f2e 005c              movel %fp@(92),%sp@-

loc_ef181a:
ef181a:  4eba f2ec              jsr %pc@(0xef0b08)                       ; _setusercontext
ef181e:  584f                   addqw #4,%sp
ef1820:  4eba 079e              jsr %pc@(0xef1fc0)                       ; _getnum
ef1824:  0280 00ff 8000         andil #16744448,%d0                      ; BUSMEM_BASE+0xf8000
ef182a:  2c00                   movel %d0,%d6

loc_ef182c:
ef182c:  0c86 0100 0000         cmpil #16777216,%d6
ef1832:  6c00 0114              bgew 0xef1948
ef1836:  4879 00ef 6b2d         pea 0xef6b2d                             ; "SegMap "
ef183c:  4eba 0816              jsr %pc@(0xef2054)                       ; _printf
ef1840:  584f                   addqw #4,%sp
ef1842:  4878 0006              pea 0x6
ef1846:  2f06                   movel %d6,%sp@-
ef1848:  4eba 08f6              jsr %pc@(0xef2140)                       ; _printhex
ef184c:  504f                   addqw #8,%sp
ef184e:  4878 0003              pea 0x3
ef1852:  4878 0002              pea 0x2
ef1856:  2006                   movel %d6,%d0
ef1858:  0280 ffff f800         andil #-2048,%d0
ef185e:  5a80                   addql #5,%d0
ef1860:  2f00                   movel %d0,%sp@-
ef1862:  6100 f99c              bsrw 0xef1200                            ; sub_ef1200
ef1866:  4fef 000c              lea %sp@(12),%sp
ef186a:  4a80                   tstl %d0
ef186c:  6700 00da              beqw 0xef1948
ef1870:  0686 0000 8000         addil #32768,%d6
ef1876:  60b4                   bras 0xef182c                            ; loc_ef182c

case_ef1878:
ef1878:  4eba 0746              jsr %pc@(0xef1fc0)                       ; _getnum
ef187c:  0280 00ff ffff         andil #16777215,%d0                      ; BUSMEM_BASE+0xfffff
ef1882:  2c00                   movel %d0,%d6

loc_ef1884:
ef1884:  4878 0006              pea 0x6
ef1888:  2f06                   movel %d6,%sp@-
ef188a:  4eba 08b4              jsr %pc@(0xef2140)                       ; _printhex
ef188e:  504f                   addqw #8,%sp
ef1890:  2f05                   movel %d5,%sp@-
ef1892:  4878 0002              pea 0x2
ef1896:  2f06                   movel %d6,%sp@-
ef1898:  6100 f966              bsrw 0xef1200                            ; sub_ef1200
ef189c:  4fef 000c              lea %sp@(12),%sp
ef18a0:  4a80                   tstl %d0
ef18a2:  6700 fd3e              beqw 0xef15e2                            ; loc_ef15e2
ef18a6:  5286                   addql #1,%d6
ef18a8:  60da                   bras 0xef1884                            ; loc_ef1884

case_ef18aa:
ef18aa:  7c04                   moveq #4,%d6
ef18ac:  ba86                   cmpl %d6,%d5
ef18ae:  6d06                   blts 0xef18b6
ef18b0:  2f2e 0058              movel %fp@(88),%sp@-
ef18b4:  6004                   bras 0xef18ba                            ; loc_ef18ba
ef18b6:  2f2e 005c              movel %fp@(92),%sp@-

loc_ef18ba:
ef18ba:  4eba f24c              jsr %pc@(0xef0b08)                       ; _setusercontext
ef18be:  584f                   addqw #4,%sp
ef18c0:  4eba 06fe              jsr %pc@(0xef1fc0)                       ; _getnum
ef18c4:  0280 00ff f800         andil #16775168,%d0                      ; BUSMEM_BASE+0xff800
ef18ca:  2c00                   movel %d0,%d6

loc_ef18cc:
ef18cc:  0c86 0100 0000         cmpil #16777216,%d6
ef18d2:  6c74                   bges 0xef1948
ef18d4:  4879 00ef 6b35         pea 0xef6b35                             ; "PageMap "
ef18da:  4eba 0778              jsr %pc@(0xef2054)                       ; _printf
ef18de:  584f                   addqw #4,%sp
ef18e0:  4878 0006              pea 0x6
ef18e4:  2f06                   movel %d6,%sp@-
ef18e6:  4eba 0858              jsr %pc@(0xef2140)                       ; _printhex
ef18ea:  504f                   addqw #8,%sp
ef18ec:  2f06                   movel %d6,%sp@-
ef18ee:  4eba f14c              jsr %pc@(0xef0a3c)                       ; sub_ef0a3c
ef18f2:  584f                   addqw #4,%sp
ef18f4:  1800                   moveb %d0,%d4
ef18f6:  4879 00ef 6b3e         pea 0xef6b3e
ef18fc:  4eba 0756              jsr %pc@(0xef2054)                       ; _printf
ef1900:  584f                   addqw #4,%sp
ef1902:  4878 0002              pea 0x2
ef1906:  7000                   moveq #0,%d0
ef1908:  1004                   moveb %d4,%d0
ef190a:  2f00                   movel %d0,%sp@-
ef190c:  4eba 0832              jsr %pc@(0xef2140)                       ; _printhex
ef1910:  504f                   addqw #8,%sp
ef1912:  4878 005d              pea 0x5d
ef1916:  4eba 0874              jsr %pc@(0xef218c)                       ; _putchar
ef191a:  584f                   addqw #4,%sp
ef191c:  4878 0003              pea 0x3
ef1920:  4878 0008              pea 0x8
ef1924:  2f06                   movel %d6,%sp@-
ef1926:  6100 f8d8              bsrw 0xef1200                            ; sub_ef1200
ef192a:  4fef 000c              lea %sp@(12),%sp
ef192e:  4a80                   tstl %d0
ef1930:  6716                   beqs 0xef1948
ef1932:  0686 0000 0800         addil #2048,%d6
ef1938:  6092                   bras 0xef18cc                            ; loc_ef18cc

case_ef193a:
ef193a:  486e 0044              pea %fp@(68)

loc_ef193e:
ef193e:  486e 0008              pea %fp@(8)
ef1942:  6100 fa44              bsrw 0xef1388                            ; sub_ef1388
ef1946:  504f                   addqw #8,%sp
ef1948:  2f2e 005c              movel %fp@(92),%sp@-
ef194c:  4eba f1ba              jsr %pc@(0xef0b08)                       ; _setusercontext
ef1950:  584f                   addqw #4,%sp
ef1952:  2f2e 0058              movel %fp@(88),%sp@-
ef1956:  4eba f1cc              jsr %pc@(0xef0b24)                       ; sub_ef0b24
ef195a:  584f                   addqw #4,%sp
ef195c:  6000 fc84              braw 0xef15e2                            ; loc_ef15e2

case_ef1960:
ef1960:  4eba 065e              jsr %pc@(0xef1fc0)                       ; _getnum
ef1964:  2c00                   movel %d0,%d6
ef1966:  670c                   beqs 0xef1974
ef1968:  1006                   moveb %d6,%d0
ef196a:  7a07                   moveq #7,%d5
ef196c:  c085                   andl %d5,%d0
ef196e:  2a00                   movel %d0,%d5
ef1970:  6000 fc70              braw 0xef15e2                            ; loc_ef15e2
ef1974:  2f05                   movel %d5,%sp@-
ef1976:  4879 00ef 6b41         pea 0xef6b41                             ; "FC%x space\n"
ef197c:  4eba 06d6              jsr %pc@(0xef2054)                       ; _printf
ef1980:  504f                   addqw #8,%sp
ef1982:  6000 fc5e              braw 0xef15e2                            ; loc_ef15e2

case_ef1986:
ef1986:  4eba 0216              jsr %pc@(0xef1b9e)                       ; sub_ef1b9e
ef198a:  6000 fc56              braw 0xef15e2                            ; loc_ef15e2

case_ef198e:
ef198e:  4879 00ef 6b4d         pea 0xef6b4d                             ; "What?\n"
ef1994:  4eba 06be              jsr %pc@(0xef2054)                       ; _printf
ef1998:  584f                   addqw #4,%sp
ef199a:  6000 fc46              braw 0xef15e2                            ; loc_ef15e2

_boot_me:
ef199e:  4e56 0000              linkw %fp,#0
ef19a2:  21fc 0000 04d0 0522    movel #1232,0x522                        ; g_linebuf, g_lineptr
ef19aa:  2078 0522              moveal 0x522,%a0                         ; g_lineptr
ef19ae:  52b8 0522              addql #1,0x522                           ; g_lineptr
ef19b2:  226e 0008              moveal %fp@(8),%a1
ef19b6:  52ae 0008              addql #1,%fp@(8)
ef19ba:  1091                   moveb %a1@,%a0@
ef19bc:  66ec                   bnes 0xef19aa
ef19be:  21fc 0000 04d0 0522    movel #1232,0x522                        ; g_linebuf, g_lineptr
ef19c6:  4eba e898              jsr %pc@(0xef0260)                       ; sub_ef0260
ef19ca:  4e5e                   unlk %fp
ef19cc:  4e75                   rts

sub_ef19d0:
ef19d0:  206f 0004              moveal %sp@(4),%a0
ef19d4:  222f 0008              movel %sp@(8),%d1
ef19d8:  2f02                   movel %d2,%sp@-
ef19da:  4e7a 0000              movec %sfc,%d0
ef19de:  243c 0000 0003         movel #3,%d2
ef19e4:  4e7b 2000              movec %d2,%sfc
ef19e8:  43f8 0008              lea 0x8,%a1
ef19ec:  600a                   bras 0xef19f8                            ; loc_ef19f8
ef19ee:  0e11 2000              movesb %a1@,%d2
ef19f2:  10c2                   moveb %d2,%a0@+
ef19f4:  d2fc 0800              addaw #2048,%a1

loc_ef19f8:
ef19f8:  51c9 fff4              dbf %d1,0xef19ee
ef19fc:  4e7b 0000              movec %d0,%sfc
ef1a00:  241f                   movel %sp@+,%d2
ef1a02:  4e75                   rts

sub_ef1a04:
ef1a04:  4e56 fff0              linkw %fp,#-16
ef1a08:  2e8d                   movel %a5,%sp@
ef1a0a:  2a6e 000c              moveal %fp@(12),%a5
ef1a0e:  422e fffb              clrb %fp@(-5)
ef1a12:  4878 0001              pea 0x1
ef1a16:  486e fff7              pea %fp@(-9)
ef1a1a:  4eba ffb4              jsr %pc@(0xef19d0)                       ; sub_ef19d0
ef1a1e:  504f                   addqw #8,%sp
ef1a20:  102e 000b              moveb %fp@(11),%d0
ef1a24:  b02e fff7              cmpb %fp@(-9),%d0
ef1a28:  6638                   bnes 0xef1a62
ef1a2a:  4878 0020              pea 0x20
ef1a2e:  4855                   pea %a5@
ef1a30:  4eba ff9e              jsr %pc@(0xef19d0)                       ; sub_ef19d0
ef1a34:  504f                   addqw #8,%sp
ef1a36:  2d4d fffc              movel %a5,%fp@(-4)
ef1a3a:  426e fff4              clrw %fp@(-12)
ef1a3e:  206e fffc              moveal %fp@(-4),%a0
ef1a42:  1010                   moveb %a0@,%d0
ef1a44:  b12e fffb              eorb %d0,%fp@(-5)
ef1a48:  52ae fffc              addql #1,%fp@(-4)
ef1a4c:  526e fff4              addqw #1,%fp@(-12)
ef1a50:  0c6e 0010 fff4         cmpiw #16,%fp@(-12)
ef1a56:  6de6                   blts 0xef1a3e
ef1a58:  4a2e fffb              tstb %fp@(-5)
ef1a5c:  6704                   beqs 0xef1a62
ef1a5e:  70ff                   moveq #-1,%d0
ef1a60:  6006                   bras 0xef1a68                            ; loc_ef1a68
ef1a62:  7000                   moveq #0,%d0
ef1a64:  102e fff7              moveb %fp@(-9),%d0

loc_ef1a68:
ef1a68:  2a6e fff0              moveal %fp@(-16),%a5
ef1a6c:  4e5e                   unlk %fp
ef1a6e:  4e75                   rts

sub_ef1a70:
ef1a70:  226f 0008              moveal %sp@(8),%a1
ef1a74:  4e7a 1000              movec %sfc,%d1
ef1a78:  4e7b 9000              movec %a1,%sfc
ef1a7c:  206f 0004              moveal %sp@(4),%a0
ef1a80:  7000                   moveq #0,%d0
ef1a82:  0e10 0000              movesb %a0@,%d0
ef1a86:  4e7b 1000              movec %d1,%sfc
ef1a8a:  4e75                   rts

sub_ef1a8c:
ef1a8c:  226f 0008              moveal %sp@(8),%a1
ef1a90:  4e7a 1000              movec %sfc,%d1
ef1a94:  4e7b 9000              movec %a1,%sfc
ef1a98:  206f 0004              moveal %sp@(4),%a0
ef1a9c:  7000                   moveq #0,%d0
ef1a9e:  0e50 0000              movesw %a0@,%d0
ef1aa2:  4e7b 1000              movec %d1,%sfc
ef1aa6:  4e75                   rts

sub_ef1aa8:
ef1aa8:  226f 0008              moveal %sp@(8),%a1
ef1aac:  4e7a 1000              movec %sfc,%d1
ef1ab0:  4e7b 9000              movec %a1,%sfc
ef1ab4:  206f 0004              moveal %sp@(4),%a0
ef1ab8:  0e90 0000              movesl %a0@,%d0
ef1abc:  4e7b 1000              movec %d1,%sfc
ef1ac0:  4e75                   rts

sub_ef1ac2:
ef1ac2:  226f 0008              moveal %sp@(8),%a1
ef1ac6:  4e7a 1001              movec %dfc,%d1
ef1aca:  4e7b 9001              movec %a1,%dfc
ef1ace:  206f 0004              moveal %sp@(4),%a0
ef1ad2:  202f 000c              movel %sp@(12),%d0
ef1ad6:  0e10 0800              movesb %d0,%a0@
ef1ada:  4e7b 1001              movec %d1,%dfc
ef1ade:  4e75                   rts

sub_ef1ae0:
ef1ae0:  226f 0008              moveal %sp@(8),%a1
ef1ae4:  4e7a 1001              movec %dfc,%d1
ef1ae8:  4e7b 9001              movec %a1,%dfc
ef1aec:  206f 0004              moveal %sp@(4),%a0
ef1af0:  202f 000c              movel %sp@(12),%d0
ef1af4:  0e50 0800              movesw %d0,%a0@
ef1af8:  4e7b 1001              movec %d1,%dfc
ef1afc:  4e75                   rts

sub_ef1afe:
ef1afe:  226f 0008              moveal %sp@(8),%a1
ef1b02:  4e7a 1001              movec %dfc,%d1
ef1b06:  4e7b 9001              movec %a1,%dfc
ef1b0a:  206f 0004              moveal %sp@(4),%a0
ef1b0e:  202f 000c              movel %sp@(12),%d0
ef1b12:  0e90 0800              movesl %d0,%a0@
ef1b16:  4e7b 1001              movec %d1,%dfc
ef1b1a:  4e75                   rts

sub_ef1b1c:
ef1b1c:  206f 0004              moveal %sp@(4),%a0
ef1b20:  2097                   movel %sp@,%a0@
ef1b22:  214f 0004              movel %sp,%a0@(4)
ef1b26:  2178 0008 0008         movel 0x8,%a0@(8)
ef1b2c:  2178 048c 000c         movel 0x48c,%a0@(12)
ef1b32:  21c8 048c              movel %a0,0x48c
ef1b36:  21fc 00ef 1b42 0008    movel #15670082,0x8
ef1b3e:  7000                   moveq #0,%d0
ef1b40:  4e75                   rts
ef1b42:  2078 048c              moveal 0x48c,%a0
ef1b46:  2e68 0004              moveal %a0@(4),%sp
ef1b4a:  2e90                   movel %a0@,%sp@
ef1b4c:  7001                   moveq #1,%d0
ef1b4e:  6004                   bras 0xef1b54                            ; loc_ef1b54

sub_ef1b50:
ef1b50:  206f 0004              moveal %sp@(4),%a0

loc_ef1b54:
ef1b54:  21e8 0008 0008         movel %a0@(8),0x8
ef1b5a:  21e8 000c 048c         movel %a0@(12),0x48c
ef1b60:  4e75                   rts
ef1b62:  0000                   .word 0x0000                ; pad to a 4-byte function boundary

fn_ef1b64:
ef1b64:  4e56 fff8              linkw %fp,#-8
ef1b68:  48d7 3000              moveml %a4-%a5,%sp@
ef1b6c:  2a6e 0008              moveal %fp@(8),%a5
ef1b70:  287c 00ef 6bbc         moveal #15690684,%a4
ef1b76:  4a2e 000f              tstb %fp@(15)
ef1b7a:  6602                   bnes 0xef1b7e                            ; loc_ef1b7e
ef1b7c:  588c                   addql #4,%a4

loc_ef1b7e:
ef1b7e:  b9fc 00ef 6bdc         cmpal #15690716,%a4                      ; "u%ci, u%co, ua%x, ub%x, uu%x, u"
ef1b84:  640e                   bccs 0xef1b94
ef1b86:  7264                   moveq #100,%d1
ef1b88:  d3b8 0000              addl %d1,0x0
ef1b8c:  1a9c                   moveb %a4@+,%a5@
ef1b8e:  93b8 0000              subl %d1,0x0
ef1b92:  60ea                   bras 0xef1b7e                            ; loc_ef1b7e
ef1b94:  4cee 3000 fff8         moveml %fp@(-8),%a4-%a5
ef1b9a:  4e5e                   unlk %fp
ef1b9c:  4e75                   rts

sub_ef1b9e:
ef1b9e:  4e56 ffe8              linkw %fp,#-24
ef1ba2:  48d7 20f8              moveml %d3-%d7/%a5,%sp@
ef1ba6:  3a3c 00ff              movew #255,%d5
ef1baa:  7800                   moveq #0,%d4
ef1bac:  7600                   moveq #0,%d3

loc_ef1bae:
ef1bae:  4eba 03ce              jsr %pc@(0xef1f7e)                       ; _getone
ef1bb2:  1e00                   moveb %d0,%d7
ef1bb4:  725f                   moveq #95,%d1
ef1bb6:  c081                   andl %d1,%d0
ef1bb8:  7241                   moveq #65,%d1
ef1bba:  b081                   cmpl %d1,%d0
ef1bbc:  677a                   beqs 0xef1c38
ef1bbe:  7242                   moveq #66,%d1
ef1bc0:  b081                   cmpl %d1,%d0
ef1bc2:  677e                   beqs 0xef1c42
ef1bc4:  724b                   moveq #75,%d1
ef1bc6:  b081                   cmpl %d1,%d0
ef1bc8:  6700 0082              beqw 0xef1c4c
ef1bcc:  7253                   moveq #83,%d1
ef1bce:  b081                   cmpl %d1,%d0
ef1bd0:  6700 0082              beqw 0xef1c54
ef1bd4:  1007                   moveb %d7,%d0
ef1bd6:  725f                   moveq #95,%d1
ef1bd8:  c081                   andl %d1,%d0
ef1bda:  6700 0088              beqw 0xef1c64
ef1bde:  7245                   moveq #69,%d1
ef1be0:  b081                   cmpl %d1,%d0
ef1be2:  6700 018a              beqw 0xef1d6e
ef1be6:  7249                   moveq #73,%d1
ef1be8:  b081                   cmpl %d1,%d0
ef1bea:  6700 0112              beqw 0xef1cfe
ef1bee:  724e                   moveq #78,%d1
ef1bf0:  b081                   cmpl %d1,%d0
ef1bf2:  6700 0152              beqw 0xef1d46
ef1bf6:  724f                   moveq #79,%d1
ef1bf8:  b081                   cmpl %d1,%d0
ef1bfa:  6700 0126              beqw 0xef1d22
ef1bfe:  7252                   moveq #82,%d1
ef1c00:  b081                   cmpl %d1,%d0
ef1c02:  6700 0192              beqw 0xef1d96
ef1c06:  7255                   moveq #85,%d1
ef1c08:  b081                   cmpl %d1,%d0
ef1c0a:  6700 0174              beqw 0xef1d80
ef1c0e:  7230                   moveq #48,%d1
ef1c10:  be01                   cmpb %d1,%d7
ef1c12:  6d00 021e              bltw 0xef1e32                            ; loc_ef1e32
ef1c16:  7239                   moveq #57,%d1
ef1c18:  be01                   cmpb %d1,%d7
ef1c1a:  6e00 0216              bgtw 0xef1e32                            ; loc_ef1e32
ef1c1e:  0c45 00ff              cmpiw #255,%d5
ef1c22:  6608                   bnes 0xef1c2c
ef1c24:  7000                   moveq #0,%d0
ef1c26:  1038 05b4              moveb 0x5b4,%d0                          ; g_insource
ef1c2a:  3a00                   movew %d0,%d5
ef1c2c:  7201                   moveq #1,%d1
ef1c2e:  ba41                   cmpw %d1,%d5
ef1c30:  6c00 018c              bgew 0xef1dbe
ef1c34:  6000 01fc              braw 0xef1e32                            ; loc_ef1e32
ef1c38:  7a01                   moveq #1,%d5
ef1c3a:  7601                   moveq #1,%d3
ef1c3c:  1803                   moveb %d3,%d4
ef1c3e:  6000 ff6e              braw 0xef1bae                            ; loc_ef1bae
ef1c42:  7a02                   moveq #2,%d5
ef1c44:  7601                   moveq #1,%d3
ef1c46:  1803                   moveb %d3,%d4
ef1c48:  6000 ff64              braw 0xef1bae                            ; loc_ef1bae
ef1c4c:  7a00                   moveq #0,%d5
ef1c4e:  7801                   moveq #1,%d4
ef1c50:  6000 ff5c              braw 0xef1bae                            ; loc_ef1bae
ef1c54:  4a38 05b8              tstb 0x5b8                               ; g_fbthere
ef1c58:  6700 01d8              beqw 0xef1e32                            ; loc_ef1e32
ef1c5c:  7a00                   moveq #0,%d5
ef1c5e:  7601                   moveq #1,%d3
ef1c60:  6000 ff4c              braw 0xef1bae                            ; loc_ef1bae
ef1c64:  0c45 00ff              cmpiw #255,%d5
ef1c68:  6716                   beqs 0xef1c80
ef1c6a:  4a04                   tstb %d4
ef1c6c:  6704                   beqs 0xef1c72
ef1c6e:  11c5 05b4              moveb %d5,0x5b4                          ; g_insource
ef1c72:  4a03                   tstb %d3
ef1c74:  6700 01c4              beqw 0xef1e3a                            ; loc_ef1e3a
ef1c78:  11c5 05b5              moveb %d5,0x5b5                          ; g_outsink
ef1c7c:  6000 01bc              braw 0xef1e3a                            ; loc_ef1e3a
ef1c80:  2f38 05ac              movel 0x5ac,%sp@-
ef1c84:  4878 0002              pea 0x2
ef1c88:  6100 01ce              bsrw 0xef1e58                            ; sub_ef1e58
ef1c8c:  584f                   addqw #4,%sp
ef1c8e:  2f00                   movel %d0,%sp@-
ef1c90:  4878 0001              pea 0x1
ef1c94:  6100 01c2              bsrw 0xef1e58                            ; sub_ef1e58
ef1c98:  584f                   addqw #4,%sp
ef1c9a:  2f00                   movel %d0,%sp@-
ef1c9c:  1038 05b5              moveb 0x5b5,%d0                          ; g_outsink
ef1ca0:  0280 0000 00ff         andil #255,%d0
ef1ca6:  2040                   moveal %d0,%a0
ef1ca8:  d1fc 00ef 6b58         addal #15690584,%a0                      ; "sab"
ef1cae:  1010                   moveb %a0@,%d0
ef1cb0:  4880                   extw %d0
ef1cb2:  48c0                   extl %d0
ef1cb4:  2f00                   movel %d0,%sp@-
ef1cb6:  1038 05b4              moveb 0x5b4,%d0                          ; g_insource
ef1cba:  0280 0000 00ff         andil #255,%d0
ef1cc0:  2040                   moveal %d0,%a0
ef1cc2:  d1fc 00ef 6b54         addal #15690580,%a0                      ; "kab"
ef1cc8:  1010                   moveb %a0@,%d0
ef1cca:  4880                   extw %d0
ef1ccc:  48c0                   extl %d0
ef1cce:  2f00                   movel %d0,%sp@-
ef1cd0:  4879 00ef 6bdc         pea 0xef6bdc                             ; "u%ci, u%co, ua%x, ub%x, uu%x, u"
ef1cd6:  4eba 037c              jsr %pc@(0xef2054)                       ; _printf
ef1cda:  4fef 0018              lea %sp@(24),%sp
ef1cde:  4a38 05b7              tstb 0x5b7                               ; g_echo
ef1ce2:  660a                   bnes 0xef1cee
ef1ce4:  4878 006e              pea 0x6e
ef1ce8:  4eba 04a2              jsr %pc@(0xef218c)                       ; _putchar
ef1cec:  584f                   addqw #4,%sp
ef1cee:  4879 00ef 6bfc         pea 0xef6bfc
ef1cf4:  4eba 035e              jsr %pc@(0xef2054)                       ; _printf
ef1cf8:  584f                   addqw #4,%sp
ef1cfa:  6000 013e              braw 0xef1e3a                            ; loc_ef1e3a
ef1cfe:  4a04                   tstb %d4
ef1d00:  6700 0130              beqw 0xef1e32                            ; loc_ef1e32
ef1d04:  11c5 05b4              moveb %d5,0x5b4                          ; g_insource
ef1d08:  4eba 02a0              jsr %pc@(0xef1faa)                       ; _peekchar
ef1d0c:  0280 0000 00ff         andil #255,%d0
ef1d12:  725f                   moveq #95,%d1
ef1d14:  c081                   andl %d1,%d0
ef1d16:  724f                   moveq #79,%d1
ef1d18:  b081                   cmpl %d1,%d0
ef1d1a:  6600 011e              bnew 0xef1e3a                            ; loc_ef1e3a
ef1d1e:  6000 fe8e              braw 0xef1bae                            ; loc_ef1bae
ef1d22:  4a03                   tstb %d3
ef1d24:  6700 010c              beqw 0xef1e32                            ; loc_ef1e32
ef1d28:  11c5 05b5              moveb %d5,0x5b5                          ; g_outsink
ef1d2c:  4eba 027c              jsr %pc@(0xef1faa)                       ; _peekchar
ef1d30:  0280 0000 00ff         andil #255,%d0
ef1d36:  725f                   moveq #95,%d1
ef1d38:  c081                   andl %d1,%d0
ef1d3a:  7249                   moveq #73,%d1
ef1d3c:  b081                   cmpl %d1,%d0
ef1d3e:  6600 00fa              bnew 0xef1e3a                            ; loc_ef1e3a
ef1d42:  6000 fe6a              braw 0xef1bae                            ; loc_ef1bae
ef1d46:  0c45 00ff              cmpiw #255,%d5
ef1d4a:  6600 00e6              bnew 0xef1e32                            ; loc_ef1e32
ef1d4e:  4eba 022e              jsr %pc@(0xef1f7e)                       ; _getone
ef1d52:  0280 0000 00ff         andil #255,%d0
ef1d58:  725f                   moveq #95,%d1
ef1d5a:  c081                   andl %d1,%d0
ef1d5c:  1e00                   moveb %d0,%d7
ef1d5e:  7245                   moveq #69,%d1
ef1d60:  be01                   cmpb %d1,%d7
ef1d62:  6600 00ce              bnew 0xef1e32                            ; loc_ef1e32
ef1d66:  4238 05b7              clrb 0x5b7                               ; g_echo
ef1d6a:  6000 00ce              braw 0xef1e3a                            ; loc_ef1e3a
ef1d6e:  0c45 00ff              cmpiw #255,%d5
ef1d72:  6600 00be              bnew 0xef1e32                            ; loc_ef1e32
ef1d76:  7201                   moveq #1,%d1
ef1d78:  11c1 05b7              moveb %d1,0x5b7                          ; g_echo
ef1d7c:  6000 00bc              braw 0xef1e3a                            ; loc_ef1e3a
ef1d80:  4eba 023e              jsr %pc@(0xef1fc0)                       ; _getnum
ef1d84:  2c00                   movel %d0,%d6
ef1d86:  6700 00b2              beqw 0xef1e3a                            ; loc_ef1e3a
ef1d8a:  21c6 05ac              movel %d6,0x5ac
ef1d8e:  21c6 05b0              movel %d6,0x5b0
ef1d92:  6000 00a6              braw 0xef1e3a                            ; loc_ef1e3a
ef1d96:  0c45 00ff              cmpiw #255,%d5
ef1d9a:  6608                   bnes 0xef1da4
ef1d9c:  7000                   moveq #0,%d0
ef1d9e:  1038 05b4              moveb 0x5b4,%d0                          ; g_insource
ef1da2:  3a00                   movew %d0,%d5
ef1da4:  42a7                   clrl %sp@-
ef1da6:  3005                   movew %d5,%d0
ef1da8:  48c0                   extl %d0
ef1daa:  7202                   moveq #2,%d1
ef1dac:  9280                   subl %d0,%d1
ef1dae:  e581                   asll #2,%d1
ef1db0:  d2b8 05ac              addl 0x5ac,%d1
ef1db4:  2f01                   movel %d1,%sp@-
ef1db6:  6100 fdac              bsrw 0xef1b64                            ; fn_ef1b64
ef1dba:  504f                   addqw #8,%sp
ef1dbc:  607c                   bras 0xef1e3a                            ; loc_ef1e3a
ef1dbe:  53b8 0522              subql #1,0x522                           ; g_lineptr
ef1dc2:  4eba 01fc              jsr %pc@(0xef1fc0)                       ; _getnum
ef1dc6:  2c00                   movel %d0,%d6
ef1dc8:  2a7c 00ef 6b5c         moveal #15690588,%a5

loc_ef1dce:
ef1dce:  2015                   movel %a5@,%d0
ef1dd0:  b086                   cmpl %d6,%d0
ef1dd2:  6708                   beqs 0xef1ddc
ef1dd4:  4a95                   tstl %a5@
ef1dd6:  675a                   beqs 0xef1e32                            ; loc_ef1e32
ef1dd8:  508d                   addql #8,%a5
ef1dda:  60f2                   bras 0xef1dce                            ; loc_ef1dce
ef1ddc:  3005                   movew %d5,%d0
ef1dde:  48c0                   extl %d0
ef1de0:  7202                   moveq #2,%d1
ef1de2:  9280                   subl %d0,%d1
ef1de4:  e581                   asll #2,%d1
ef1de6:  2041                   moveal %d1,%a0
ef1de8:  d1f8 05ac              addal 0x5ac,%a0
ef1dec:  720c                   moveq #12,%d1
ef1dee:  1081                   moveb %d1,%a0@
ef1df0:  3005                   movew %d5,%d0
ef1df2:  48c0                   extl %d0
ef1df4:  7202                   moveq #2,%d1
ef1df6:  9280                   subl %d0,%d1
ef1df8:  e581                   asll #2,%d1
ef1dfa:  2041                   moveal %d1,%a0
ef1dfc:  d1f8 05ac              addal 0x5ac,%a0
ef1e00:  10ad 0007              moveb %a5@(7),%a0@
ef1e04:  3005                   movew %d5,%d0
ef1e06:  48c0                   extl %d0
ef1e08:  7202                   moveq #2,%d1
ef1e0a:  9280                   subl %d0,%d1
ef1e0c:  e581                   asll #2,%d1
ef1e0e:  2041                   moveal %d1,%a0
ef1e10:  d1f8 05ac              addal 0x5ac,%a0
ef1e14:  720d                   moveq #13,%d1
ef1e16:  1081                   moveb %d1,%a0@
ef1e18:  3005                   movew %d5,%d0
ef1e1a:  48c0                   extl %d0
ef1e1c:  7202                   moveq #2,%d1
ef1e1e:  9280                   subl %d0,%d1
ef1e20:  e581                   asll #2,%d1
ef1e22:  2041                   moveal %d1,%a0
ef1e24:  d1f8 05ac              addal 0x5ac,%a0
ef1e28:  202d 0004              movel %a5@(4),%d0
ef1e2c:  e080                   asrl #8,%d0
ef1e2e:  1080                   moveb %d0,%a0@
ef1e30:  6008                   bras 0xef1e3a                            ; loc_ef1e3a

loc_ef1e32:
ef1e32:  4879 00ef 6bff         pea 0xef6bff                             ; "Invalid selection\n"
ef1e38:  600e                   bras 0xef1e48                            ; loc_ef1e48

loc_ef1e3a:
ef1e3a:  4eba 0142              jsr %pc@(0xef1f7e)                       ; _getone
ef1e3e:  4a00                   tstb %d0
ef1e40:  670c                   beqs 0xef1e4e
ef1e42:  4879 00ef 6c12         pea 0xef6c12                             ; "Extra chars in command\n"

loc_ef1e48:
ef1e48:  4eba 020a              jsr %pc@(0xef2054)                       ; _printf
ef1e4c:  584f                   addqw #4,%sp
ef1e4e:  4cee 20f8 ffe8         moveml %fp@(-24),%d3-%d7/%a5
ef1e54:  4e5e                   unlk %fp
ef1e56:  4e75                   rts

sub_ef1e58:
ef1e58:  4e56 fff8              linkw %fp,#-8
ef1e5c:  48d7 2080              moveml %d7/%a5,%sp@
ef1e60:  7002                   moveq #2,%d0
ef1e62:  90ae 0008              subl %fp@(8),%d0
ef1e66:  e580                   asll #2,%d0
ef1e68:  2040                   moveal %d0,%a0
ef1e6a:  d1f8 05ac              addal 0x5ac,%a0
ef1e6e:  7e0c                   moveq #12,%d7
ef1e70:  1087                   moveb %d7,%a0@
ef1e72:  7002                   moveq #2,%d0
ef1e74:  90ae 0008              subl %fp@(8),%d0
ef1e78:  e580                   asll #2,%d0
ef1e7a:  2040                   moveal %d0,%a0
ef1e7c:  d1f8 05ac              addal 0x5ac,%a0
ef1e80:  1010                   moveb %a0@,%d0
ef1e82:  0280 0000 00ff         andil #255,%d0
ef1e88:  2e00                   movel %d0,%d7
ef1e8a:  7002                   moveq #2,%d0
ef1e8c:  90ae 0008              subl %fp@(8),%d0
ef1e90:  e580                   asll #2,%d0
ef1e92:  2040                   moveal %d0,%a0
ef1e94:  d1f8 05ac              addal 0x5ac,%a0
ef1e98:  720d                   moveq #13,%d1
ef1e9a:  1081                   moveb %d1,%a0@
ef1e9c:  7002                   moveq #2,%d0
ef1e9e:  90ae 0008              subl %fp@(8),%d0
ef1ea2:  e580                   asll #2,%d0
ef1ea4:  2040                   moveal %d0,%a0
ef1ea6:  d1f8 05ac              addal 0x5ac,%a0
ef1eaa:  1010                   moveb %a0@,%d0
ef1eac:  0280 0000 00ff         andil #255,%d0
ef1eb2:  e188                   lsll #8,%d0
ef1eb4:  de80                   addl %d0,%d7
ef1eb6:  2a7c 00ef 6b5c         moveal #15690588,%a5

loc_ef1ebc:
ef1ebc:  202d 0004              movel %a5@(4),%d0
ef1ec0:  b087                   cmpl %d7,%d0
ef1ec2:  6604                   bnes 0xef1ec8
ef1ec4:  2015                   movel %a5@,%d0
ef1ec6:  600c                   bras 0xef1ed4                            ; loc_ef1ed4
ef1ec8:  4a95                   tstl %a5@
ef1eca:  6604                   bnes 0xef1ed0
ef1ecc:  2007                   movel %d7,%d0
ef1ece:  6004                   bras 0xef1ed4                            ; loc_ef1ed4
ef1ed0:  508d                   addql #8,%a5
ef1ed2:  60e8                   bras 0xef1ebc                            ; loc_ef1ebc

loc_ef1ed4:
ef1ed4:  4cee 2080 fff8         moveml %fp@(-8),%d7/%a5
ef1eda:  4e5e                   unlk %fp
ef1edc:  4e75                   rts
ef1ede:  0000                   .word 0x0000                ; pad to a 4-byte function boundary

_getline:
ef1ee0:  4e56 fff4              linkw %fp,#-12
ef1ee4:  48d7 20c0              moveml %d6-%d7/%a5,%sp@
ef1ee8:  2a7c 0000 04d0         moveal #1232,%a5                         ; g_linebuf
ef1eee:  7e00                   moveq #0,%d7
ef1ef0:  21cd 0522              movel %a5,0x522                          ; g_lineptr
ef1ef4:  42b8 05d8              clrl 0x5d8
ef1ef8:  4eba 035c              jsr %pc@(0xef2256)                       ; _mayget
ef1efc:  2c00                   movel %d0,%d6
ef1efe:  6ff8                   bles 0xef1ef8
ef1f00:  1006                   moveb %d6,%d0
ef1f02:  1a80                   moveb %d0,%a5@
ef1f04:  0c15 0008              cmpib #8,%a5@
ef1f08:  6706                   beqs 0xef1f10
ef1f0a:  0c15 007f              cmpib #127,%a5@
ef1f0e:  6604                   bnes 0xef1f14
ef1f10:  7c01                   moveq #1,%d6
ef1f12:  602a                   bras 0xef1f3e                            ; loc_ef1f3e
ef1f14:  0c15 0015              cmpib #21,%a5@
ef1f18:  6604                   bnes 0xef1f1e
ef1f1a:  2c07                   movel %d7,%d6
ef1f1c:  6020                   bras 0xef1f3e                            ; loc_ef1f3e
ef1f1e:  4aae 0008              tstl %fp@(8)
ef1f22:  6708                   beqs 0xef1f2c
ef1f24:  2f06                   movel %d6,%sp@-
ef1f26:  4eba 0264              jsr %pc@(0xef218c)                       ; _putchar
ef1f2a:  584f                   addqw #4,%sp
ef1f2c:  0c15 000d              cmpib #13,%a5@
ef1f30:  672a                   beqs 0xef1f5c
ef1f32:  7c50                   moveq #80,%d6
ef1f34:  be86                   cmpl %d6,%d7
ef1f36:  6c04                   bges 0xef1f3c
ef1f38:  528d                   addql #1,%a5
ef1f3a:  5287                   addql #1,%d7
ef1f3c:  7c00                   moveq #0,%d6

loc_ef1f3e:
ef1f3e:  4a87                   tstl %d7
ef1f40:  67b6                   beqs 0xef1ef8
ef1f42:  2006                   movel %d6,%d0
ef1f44:  5386                   subql #1,%d6
ef1f46:  4a80                   tstl %d0
ef1f48:  67ae                   beqs 0xef1ef8
ef1f4a:  538d                   subql #1,%a5
ef1f4c:  5387                   subql #1,%d7
ef1f4e:  4879 00ef 6c2c         pea 0xef6c2c                             ; "\b \b"
ef1f54:  4eba 00fe              jsr %pc@(0xef2054)                       ; _printf
ef1f58:  584f                   addqw #4,%sp
ef1f5a:  60e2                   bras 0xef1f3e                            ; loc_ef1f3e
ef1f5c:  4aae 0008              tstl %fp@(8)
ef1f60:  670a                   beqs 0xef1f6c
ef1f62:  4878 000a              pea 0xa
ef1f66:  4eba 0224              jsr %pc@(0xef218c)                       ; _putchar
ef1f6a:  584f                   addqw #4,%sp
ef1f6c:  528d                   addql #1,%a5
ef1f6e:  4215                   clrb %a5@
ef1f70:  21c7 0526              movel %d7,0x526                          ; g_linesize
ef1f74:  4cee 20c0 fff4         moveml %fp@(-12),%d6-%d7/%a5
ef1f7a:  4e5e                   unlk %fp
ef1f7c:  4e75                   rts

_getone:
ef1f7e:  4e56 0000              linkw %fp,#0
ef1f82:  2078 0522              moveal 0x522,%a0                         ; g_lineptr
ef1f86:  0c10 000d              cmpib #13,%a0@
ef1f8a:  6604                   bnes 0xef1f90
ef1f8c:  7000                   moveq #0,%d0
ef1f8e:  6010                   bras 0xef1fa0                            ; loc_ef1fa0
ef1f90:  2078 0522              moveal 0x522,%a0                         ; g_lineptr
ef1f94:  52b8 0522              addql #1,0x522                           ; g_lineptr
ef1f98:  1010                   moveb %a0@,%d0
ef1f9a:  0280 0000 00ff         andil #255,%d0

loc_ef1fa0:
ef1fa0:  0280 0000 00ff         andil #255,%d0
ef1fa6:  4e5e                   unlk %fp
ef1fa8:  4e75                   rts

_peekchar:
ef1faa:  4e56 0000              linkw %fp,#0
ef1fae:  2078 0522              moveal 0x522,%a0                         ; g_lineptr
ef1fb2:  1010                   moveb %a0@,%d0
ef1fb4:  0280 0000 00ff         andil #255,%d0
ef1fba:  4e5e                   unlk %fp
ef1fbc:  4e75                   rts
ef1fbe:  0000                   .word 0x0000                ; pad to a 4-byte function boundary

_getnum:
ef1fc0:  4e56 fff8              linkw %fp,#-8
ef1fc4:  48d7 00c0              moveml %d6-%d7,%sp@
ef1fc8:  7e00                   moveq #0,%d7

loc_ef1fca:
ef1fca:  4eba ffde              jsr %pc@(0xef1faa)                       ; _peekchar
ef1fce:  0280 0000 00ff         andil #255,%d0
ef1fd4:  2f00                   movel %d0,%sp@-
ef1fd6:  4eba 0024              jsr %pc@(0xef1ffc)                       ; fn_ef1ffc
ef1fda:  584f                   addqw #4,%sp
ef1fdc:  2c00                   movel %d0,%d6
ef1fde:  6d0e                   blts 0xef1fee
ef1fe0:  2007                   movel %d7,%d0
ef1fe2:  e980                   asll #4,%d0
ef1fe4:  8086                   orl %d6,%d0
ef1fe6:  2e00                   movel %d0,%d7
ef1fe8:  4eba ff94              jsr %pc@(0xef1f7e)                       ; _getone
ef1fec:  60dc                   bras 0xef1fca                            ; loc_ef1fca
ef1fee:  2007                   movel %d7,%d0
ef1ff0:  4cee 00c0 fff8         moveml %fp@(-8),%d6-%d7
ef1ff6:  4e5e                   unlk %fp
ef1ff8:  4e75                   rts
ef1ffa:  0000                   .word 0x0000                ; pad to a 4-byte function boundary

fn_ef1ffc:
ef1ffc:  4e56 fffc              linkw %fp,#-4
ef2000:  2e87                   movel %d7,%sp@
ef2002:  1e2e 000b              moveb %fp@(11),%d7
ef2006:  7230                   moveq #48,%d1
ef2008:  be01                   cmpb %d1,%d7
ef200a:  6510                   bcss 0xef201c
ef200c:  7239                   moveq #57,%d1
ef200e:  be01                   cmpb %d1,%d7
ef2010:  620a                   bhis 0xef201c
ef2012:  7000                   moveq #0,%d0
ef2014:  1007                   moveb %d7,%d0
ef2016:  7e30                   moveq #48,%d7
ef2018:  9087                   subl %d7,%d0
ef201a:  602e                   bras 0xef204a                            ; loc_ef204a
ef201c:  7261                   moveq #97,%d1
ef201e:  be01                   cmpb %d1,%d7
ef2020:  6510                   bcss 0xef2032
ef2022:  7266                   moveq #102,%d1
ef2024:  be01                   cmpb %d1,%d7
ef2026:  620a                   bhis 0xef2032
ef2028:  7000                   moveq #0,%d0
ef202a:  1007                   moveb %d7,%d0
ef202c:  7e57                   moveq #87,%d7
ef202e:  9087                   subl %d7,%d0
ef2030:  6018                   bras 0xef204a                            ; loc_ef204a
ef2032:  7241                   moveq #65,%d1
ef2034:  be01                   cmpb %d1,%d7
ef2036:  6510                   bcss 0xef2048
ef2038:  7246                   moveq #70,%d1
ef203a:  be01                   cmpb %d1,%d7
ef203c:  620a                   bhis 0xef2048
ef203e:  7000                   moveq #0,%d0
ef2040:  1007                   moveb %d7,%d0
ef2042:  7e37                   moveq #55,%d7
ef2044:  9087                   subl %d7,%d0
ef2046:  6002                   bras 0xef204a                            ; loc_ef204a
ef2048:  70ff                   moveq #-1,%d0

loc_ef204a:
ef204a:  2e2e fffc              movel %fp@(-4),%d7
ef204e:  4e5e                   unlk %fp
ef2050:  4e75                   rts
ef2052:  0000                   .word 0x0000                ; pad to a 4-byte function boundary

_printf:
ef2054:  4e56 fff0              linkw %fp,#-16
ef2058:  48d7 3880              moveml %d7/%a3-%a5,%sp@
ef205c:  2a6e 0008              moveal %fp@(8),%a5
ef2060:  49ee 000c              lea %fp@(12),%a4

loc_ef2064:
ef2064:  7000                   moveq #0,%d0
ef2066:  101d                   moveb %a5@+,%d0
ef2068:  2e00                   movel %d0,%d7
ef206a:  676c                   beqs 0xef20d8
ef206c:  7225                   moveq #37,%d1
ef206e:  be81                   cmpl %d1,%d7
ef2070:  670a                   beqs 0xef207c
ef2072:  2f07                   movel %d7,%sp@-
ef2074:  4eba 0116              jsr %pc@(0xef218c)                       ; _putchar
ef2078:  584f                   addqw #4,%sp
ef207a:  60e8                   bras 0xef2064                            ; loc_ef2064
ef207c:  7000                   moveq #0,%d0
ef207e:  101d                   moveb %a5@+,%d0
ef2080:  7e63                   moveq #99,%d7
ef2082:  b087                   cmpl %d7,%d0
ef2084:  6716                   beqs 0xef209c
ef2086:  7e64                   moveq #100,%d7
ef2088:  b087                   cmpl %d7,%d0
ef208a:  6734                   beqs 0xef20c0
ef208c:  7e73                   moveq #115,%d7
ef208e:  b087                   cmpl %d7,%d0
ef2090:  671a                   beqs 0xef20ac
ef2092:  7e78                   moveq #120,%d7
ef2094:  b087                   cmpl %d7,%d0
ef2096:  6734                   beqs 0xef20cc

loc_ef2098:
ef2098:  588c                   addql #4,%a4
ef209a:  60c8                   bras 0xef2064                            ; loc_ef2064
ef209c:  7000                   moveq #0,%d0
ef209e:  102c 0003              moveb %a4@(3),%d0
ef20a2:  2f00                   movel %d0,%sp@-
ef20a4:  4eba 00e6              jsr %pc@(0xef218c)                       ; _putchar
ef20a8:  584f                   addqw #4,%sp
ef20aa:  60ec                   bras 0xef2098                            ; loc_ef2098
ef20ac:  2654                   moveal %a4@,%a3

loc_ef20ae:
ef20ae:  7000                   moveq #0,%d0
ef20b0:  101b                   moveb %a3@+,%d0
ef20b2:  2e00                   movel %d0,%d7
ef20b4:  67e2                   beqs 0xef2098                            ; loc_ef2098
ef20b6:  2f07                   movel %d7,%sp@-
ef20b8:  4eba 00d2              jsr %pc@(0xef218c)                       ; _putchar
ef20bc:  584f                   addqw #4,%sp
ef20be:  60ee                   bras 0xef20ae                            ; loc_ef20ae
ef20c0:  4878 000a              pea 0xa
ef20c4:  2f14                   movel %a4@,%sp@-
ef20c6:  611a                   bsrs 0xef20e2                            ; sub_ef20e2
ef20c8:  504f                   addqw #8,%sp
ef20ca:  60cc                   bras 0xef2098                            ; loc_ef2098
ef20cc:  4878 0010              pea 0x10
ef20d0:  2f14                   movel %a4@,%sp@-
ef20d2:  610e                   bsrs 0xef20e2                            ; sub_ef20e2
ef20d4:  504f                   addqw #8,%sp
ef20d6:  60c0                   bras 0xef2098                            ; loc_ef2098
ef20d8:  4cee 3880 fff0         moveml %fp@(-16),%d7/%a3-%a5
ef20de:  4e5e                   unlk %fp
ef20e0:  4e75                   rts

sub_ef20e2:
ef20e2:  4e56 fffc              linkw %fp,#-4
ef20e6:  202e 0008              movel %fp@(8),%d0
ef20ea:  222e 000c              movel %fp@(12),%d1
ef20ee:  4eba 01ee              jsr %pc@(0xef22de)                       ; sub_ef22de
ef20f2:  2d40 fffc              movel %d0,%fp@(-4)
ef20f6:  672a                   beqs 0xef2122
ef20f8:  2f2e 000c              movel %fp@(12),%sp@-
ef20fc:  2f00                   movel %d0,%sp@-
ef20fe:  61e2                   bsrs 0xef20e2                            ; sub_ef20e2
ef2100:  504f                   addqw #8,%sp
ef2102:  0c2e 0010 000f         cmpib #16,%fp@(15)
ef2108:  6608                   bnes 0xef2112
ef210a:  202e fffc              movel %fp@(-4),%d0
ef210e:  e988                   lsll #4,%d0
ef2110:  600c                   bras 0xef211e                            ; loc_ef211e
ef2112:  202e fffc              movel %fp@(-4),%d0
ef2116:  d080                   addl %d0,%d0
ef2118:  2200                   movel %d0,%d1
ef211a:  e589                   lsll #2,%d1
ef211c:  d081                   addl %d1,%d0

loc_ef211e:
ef211e:  91ae 0008              subl %d0,%fp@(8)
ef2122:  206e 0008              moveal %fp@(8),%a0
ef2126:  d1fc 00ef 6c30         addal #15690800,%a0                      ; "0123456789ABCDEF"
ef212c:  1010                   moveb %a0@,%d0
ef212e:  0280 0000 00ff         andil #255,%d0
ef2134:  2f00                   movel %d0,%sp@-
ef2136:  4eba 0054              jsr %pc@(0xef218c)                       ; _putchar
ef213a:  584f                   addqw #4,%sp
ef213c:  4e5e                   unlk %fp
ef213e:  4e75                   rts

_printhex:
ef2140:  4e56 fff8              linkw %fp,#-8
ef2144:  48d7 00c0              moveml %d6-%d7,%sp@
ef2148:  2e2e 0008              movel %fp@(8),%d7
ef214c:  202e 000c              movel %fp@(12),%d0
ef2150:  5380                   subql #1,%d0
ef2152:  7c07                   moveq #7,%d6
ef2154:  c086                   andl %d6,%d0
ef2156:  e580                   asll #2,%d0
ef2158:  2c00                   movel %d0,%d6

loc_ef215a:
ef215a:  4a86                   tstl %d6
ef215c:  6d22                   blts 0xef2180
ef215e:  2007                   movel %d7,%d0
ef2160:  eca0                   asrl %d6,%d0
ef2162:  720f                   moveq #15,%d1
ef2164:  c081                   andl %d1,%d0
ef2166:  2040                   moveal %d0,%a0
ef2168:  d1fc 00ef 6c44         addal #15690820,%a0                      ; "0123456789ABCDEF"
ef216e:  1010                   moveb %a0@,%d0
ef2170:  4880                   extw %d0
ef2172:  48c0                   extl %d0
ef2174:  2f00                   movel %d0,%sp@-
ef2176:  4eba 0014              jsr %pc@(0xef218c)                       ; _putchar
ef217a:  584f                   addqw #4,%sp
ef217c:  5986                   subql #4,%d6
ef217e:  60da                   bras 0xef215a                            ; loc_ef215a
ef2180:  4cee 00c0 fff8         moveml %fp@(-8),%d6-%d7
ef2186:  4e5e                   unlk %fp
ef2188:  4e75                   rts
ef218a:  0000                   .word 0x0000                ; pad to a 4-byte function boundary

_putchar:
ef218c:  4e56 fffc              linkw %fp,#-4
ef2190:  2e87                   movel %d7,%sp@
ef2192:  1e2e 000b              moveb %fp@(11),%d7
ef2196:  720a                   moveq #10,%d1
ef2198:  be01                   cmpb %d1,%d7
ef219a:  6608                   bnes 0xef21a4
ef219c:  4878 000d              pea 0xd
ef21a0:  61ea                   bsrs 0xef218c                            ; _putchar
ef21a2:  584f                   addqw #4,%sp
ef21a4:  7000                   moveq #0,%d0
ef21a6:  1007                   moveb %d7,%d0
ef21a8:  2f00                   movel %d0,%sp@-
ef21aa:  610e                   bsrs 0xef21ba                            ; _mayput
ef21ac:  584f                   addqw #4,%sp
ef21ae:  4a80                   tstl %d0
ef21b0:  66f2                   bnes 0xef21a4
ef21b2:  2e2e fffc              movel %fp@(-4),%d7
ef21b6:  4e5e                   unlk %fp
ef21b8:  4e75                   rts

_mayput:
ef21ba:  4e56 fffc              linkw %fp,#-4
ef21be:  2e87                   movel %d7,%sp@
ef21c0:  4a38 05b5              tstb 0x5b5                               ; g_outsink
ef21c4:  6612                   bnes 0xef21d8
ef21c6:  7000                   moveq #0,%d0
ef21c8:  102e 000b              moveb %fp@(11),%d0
ef21cc:  2f00                   movel %d0,%sp@-
ef21ce:  4eba 1084              jsr %pc@(0xef3254)                       ; _fwritechar
ef21d2:  584f                   addqw #4,%sp
ef21d4:  7000                   moveq #0,%d0
ef21d6:  6044                   bras 0xef221c                            ; loc_ef221c
ef21d8:  7000                   moveq #0,%d0
ef21da:  1038 05b5              moveb 0x5b5,%d0                          ; g_outsink
ef21de:  7202                   moveq #2,%d1
ef21e0:  9280                   subl %d0,%d1
ef21e2:  e581                   asll #2,%d1
ef21e4:  2041                   moveal %d1,%a0
ef21e6:  d1f8 05b0              addal 0x5b0,%a0
ef21ea:  1010                   moveb %a0@,%d0
ef21ec:  0280 0000 00ff         andil #255,%d0
ef21f2:  0800 0002              btst #2,%d0
ef21f6:  6722                   beqs 0xef221a
ef21f8:  7e05                   moveq #5,%d7
ef21fa:  5387                   subql #1,%d7
ef21fc:  6efc                   bgts 0xef21fa
ef21fe:  7000                   moveq #0,%d0
ef2200:  1038 05b5              moveb 0x5b5,%d0                          ; g_outsink
ef2204:  7202                   moveq #2,%d1
ef2206:  9280                   subl %d0,%d1
ef2208:  e581                   asll #2,%d1
ef220a:  2041                   moveal %d1,%a0
ef220c:  d1f8 05b0              addal 0x5b0,%a0
ef2210:  116e 000b 0002         moveb %fp@(11),%a0@(2)
ef2216:  7000                   moveq #0,%d0
ef2218:  6002                   bras 0xef221c                            ; loc_ef221c
ef221a:  70ff                   moveq #-1,%d0

loc_ef221c:
ef221c:  2e2e fffc              movel %fp@(-4),%d7
ef2220:  4e5e                   unlk %fp
ef2222:  4e75                   rts

_getchar:
ef2224:  4e56 fffc              linkw %fp,#-4
ef2228:  2e87                   movel %d7,%sp@
ef222a:  612a                   bsrs 0xef2256                            ; _mayget
ef222c:  2e00                   movel %d0,%d7
ef222e:  6dfa                   blts 0xef222a
ef2230:  4a38 05b7              tstb 0x5b7                               ; g_echo
ef2234:  6710                   beqs 0xef2246
ef2236:  1007                   moveb %d7,%d0
ef2238:  0280 0000 00ff         andil #255,%d0
ef223e:  2f00                   movel %d0,%sp@-
ef2240:  6100 ff4a              bsrw 0xef218c                            ; _putchar
ef2244:  584f                   addqw #4,%sp
ef2246:  1007                   moveb %d7,%d0
ef2248:  0280 0000 00ff         andil #255,%d0
ef224e:  2e2e fffc              movel %fp@(-4),%d7
ef2252:  4e5e                   unlk %fp
ef2254:  4e75                   rts

_mayget:
ef2256:  4e56 fffc              linkw %fp,#-4
ef225a:  2e87                   movel %d7,%sp@
ef225c:  4a38 05b4              tstb 0x5b4                               ; g_insource
ef2260:  6606                   bnes 0xef2268
ef2262:  4eba 0290              jsr %pc@(0xef24f4)                       ; _getkey
ef2266:  604a                   bras 0xef22b2                            ; loc_ef22b2
ef2268:  7000                   moveq #0,%d0
ef226a:  1038 05b4              moveb 0x5b4,%d0                          ; g_insource
ef226e:  7202                   moveq #2,%d1
ef2270:  9280                   subl %d0,%d1
ef2272:  e581                   asll #2,%d1
ef2274:  2041                   moveal %d1,%a0
ef2276:  d1f8 05ac              addal 0x5ac,%a0
ef227a:  1010                   moveb %a0@,%d0
ef227c:  0280 0000 00ff         andil #255,%d0
ef2282:  0800 0000              btst #0,%d0
ef2286:  6604                   bnes 0xef228c
ef2288:  70ff                   moveq #-1,%d0
ef228a:  6026                   bras 0xef22b2                            ; loc_ef22b2
ef228c:  7e05                   moveq #5,%d7
ef228e:  5387                   subql #1,%d7
ef2290:  6efc                   bgts 0xef228e
ef2292:  7000                   moveq #0,%d0
ef2294:  1038 05b4              moveb 0x5b4,%d0                          ; g_insource
ef2298:  7202                   moveq #2,%d1
ef229a:  9280                   subl %d0,%d1
ef229c:  e581                   asll #2,%d1
ef229e:  2041                   moveal %d1,%a0
ef22a0:  d1f8 05ac              addal 0x5ac,%a0
ef22a4:  1028 0002              moveb %a0@(2),%d0
ef22a8:  0280 0000 00ff         andil #255,%d0
ef22ae:  7e7f                   moveq #127,%d7
ef22b0:  c087                   andl %d7,%d0

loc_ef22b2:
ef22b2:  2e2e fffc              movel %fp@(-4),%d7
ef22b6:  4e5e                   unlk %fp
ef22b8:  4e75                   rts
ef22ba:  0000 4480              orib #-128,%d0
ef22be:  4a81                   tstl %d1
ef22c0:  6c04                   bges 0xef22c6
ef22c2:  4481                   negl %d1
ef22c4:  6028                   bras 0xef22ee                            ; loc_ef22ee
ef22c6:  6126                   bsrs 0xef22ee                            ; loc_ef22ee
ef22c8:  4480                   negl %d0
ef22ca:  4e75                   rts
ef22cc:  4481                   negl %d1
ef22ce:  611e                   bsrs 0xef22ee                            ; loc_ef22ee
ef22d0:  4480                   negl %d0
ef22d2:  4e75                   rts

fn_ef22d4:
ef22d4:  4e56 0000              linkw %fp,#0
ef22d8:  80c1                   divuw %d1,%d0
ef22da:  4e5e                   unlk %fp
ef22dc:  4e75                   rts

sub_ef22de:
ef22de:  4a81                   tstl %d1
ef22e0:  67f2                   beqs 0xef22d4                            ; fn_ef22d4
ef22e2:  600a                   bras 0xef22ee                            ; loc_ef22ee
ef22e4:  4a80                   tstl %d0
ef22e6:  6dd4                   blts 0xef22bc
ef22e8:  4a81                   tstl %d1
ef22ea:  6de0                   blts 0xef22cc
ef22ec:  67e6                   beqs 0xef22d4                            ; fn_ef22d4

loc_ef22ee:
ef22ee:  4a2f ffd8              tstb %sp@(-40)
ef22f2:  48e7 3c80              moveml %d2-%d5/%a0,%sp@-
ef22f6:  2601                   movel %d1,%d3
ef22f8:  4243                   clrw %d3
ef22fa:  4843                   swap %d3
ef22fc:  6634                   bnes 0xef2332
ef22fe:  2400                   movel %d0,%d2
ef2300:  4242                   clrw %d2
ef2302:  4842                   swap %d2
ef2304:  b481                   cmpl %d1,%d2
ef2306:  6c0e                   bges 0xef2316
ef2308:  80c1                   divuw %d1,%d0
ef230a:  0280 0000 ffff         andil #65535,%d0
ef2310:  4cdf 013c              moveml %sp@+,%d2-%d5/%a0
ef2314:  4e75                   rts
ef2316:  84c1                   divuw %d1,%d2
ef2318:  2602                   movel %d2,%d3
ef231a:  3600                   movew %d0,%d3
ef231c:  86c1                   divuw %d1,%d3
ef231e:  2003                   movel %d3,%d0
ef2320:  0280 0000 ffff         andil #65535,%d0
ef2326:  4842                   swap %d2
ef2328:  4242                   clrw %d2
ef232a:  d082                   addl %d2,%d0
ef232c:  4cdf 013c              moveml %sp@+,%d2-%d5/%a0
ef2330:  4e75                   rts
ef2332:  7800                   moveq #0,%d4
ef2334:  2400                   movel %d0,%d2
ef2336:  e68a                   lsrl #3,%d2
ef2338:  b481                   cmpl %d1,%d2
ef233a:  6212                   bhis 0xef234e
ef233c:  5284                   addql #1,%d4
ef233e:  9081                   subl %d1,%d0
ef2340:  62fa                   bhis 0xef233c
ef2342:  6702                   beqs 0xef2346
ef2344:  5384                   subql #1,%d4
ef2346:  2004                   movel %d4,%d0
ef2348:  4cdf 013c              moveml %sp@+,%d2-%d5/%a0
ef234c:  4e75                   rts
ef234e:  2400                   movel %d0,%d2
ef2350:  2601                   movel %d1,%d3
ef2352:  5383                   subql #1,%d3
ef2354:  5284                   addql #1,%d4
ef2356:  e28b                   lsrl #1,%d3
ef2358:  0c83 0000 ffff         cmpil #65535,%d3
ef235e:  62f4                   bhis 0xef2354
ef2360:  5283                   addql #1,%d3
ef2362:  0c83 0000 ffff         cmpil #65535,%d3
ef2368:  6304                   blss 0xef236e
ef236a:  e28b                   lsrl #1,%d3
ef236c:  5284                   addql #1,%d4
ef236e:  e8aa                   lsrl %d4,%d2
ef2370:  84c3                   divuw %d3,%d2
ef2372:  2601                   movel %d1,%d3
ef2374:  2a01                   movel %d1,%d5
ef2376:  4843                   swap %d3
ef2378:  cac2                   muluw %d2,%d5
ef237a:  c6c2                   muluw %d2,%d3
ef237c:  4843                   swap %d3
ef237e:  4243                   clrw %d3
ef2380:  da83                   addl %d3,%d5
ef2382:  9085                   subl %d5,%d0
ef2384:  b280                   cmpl %d0,%d1
ef2386:  6e02                   bgts 0xef238a
ef2388:  5282                   addql #1,%d2
ef238a:  2002                   movel %d2,%d0
ef238c:  0280 0000 ffff         andil #65535,%d0
ef2392:  4cdf 013c              moveml %sp@+,%d2-%d5/%a0
ef2396:  4e75                   rts

sub_ef2398:
ef2398:  4e56 fffc              linkw %fp,#-4
ef239c:  2e87                   movel %d7,%sp@
ef239e:  1e2e 000b              moveb %fp@(11),%d7
ef23a2:  7000                   moveq #0,%d0
ef23a4:  1038 0530              moveb 0x530,%d0
ef23a8:  0c80 0000 0006         cmpil #6,%d0
ef23ae:  6200 00ee              bhiw 0xef249e                            ; case_ef249e
ef23b2:  d040                   addw %d0,%d0
ef23b4:  303b 0006              movew %pc@(0xef23bc,%d0:w),%d0
ef23b8:  4efb 0002              jmp %pc@(0xef23bc,%d0:w)
ef23bc:  0088                   .word 0x0088                ; case 0 -> case_ef2444
ef23be:  0014                   .word 0x0014                ; case 1 -> case_ef23d0
ef23c0:  0040                   .word 0x0040                ; case 2 -> case_ef23fc
ef23c2:  00e2                   .word 0x00e2                ; case 3 -> case_ef249e
ef23c4:  00e2                   .word 0x00e2                ; case 4 -> case_ef249e
ef23c6:  009e                   .word 0x009e                ; case 5 -> case_ef245a
ef23c8:  00be                   .word 0x00be                ; case 6 -> case_ef247a

loc_ef23ca:
ef23ca:  7201                   moveq #1,%d1
ef23cc:  11c1 0530              moveb %d1,0x530

case_ef23d0:
ef23d0:  7201                   moveq #1,%d1
ef23d2:  be01                   cmpb %d1,%d7
ef23d4:  6606                   bnes 0xef23dc
ef23d6:  7e02                   moveq #2,%d7
ef23d8:  6000 00c0              braw 0xef249a                            ; loc_ef249a
ef23dc:  2038 0536              movel 0x536,%d0
ef23e0:  b0b8 053a              cmpl 0x53a,%d0
ef23e4:  6508                   bcss 0xef23ee
ef23e6:  21fc 0000 053f 0536    movel #1343,0x536
ef23ee:  2078 0536              moveal 0x536,%a0
ef23f2:  1087                   moveb %d7,%a0@
ef23f4:  52b8 0536              addql #1,0x536
ef23f8:  6000 00a4              braw 0xef249e                            ; case_ef249e

case_ef23fc:
ef23fc:  724d                   moveq #77,%d1
ef23fe:  be01                   cmpb %d1,%d7
ef2400:  6622                   bnes 0xef2424
ef2402:  7e01                   moveq #1,%d7
ef2404:  11c7 0530              moveb %d7,0x530
ef2408:  21f8 0532 0536         movel 0x532,0x536                        ; g_keybuf
ef240e:  4eba 00be              jsr %pc@(0xef24ce)                       ; sub_ef24ce
ef2412:  4238 05b4              clrb 0x5b4                               ; g_insource
ef2416:  4a38 05b8              tstb 0x5b8                               ; g_fbthere
ef241a:  6704                   beqs 0xef2420
ef241c:  4238 05b5              clrb 0x5b5                               ; g_outsink
ef2420:  7001                   moveq #1,%d0
ef2422:  607c                   bras 0xef24a0                            ; loc_ef24a0
ef2424:  2038 0536              movel 0x536,%d0
ef2428:  b0b8 053a              cmpl 0x53a,%d0
ef242c:  6508                   bcss 0xef2436
ef242e:  21fc 0000 053f 0536    movel #1343,0x536
ef2436:  2078 0536              moveal 0x536,%a0
ef243a:  7201                   moveq #1,%d1
ef243c:  1081                   moveb %d1,%a0@
ef243e:  52b8 0536              addql #1,0x536
ef2442:  6086                   bras 0xef23ca                            ; loc_ef23ca

case_ef2444:
ef2444:  0c07 00ff              cmpib #-1,%d7
ef2448:  6606                   bnes 0xef2450
ef244a:  7205                   moveq #5,%d1
ef244c:  11c1 0530              moveb %d1,0x530
ef2450:  727e                   moveq #126,%d1
ef2452:  be01                   cmpb %d1,%d7
ef2454:  6648                   bnes 0xef249e                            ; case_ef249e
ef2456:  7e06                   moveq #6,%d7
ef2458:  6040                   bras 0xef249a                            ; loc_ef249a

case_ef245a:
ef245a:  11c7 0531              moveb %d7,0x531                          ; g_keybid
ef245e:  2038 0536              movel 0x536,%d0
ef2462:  b0b8 053a              cmpl 0x53a,%d0
ef2466:  6508                   bcss 0xef2470
ef2468:  21fc 0000 053f 0536    movel #1343,0x536
ef2470:  2078 0536              moveal 0x536,%a0
ef2474:  10bc 00ff              moveb #-1,%a0@
ef2478:  601a                   bras 0xef2494                            ; loc_ef2494

case_ef247a:
ef247a:  2038 0536              movel 0x536,%d0
ef247e:  b0b8 053a              cmpl 0x53a,%d0
ef2482:  6508                   bcss 0xef248c
ef2484:  21fc 0000 053f 0536    movel #1343,0x536
ef248c:  2078 0536              moveal 0x536,%a0
ef2490:  7e7e                   moveq #126,%d7
ef2492:  1087                   moveb %d7,%a0@

loc_ef2494:
ef2494:  52b8 0536              addql #1,0x536
ef2498:  7e01                   moveq #1,%d7

loc_ef249a:
ef249a:  11c7 0530              moveb %d7,0x530

case_ef249e:
ef249e:  7000                   moveq #0,%d0

loc_ef24a0:
ef24a0:  2e2e fffc              movel %fp@(-4),%d7
ef24a4:  4e5e                   unlk %fp
ef24a6:  4e75                   rts

_initgetkey:
ef24a8:  4e56 0000              linkw %fp,#0
ef24ac:  42b8 059a              clrl 0x59a
ef24b0:  7201                   moveq #1,%d1
ef24b2:  21c1 059e              movel %d1,0x59e                          ; g_translation
ef24b6:  7221                   moveq #33,%d1
ef24b8:  11c1 05aa              moveb %d1,0x5aa                          ; g_keyrtick
ef24bc:  21fc 0000 01f4 05a2    movel #500,0x5a2                         ; g_keyrinit
ef24c4:  727f                   moveq #127,%d1
ef24c6:  11c1 05ab              moveb %d1,0x5ab
ef24ca:  4e5e                   unlk %fp
ef24cc:  4e75                   rts

sub_ef24ce:
ef24ce:  4e56 0000              linkw %fp,#0
ef24d2:  2038 0536              movel 0x536,%d0
ef24d6:  b0b8 053a              cmpl 0x53a,%d0
ef24da:  6508                   bcss 0xef24e4
ef24dc:  21fc 0000 053f 0536    movel #1343,0x536
ef24e4:  2078 0536              moveal 0x536,%a0
ef24e8:  727f                   moveq #127,%d1
ef24ea:  1081                   moveb %d1,%a0@
ef24ec:  52b8 0536              addql #1,0x536
ef24f0:  4e5e                   unlk %fp
ef24f2:  4e75                   rts

_getkey:
ef24f4:  4e56 ffec              linkw %fp,#-20
ef24f8:  48d7 00f0              moveml %d4-%d7,%sp@

case_ef24fc:
ef24fc:  2038 0532              movel 0x532,%d0                          ; g_keybuf
ef2500:  b0b8 0536              cmpl 0x536,%d0
ef2504:  6630                   bnes 0xef2536
ef2506:  0c38 007f 05ab         cmpib #127,0x5ab
ef250c:  6722                   beqs 0xef2530
ef250e:  2038 0484              movel 0x484,%d0                          ; g_nmiclock
ef2512:  b0b8 05a6              cmpl 0x5a6,%d0
ef2516:  6d18                   blts 0xef2530
ef2518:  7000                   moveq #0,%d0
ef251a:  1038 05aa              moveb 0x5aa,%d0                          ; g_keyrtick
ef251e:  d0b8 0484              addl 0x484,%d0                           ; g_nmiclock
ef2522:  21c0 05a6              movel %d0,0x5a6
ef2526:  1e38 05ab              moveb 0x5ab,%d7
ef252a:  422e ffff              clrb %fp@(-1)
ef252e:  6028                   bras 0xef2558                            ; loc_ef2558
ef2530:  70ff                   moveq #-1,%d0
ef2532:  6000 01ca              braw 0xef26fe                            ; loc_ef26fe
ef2536:  2038 0532              movel 0x532,%d0                          ; g_keybuf
ef253a:  b0b8 053a              cmpl 0x53a,%d0
ef253e:  6508                   bcss 0xef2548
ef2540:  21fc 0000 053f 0532    movel #1343,0x532                        ; g_keybuf
ef2548:  2078 0532              moveal 0x532,%a0                         ; g_keybuf
ef254c:  1e10                   moveb %a0@,%d7
ef254e:  52b8 0532              addql #1,0x532                           ; g_keybuf
ef2552:  7001                   moveq #1,%d0
ef2554:  1d40 ffff              moveb %d0,%fp@(-1)

loc_ef2558:
ef2558:  1007                   moveb %d7,%d0
ef255a:  0280 0000 007f         andil #127,%d0
ef2560:  1c00                   moveb %d0,%d6
ef2562:  4ab8 059e              tstl 0x59e                               ; g_translation
ef2566:  6608                   bnes 0xef2570
ef2568:  7000                   moveq #0,%d0
ef256a:  1007                   moveb %d7,%d0
ef256c:  6000 0190              braw 0xef26fe                            ; loc_ef26fe
ef2570:  2038 059a              movel 0x59a,%d0
ef2574:  0280 0000 000e         andil #14,%d0
ef257a:  670c                   beqs 0xef2588
ef257c:  2079 00ef 6d90         moveal 0xef6d90,%a0
ef2582:  2068 0004              moveal %a0@(4),%a0
ef2586:  6008                   bras 0xef2590                            ; loc_ef2590
ef2588:  2079 00ef 6d90         moveal 0xef6d90,%a0
ef258e:  2050                   moveal %a0@,%a0

loc_ef2590:
ef2590:  7000                   moveq #0,%d0
ef2592:  1006                   moveb %d6,%d0
ef2594:  d1c0                   addal %d0,%a0
ef2596:  1a10                   moveb %a0@,%d5
ef2598:  4a2e ffff              tstb %fp@(-1)
ef259c:  674c                   beqs 0xef25ea                            ; loc_ef25ea
ef259e:  1005                   moveb %d5,%d0
ef25a0:  0280 0000 00f0         andil #240,%d0
ef25a6:  1800                   moveb %d0,%d4
ef25a8:  0807 0007              btst #7,%d7
ef25ac:  6624                   bnes 0xef25d2
ef25ae:  0c05 00a3              cmpib #-93,%d5
ef25b2:  671e                   beqs 0xef25d2
ef25b4:  0c04 0080              cmpib #-128,%d4
ef25b8:  6718                   beqs 0xef25d2
ef25ba:  0c04 0090              cmpib #-112,%d4
ef25be:  6712                   beqs 0xef25d2
ef25c0:  11c7 05ab              moveb %d7,0x5ab
ef25c4:  2038 0484              movel 0x484,%d0                          ; g_nmiclock
ef25c8:  d0b8 05a2              addl 0x5a2,%d0                           ; g_keyrinit
ef25cc:  21c0 05a6              movel %d0,0x5a6
ef25d0:  6018                   bras 0xef25ea                            ; loc_ef25ea
ef25d2:  7000                   moveq #0,%d0
ef25d4:  1006                   moveb %d6,%d0
ef25d6:  1238 05ab              moveb 0x5ab,%d1
ef25da:  0281 0000 007f         andil #127,%d1
ef25e0:  b081                   cmpl %d1,%d0
ef25e2:  6606                   bnes 0xef25ea                            ; loc_ef25ea
ef25e4:  707f                   moveq #127,%d0
ef25e6:  11c0 05ab              moveb %d0,0x5ab

loc_ef25ea:
ef25ea:  0807 0007              btst #7,%d7
ef25ee:  6720                   beqs 0xef2610                            ; loc_ef2610
ef25f0:  0c07 00ff              cmpib #-1,%d7
ef25f4:  6606                   bnes 0xef25fc
ef25f6:  1a3c 00a6              moveb #-90,%d5
ef25fa:  6014                   bras 0xef2610                            ; loc_ef2610
ef25fc:  1005                   moveb %d5,%d0
ef25fe:  0280 0000 00f0         andil #240,%d0
ef2604:  0c80 0000 0080         cmpil #128,%d0
ef260a:  6704                   beqs 0xef2610                            ; loc_ef2610
ef260c:  1a3c 00a0              moveb #-96,%d5

loc_ef2610:
ef2610:  7000                   moveq #0,%d0
ef2612:  1005                   moveb %d5,%d0
ef2614:  e888                   lsrl #4,%d0
ef2616:  0c80 0000 000a         cmpil #10,%d0
ef261c:  6200 fede              bhiw 0xef24fc                            ; case_ef24fc
ef2620:  d040                   addw %d0,%d0
ef2622:  303b 0006              movew %pc@(0xef262a,%d0:w),%d0
ef2626:  4efb 0002              jmp %pc@(0xef262a,%d0:w)
ef262a:  0016                   .word 0x0016                ; case 0 -> case_ef2640
ef262c:  0016                   .word 0x0016                ; case 1 -> case_ef2640
ef262e:  0016                   .word 0x0016                ; case 2 -> case_ef2640
ef2630:  0016                   .word 0x0016                ; case 3 -> case_ef2640
ef2632:  0016                   .word 0x0016                ; case 4 -> case_ef2640
ef2634:  0016                   .word 0x0016                ; case 5 -> case_ef2640
ef2636:  0016                   .word 0x0016                ; case 6 -> case_ef2640
ef2638:  0016                   .word 0x0016                ; case 7 -> case_ef2640
ef263a:  0046                   .word 0x0046                ; case 8 -> case_ef2670
ef263c:  fed2                   .word 0xfed2                ; case 9 -> case_ef24fc
ef263e:  0058                   .word 0x0058                ; case 10 -> case_ef2682

case_ef2640:
ef2640:  2038 059a              movel 0x59a,%d0
ef2644:  7230                   moveq #48,%d1
ef2646:  c081                   andl %d1,%d0
ef2648:  6704                   beqs 0xef264e
ef264a:  721f                   moveq #31,%d1
ef264c:  ca01                   andb %d1,%d5
ef264e:  2038 059a              movel 0x59a,%d0
ef2652:  0800 0000              btst #0,%d0
ef2656:  6710                   beqs 0xef2668
ef2658:  7261                   moveq #97,%d1
ef265a:  ba01                   cmpb %d1,%d5
ef265c:  650a                   bcss 0xef2668
ef265e:  727a                   moveq #122,%d1
ef2660:  ba01                   cmpb %d1,%d5
ef2662:  6204                   bhis 0xef2668
ef2664:  72e0                   moveq #-32,%d1
ef2666:  da01                   addb %d1,%d5
ef2668:  7000                   moveq #0,%d0
ef266a:  1005                   moveb %d5,%d0
ef266c:  6000 0090              braw 0xef26fe                            ; loc_ef26fe

case_ef2670:
ef2670:  1005                   moveb %d5,%d0
ef2672:  720f                   moveq #15,%d1
ef2674:  c081                   andl %d1,%d0
ef2676:  7201                   moveq #1,%d1
ef2678:  e1a9                   lsll %d0,%d1
ef267a:  b3b8 059a              eorl %d1,0x59a
ef267e:  6000 fe7c              braw 0xef24fc                            ; case_ef24fc

case_ef2682:
ef2682:  7000                   moveq #0,%d0
ef2684:  1005                   moveb %d5,%d0
ef2686:  0480 0000 00a0         subil #160,%d0
ef268c:  0c80 0000 0008         cmpil #8,%d0
ef2692:  6200 fe68              bhiw 0xef24fc                            ; case_ef24fc
ef2696:  d040                   addw %d0,%d0
ef2698:  303b 0006              movew %pc@(0xef26a0,%d0:w),%d0
ef269c:  4efb 0002              jmp %pc@(0xef26a0,%d0:w)
ef26a0:  fe5c                   .word 0xfe5c                ; case 0 -> case_ef24fc
ef26a2:  fe5c                   .word 0xfe5c                ; case 1 -> case_ef24fc
ef26a4:  fe5c                   .word 0xfe5c                ; case 2 -> case_ef24fc
ef26a6:  0016                   .word 0x0016                ; case 3 -> case_ef26b6
ef26a8:  0020                   .word 0x0020                ; case 4 -> case_ef26c0
ef26aa:  002c                   .word 0x002c                ; case 5 -> case_ef26cc
ef26ac:  0038                   .word 0x0038                ; case 6 -> case_ef26d8
ef26ae:  0050                   .word 0x0050                ; case 7 -> case_ef26f0
ef26b0:  0038                   .word 0x0038                ; case 8 -> case_ef26d8
ef26b2:  6000 fe48              braw 0xef24fc                            ; case_ef24fc

case_ef26b6:
ef26b6:  2038 059a              movel 0x59a,%d0
ef26ba:  0800 0008              btst #8,%d0
ef26be:  660c                   bnes 0xef26cc                            ; case_ef26cc

case_ef26c0:
ef26c0:  00b8 0000 0100 059a    oril #256,0x59a
ef26c8:  7013                   moveq #19,%d0
ef26ca:  6032                   bras 0xef26fe                            ; loc_ef26fe

case_ef26cc:
ef26cc:  02b8 ffff feff 059a    andil #-257,0x59a
ef26d4:  7011                   moveq #17,%d0
ef26d6:  6026                   bras 0xef26fe                            ; loc_ef26fe

case_ef26d8:
ef26d8:  2079 00ef 6d90         moveal 0xef6d90,%a0
ef26de:  2028 0014              movel %a0@(20),%d0
ef26e2:  c1b8 059a              andl %d0,0x59a
ef26e6:  707f                   moveq #127,%d0
ef26e8:  11c0 05ab              moveb %d0,0x5ab
ef26ec:  6000 fe0e              braw 0xef24fc                            ; case_ef24fc

case_ef26f0:
ef26f0:  4879 00ef 6c58         pea 0xef6c58                             ; "Keyboard error detected\n"
ef26f6:  4eba f95c              jsr %pc@(0xef2054)                       ; _printf
ef26fa:  584f                   addqw #4,%sp
ef26fc:  60da                   bras 0xef26d8                            ; case_ef26d8

loc_ef26fe:
ef26fe:  4cee 00f0 ffec         moveml %fp@(-20),%d4-%d7
ef2704:  4e5e                   unlk %fp
ef2706:  4e75                   rts

sub_ef2708:
ef2708:  4e56 fffc              linkw %fp,#-4
ef270c:  2e8d                   movel %a5,%sp@
ef270e:  4879 00ef 6d94         pea 0xef6d94
ef2714:  4eba f93e              jsr %pc@(0xef2054)                       ; _printf
ef2718:  584f                   addqw #4,%sp
ef271a:  4879 00f0 0000         pea 0xf00000                             ; BUSMEM_BASE
ef2720:  4eba 05aa              jsr %pc@(0xef2ccc)                       ; sub_ef2ccc
ef2724:  584f                   addqw #4,%sp
ef2726:  4879 00ef 6da4         pea 0xef6da4
ef272c:  4eba f926              jsr %pc@(0xef2054)                       ; _printf
ef2730:  584f                   addqw #4,%sp
ef2732:  2a7c 00ef 6db0         moveal #15691184,%a5

loc_ef2738:
ef2738:  4a15                   tstb %a5@
ef273a:  6732                   beqs 0xef276e
ef273c:  206d 0002              moveal %a5@(2),%a0
ef2740:  4e90                   jsr %a0@
ef2742:  72ff                   moveq #-1,%d1
ef2744:  b081                   cmpl %d1,%d0
ef2746:  6720                   beqs 0xef2768
ef2748:  102d 0001              moveb %a5@(1),%d0
ef274c:  4880                   extw %d0
ef274e:  48c0                   extl %d0
ef2750:  2f00                   movel %d0,%sp@-
ef2752:  1015                   moveb %a5@,%d0
ef2754:  4880                   extw %d0
ef2756:  48c0                   extl %d0
ef2758:  2f00                   movel %d0,%sp@-
ef275a:  4879 00ef 6da6         pea 0xef6da6                             ; " %c%c"
ef2760:  4eba f8f2              jsr %pc@(0xef2054)                       ; _printf
ef2764:  4fef 000c              lea %sp@(12),%sp
ef2768:  721a                   moveq #26,%d1
ef276a:  dbc1                   addal %d1,%a5
ef276c:  60ca                   bras 0xef2738                            ; loc_ef2738
ef276e:  4879 00ef 6dac         pea 0xef6dac
ef2774:  4eba f8de              jsr %pc@(0xef2054)                       ; _printf
ef2778:  584f                   addqw #4,%sp
ef277a:  2a6e fffc              moveal %fp@(-4),%a5
ef277e:  4e5e                   unlk %fp
ef2780:  4e75                   rts
ef2782:  0000                   .word 0x0000                ; pad to a 4-byte function boundary

fn_ef2784:
ef2784:  4e56 ffe4              linkw %fp,#-28
ef2788:  48d7 3c80              moveml %d7/%a2-%a5,%sp@
ef278c:  2079 00ef 000c         moveal 0xef000c,%a0
ef2792:  2850                   moveal %a0@,%a4
ef2794:  97cb                   subal %a3,%a3
ef2796:  206e 0008              moveal %fp@(8),%a0
ef279a:  0c10 003f              cmpib #63,%a0@
ef279e:  6700 02c2              beqw 0xef2a62                            ; loc_ef2a62
ef27a2:  2d48 fffc              movel %a0,%fp@(-4)

loc_ef27a6:
ef27a6:  206e fffc              moveal %fp@(-4),%a0
ef27aa:  4a10                   tstb %a0@
ef27ac:  6712                   beqs 0xef27c0
ef27ae:  0c10 0020              cmpib #32,%a0@
ef27b2:  670c                   beqs 0xef27c0
ef27b4:  0c10 0028              cmpib #40,%a0@
ef27b8:  6706                   beqs 0xef27c0
ef27ba:  52ae fffc              addql #1,%fp@(-4)
ef27be:  60e6                   bras 0xef27a6                            ; loc_ef27a6
ef27c0:  2d6e fffc fff8         movel %fp@(-4),%fp@(-8)

loc_ef27c6:
ef27c6:  206e fffc              moveal %fp@(-4),%a0
ef27ca:  0c10 0020              cmpib #32,%a0@
ef27ce:  6606                   bnes 0xef27d6
ef27d0:  52ae fffc              addql #1,%fp@(-4)
ef27d4:  60f0                   bras 0xef27c6                            ; loc_ef27c6
ef27d6:  206e fffc              moveal %fp@(-4),%a0
ef27da:  0c10 0028              cmpib #40,%a0@
ef27de:  6600 008c              bnew 0xef286c
ef27e2:  52ae fffc              addql #1,%fp@(-4)
ef27e6:  202e 0008              movel %fp@(8),%d0
ef27ea:  5480                   addql #2,%d0
ef27ec:  222e fff8              movel %fp@(-8),%d1
ef27f0:  b280                   cmpl %d0,%d1
ef27f2:  6200 026e              bhiw 0xef2a62                            ; loc_ef2a62
ef27f6:  2041                   moveal %d1,%a0
ef27f8:  4210                   clrb %a0@
ef27fa:  2a7c 00ef 6db0         moveal #15691184,%a5

loc_ef2800:
ef2800:  4a15                   tstb %a5@
ef2802:  671e                   beqs 0xef2822                            ; loc_ef2822
ef2804:  206e 0008              moveal %fp@(8),%a0
ef2808:  1010                   moveb %a0@,%d0
ef280a:  b015                   cmpb %a5@,%d0
ef280c:  660e                   bnes 0xef281c
ef280e:  1028 0001              moveb %a0@(1),%d0
ef2812:  b02d 0001              cmpb %a5@(1),%d0
ef2816:  6604                   bnes 0xef281c
ef2818:  2648                   moveal %a0,%a3
ef281a:  6006                   bras 0xef2822                            ; loc_ef2822
ef281c:  721a                   moveq #26,%d1
ef281e:  dbc1                   addal %d1,%a5
ef2820:  60de                   bras 0xef2800                            ; loc_ef2800

loc_ef2822:
ef2822:  220b                   movel %a3,%d1
ef2824:  6700 023c              beqw 0xef2a62                            ; loc_ef2a62
ef2828:  486c 0086              pea %a4@(134)
ef282c:  2f2e fffc              movel %fp@(-4),%sp@-
ef2830:  6100 0268              bsrw 0xef2a9a                            ; sub_ef2a9a
ef2834:  504f                   addqw #8,%sp
ef2836:  2d40 fffc              movel %d0,%fp@(-4)
ef283a:  486c 008a              pea %a4@(138)
ef283e:  2f00                   movel %d0,%sp@-
ef2840:  6100 0258              bsrw 0xef2a9a                            ; sub_ef2a9a
ef2844:  504f                   addqw #8,%sp
ef2846:  2d40 fffc              movel %d0,%fp@(-4)
ef284a:  486c 008e              pea %a4@(142)
ef284e:  2f00                   movel %d0,%sp@-
ef2850:  6100 0248              bsrw 0xef2a9a                            ; sub_ef2a9a
ef2854:  504f                   addqw #8,%sp
ef2856:  2d40 fffc              movel %d0,%fp@(-4)
ef285a:  2040                   moveal %d0,%a0
ef285c:  4a10                   tstb %a0@
ef285e:  6756                   beqs 0xef28b6
ef2860:  2040                   moveal %d0,%a0
ef2862:  0c10 0029              cmpib #41,%a0@
ef2866:  674e                   beqs 0xef28b6
ef2868:  6000 01f8              braw 0xef2a62                            ; loc_ef2a62
ef286c:  2d6e 0008 fffc         movel %fp@(8),%fp@(-4)
ef2872:  2a7c 00ef 6db0         moveal #15691184,%a5

loc_ef2878:
ef2878:  4a15                   tstb %a5@
ef287a:  671e                   beqs 0xef289a                            ; loc_ef289a
ef287c:  206d 0002              moveal %a5@(2),%a0
ef2880:  4e90                   jsr %a0@
ef2882:  2940 0086              movel %d0,%a4@(134)
ef2886:  0cac ffff ffff 0086    cmpil #-1,%a4@(134)
ef288e:  6704                   beqs 0xef2894
ef2890:  264d                   moveal %a5,%a3
ef2892:  6006                   bras 0xef289a                            ; loc_ef289a
ef2894:  721a                   moveq #26,%d1
ef2896:  dbc1                   addal %d1,%a5
ef2898:  60de                   bras 0xef2878                            ; loc_ef2878

loc_ef289a:
ef289a:  220b                   movel %a3,%d1
ef289c:  6610                   bnes 0xef28ae
ef289e:  4879 00ef 6e68         pea 0xef6e68                             ; "No default boot devices\n"
ef28a4:  4eba f7ae              jsr %pc@(0xef2054)                       ; _printf
ef28a8:  584f                   addqw #4,%sp
ef28aa:  6000 01e2              braw 0xef2a8e                            ; loc_ef2a8e
ef28ae:  42ac 008a              clrl %a4@(138)
ef28b2:  42ac 008e              clrl %a4@(142)
ef28b6:  206e fffc              moveal %fp@(-4),%a0
ef28ba:  0c10 0029              cmpib #41,%a0@
ef28be:  6604                   bnes 0xef28c4
ef28c0:  52ae fffc              addql #1,%fp@(-4)
ef28c4:  206e fffc              moveal %fp@(-4),%a0
ef28c8:  0c10 0020              cmpib #32,%a0@
ef28cc:  67f2                   beqs 0xef28c0
ef28ce:  4a10                   tstb %a0@
ef28d0:  6706                   beqs 0xef28d8
ef28d2:  0c10 002d              cmpib #45,%a0@
ef28d6:  661a                   bnes 0xef28f2
ef28d8:  0cad 00ef 2b74 0002    cmpil #15674228,%a5@(2)                  ; fn_ef2b74
ef28e0:  6708                   beqs 0xef28ea
ef28e2:  247c 00ef 6e81         moveal #15691393,%a2                     ; "vmunix"
ef28e8:  603a                   bras 0xef2924                            ; loc_ef2924
ef28ea:  247c 00ef 6e88         moveal #15691400,%a2
ef28f0:  6032                   bras 0xef2924                            ; loc_ef2924
ef28f2:  246e fffc              moveal %fp@(-4),%a2

loc_ef28f6:
ef28f6:  206e fffc              moveal %fp@(-4),%a0
ef28fa:  4a10                   tstb %a0@
ef28fc:  670c                   beqs 0xef290a
ef28fe:  0c10 0020              cmpib #32,%a0@
ef2902:  6706                   beqs 0xef290a
ef2904:  52ae fffc              addql #1,%fp@(-4)
ef2908:  60ec                   bras 0xef28f6                            ; loc_ef28f6
ef290a:  206e fffc              moveal %fp@(-4),%a0
ef290e:  0c10 0020              cmpib #32,%a0@
ef2912:  6610                   bnes 0xef2924                            ; loc_ef2924
ef2914:  4210                   clrb %a0@
ef2916:  52ae fffc              addql #1,%fp@(-4)
ef291a:  206e fffc              moveal %fp@(-4),%a0
ef291e:  0c10 0020              cmpib #32,%a0@
ef2922:  67f2                   beqs 0xef2916

loc_ef2924:
ef2924:  2f2e fffc              movel %fp@(-4),%sp@-
ef2928:  4852                   pea %a2@
ef292a:  2f2c 008e              movel %a4@(142),%sp@-
ef292e:  2f2c 008a              movel %a4@(138),%sp@-
ef2932:  2f2c 0086              movel %a4@(134),%sp@-
ef2936:  102b 0001              moveb %a3@(1),%d0
ef293a:  4880                   extw %d0
ef293c:  48c0                   extl %d0
ef293e:  2f00                   movel %d0,%sp@-
ef2940:  1013                   moveb %a3@,%d0
ef2942:  4880                   extw %d0
ef2944:  48c0                   extl %d0
ef2946:  2f00                   movel %d0,%sp@-
ef2948:  4879 00ef 6e89         pea 0xef6e89                             ; "Boot: %c%c(%x,%x,%x)%s %s\n"
ef294e:  4eba f704              jsr %pc@(0xef2054)                       ; _printf
ef2952:  4fef 0020              lea %sp@(32),%sp
ef2956:  1953 0084              moveb %a3@,%a4@(132)
ef295a:  196b 0001 0085         moveb %a3@(1),%a4@(133)
ef2960:  294d 0096              movel %a5,%a4@(150)
ef2964:  41ec 0020              lea %a4@(32),%a0
ef2968:  2d48 fff8              movel %a0,%fp@(-8)
ef296c:  1093                   moveb %a3@,%a0@
ef296e:  52ae fff8              addql #1,%fp@(-8)
ef2972:  206e fff8              moveal %fp@(-8),%a0
ef2976:  10ab 0001              moveb %a3@(1),%a0@
ef297a:  52ae fff8              addql #1,%fp@(-8)
ef297e:  206e fff8              moveal %fp@(-8),%a0
ef2982:  7e28                   moveq #40,%d7
ef2984:  1087                   moveb %d7,%a0@
ef2986:  52ae fff8              addql #1,%fp@(-8)
ef298a:  2f2c 0086              movel %a4@(134),%sp@-
ef298e:  2f2e fff8              movel %fp@(-8),%sp@-
ef2992:  6100 01a2              bsrw 0xef2b36                            ; sub_ef2b36
ef2996:  504f                   addqw #8,%sp
ef2998:  2d40 fff8              movel %d0,%fp@(-8)
ef299c:  2040                   moveal %d0,%a0
ef299e:  7e2c                   moveq #44,%d7
ef29a0:  1087                   moveb %d7,%a0@
ef29a2:  52ae fff8              addql #1,%fp@(-8)
ef29a6:  2f2c 008a              movel %a4@(138),%sp@-
ef29aa:  2f2e fff8              movel %fp@(-8),%sp@-
ef29ae:  6100 0186              bsrw 0xef2b36                            ; sub_ef2b36
ef29b2:  504f                   addqw #8,%sp
ef29b4:  2d40 fff8              movel %d0,%fp@(-8)
ef29b8:  2040                   moveal %d0,%a0
ef29ba:  1087                   moveb %d7,%a0@
ef29bc:  52ae fff8              addql #1,%fp@(-8)
ef29c0:  2f2c 008e              movel %a4@(142),%sp@-
ef29c4:  2f2e fff8              movel %fp@(-8),%sp@-
ef29c8:  6100 016c              bsrw 0xef2b36                            ; sub_ef2b36
ef29cc:  504f                   addqw #8,%sp
ef29ce:  2d40 fff8              movel %d0,%fp@(-8)
ef29d2:  2040                   moveal %d0,%a0
ef29d4:  7e29                   moveq #41,%d7
ef29d6:  1087                   moveb %d7,%a0@
ef29d8:  52ae fff8              addql #1,%fp@(-8)
ef29dc:  296e fff8 0092         movel %fp@(-8),%a4@(146)
ef29e2:  206e fff8              moveal %fp@(-8),%a0
ef29e6:  52ae fff8              addql #1,%fp@(-8)
ef29ea:  109a                   moveb %a2@+,%a0@
ef29ec:  66f4                   bnes 0xef29e2
ef29ee:  41ec 0020              lea %a4@(32),%a0
ef29f2:  2888                   movel %a0,%a4@
ef29f4:  7e01                   moveq #1,%d7
ef29f6:  6046                   bras 0xef2a3e                            ; loc_ef2a3e
ef29f8:  206e fffc              moveal %fp@(-4),%a0
ef29fc:  4a10                   tstb %a0@
ef29fe:  674e                   beqs 0xef2a4e
ef2a00:  2007                   movel %d7,%d0
ef2a02:  e580                   asll #2,%d0
ef2a04:  29ae fff8 0800         movel %fp@(-8),%a4@(0,%d0:l)
ef2a0a:  5287                   addql #1,%d7

loc_ef2a0c:
ef2a0c:  206e fffc              moveal %fp@(-4),%a0
ef2a10:  4a10                   tstb %a0@
ef2a12:  671a                   beqs 0xef2a2e
ef2a14:  0c10 0020              cmpib #32,%a0@
ef2a18:  6714                   beqs 0xef2a2e
ef2a1a:  206e fff8              moveal %fp@(-8),%a0
ef2a1e:  226e fffc              moveal %fp@(-4),%a1
ef2a22:  1091                   moveb %a1@,%a0@
ef2a24:  52ae fffc              addql #1,%fp@(-4)
ef2a28:  52ae fff8              addql #1,%fp@(-8)
ef2a2c:  60de                   bras 0xef2a0c                            ; loc_ef2a0c
ef2a2e:  206e fff8              moveal %fp@(-8),%a0
ef2a32:  4210                   clrb %a0@
ef2a34:  52ae fff8              addql #1,%fp@(-8)
ef2a38:  7207                   moveq #7,%d1
ef2a3a:  be81                   cmpl %d1,%d7
ef2a3c:  6c10                   bges 0xef2a4e

loc_ef2a3e:
ef2a3e:  206e fffc              moveal %fp@(-4),%a0
ef2a42:  0c10 0020              cmpib #32,%a0@
ef2a46:  66b0                   bnes 0xef29f8
ef2a48:  52ae fffc              addql #1,%fp@(-4)
ef2a4c:  60f0                   bras 0xef2a3e                            ; loc_ef2a3e
ef2a4e:  2007                   movel %d7,%d0
ef2a50:  e580                   asll #2,%d0
ef2a52:  42b4 0800              clrl %a4@(0,%d0:l)
ef2a56:  4854                   pea %a4@
ef2a58:  206d 0006              moveal %a5@(6),%a0
ef2a5c:  4e90                   jsr %a0@
ef2a5e:  584f                   addqw #4,%sp
ef2a60:  602e                   bras 0xef2a90                            ; loc_ef2a90

loc_ef2a62:
ef2a62:  4879 00ef 6ea4         pea 0xef6ea4                             ; "Boot syntax: b [!][dev(ctlr,unit,part)] name [options]\nP..."
ef2a68:  4eba f5ea              jsr %pc@(0xef2054)                       ; _printf
ef2a6c:  584f                   addqw #4,%sp
ef2a6e:  2a7c 00ef 6db0         moveal #15691184,%a5

loc_ef2a74:
ef2a74:  4a15                   tstb %a5@
ef2a76:  6716                   beqs 0xef2a8e                            ; loc_ef2a8e
ef2a78:  2f2d 0016              movel %a5@(22),%sp@-
ef2a7c:  4879 00ef 6ef3         pea 0xef6ef3                             ; "  %s\n"
ef2a82:  4eba f5d0              jsr %pc@(0xef2054)                       ; _printf
ef2a86:  504f                   addqw #8,%sp
ef2a88:  721a                   moveq #26,%d1
ef2a8a:  dbc1                   addal %d1,%a5
ef2a8c:  60e6                   bras 0xef2a74                            ; loc_ef2a74

loc_ef2a8e:
ef2a8e:  70ff                   moveq #-1,%d0

loc_ef2a90:
ef2a90:  4cee 3c80 ffe4         moveml %fp@(-28),%d7/%a2-%a5
ef2a96:  4e5e                   unlk %fp
ef2a98:  4e75                   rts

sub_ef2a9a:
ef2a9a:  4e56 fff8              linkw %fp,#-8
ef2a9e:  48d7 2080              moveml %d7/%a5,%sp@
ef2aa2:  2a6e 0008              moveal %fp@(8),%a5
ef2aa6:  7e00                   moveq #0,%d7

loc_ef2aa8:
ef2aa8:  0c15 0020              cmpib #32,%a5@
ef2aac:  6604                   bnes 0xef2ab2                            ; loc_ef2ab2
ef2aae:  528d                   addql #1,%a5
ef2ab0:  60f6                   bras 0xef2aa8                            ; loc_ef2aa8

loc_ef2ab2:
ef2ab2:  4a15                   tstb %a5@
ef2ab4:  6756                   beqs 0xef2b0c                            ; loc_ef2b0c
ef2ab6:  0c15 0030              cmpib #48,%a5@
ef2aba:  6d14                   blts 0xef2ad0
ef2abc:  0c15 0039              cmpib #57,%a5@
ef2ac0:  6e0e                   bgts 0xef2ad0
ef2ac2:  2007                   movel %d7,%d0
ef2ac4:  e980                   asll #4,%d0
ef2ac6:  1215                   moveb %a5@,%d1
ef2ac8:  4881                   extw %d1
ef2aca:  48c1                   extl %d1
ef2acc:  7e30                   moveq #48,%d7
ef2ace:  6032                   bras 0xef2b02                            ; loc_ef2b02
ef2ad0:  0c15 0061              cmpib #97,%a5@
ef2ad4:  6d14                   blts 0xef2aea
ef2ad6:  0c15 0066              cmpib #102,%a5@
ef2ada:  6e0e                   bgts 0xef2aea
ef2adc:  2007                   movel %d7,%d0
ef2ade:  e980                   asll #4,%d0
ef2ae0:  1215                   moveb %a5@,%d1
ef2ae2:  4881                   extw %d1
ef2ae4:  48c1                   extl %d1
ef2ae6:  7e57                   moveq #87,%d7
ef2ae8:  6018                   bras 0xef2b02                            ; loc_ef2b02
ef2aea:  0c15 0041              cmpib #65,%a5@
ef2aee:  6d1c                   blts 0xef2b0c                            ; loc_ef2b0c
ef2af0:  0c15 0046              cmpib #70,%a5@
ef2af4:  6e16                   bgts 0xef2b0c                            ; loc_ef2b0c
ef2af6:  2007                   movel %d7,%d0
ef2af8:  e980                   asll #4,%d0
ef2afa:  1215                   moveb %a5@,%d1
ef2afc:  4881                   extw %d1
ef2afe:  48c1                   extl %d1
ef2b00:  7e37                   moveq #55,%d7

loc_ef2b02:
ef2b02:  9287                   subl %d7,%d1
ef2b04:  d081                   addl %d1,%d0
ef2b06:  2e00                   movel %d0,%d7
ef2b08:  528d                   addql #1,%a5
ef2b0a:  60a6                   bras 0xef2ab2                            ; loc_ef2ab2

loc_ef2b0c:
ef2b0c:  0c15 0020              cmpib #32,%a5@
ef2b10:  6604                   bnes 0xef2b16
ef2b12:  528d                   addql #1,%a5
ef2b14:  60f6                   bras 0xef2b0c                            ; loc_ef2b0c
ef2b16:  0c15 002c              cmpib #44,%a5@
ef2b1a:  6602                   bnes 0xef2b1e
ef2b1c:  528d                   addql #1,%a5
ef2b1e:  0c15 0020              cmpib #32,%a5@
ef2b22:  67f8                   beqs 0xef2b1c
ef2b24:  206e 000c              moveal %fp@(12),%a0
ef2b28:  2087                   movel %d7,%a0@
ef2b2a:  200d                   movel %a5,%d0
ef2b2c:  4cee 2080 fff8         moveml %fp@(-8),%d7/%a5
ef2b32:  4e5e                   unlk %fp
ef2b34:  4e75                   rts

sub_ef2b36:
ef2b36:  4e56 fff4              linkw %fp,#-12
ef2b3a:  48d7 20c0              moveml %d6-%d7/%a5,%sp@
ef2b3e:  2a6e 0008              moveal %fp@(8),%a5
ef2b42:  2e2e 000c              movel %fp@(12),%d7
ef2b46:  2007                   movel %d7,%d0
ef2b48:  e888                   lsrl #4,%d0
ef2b4a:  2c00                   movel %d0,%d6
ef2b4c:  670a                   beqs 0xef2b58
ef2b4e:  2f06                   movel %d6,%sp@-
ef2b50:  4855                   pea %a5@
ef2b52:  61e2                   bsrs 0xef2b36                            ; sub_ef2b36
ef2b54:  504f                   addqw #8,%sp
ef2b56:  2a40                   moveal %d0,%a5
ef2b58:  1007                   moveb %d7,%d0
ef2b5a:  720f                   moveq #15,%d1
ef2b5c:  c081                   andl %d1,%d0
ef2b5e:  2040                   moveal %d0,%a0
ef2b60:  d1fc 00ef 6ef9         addal #15691513,%a0                      ; "0123456789abcdef"
ef2b66:  1ad0                   moveb %a0@,%a5@+
ef2b68:  200d                   movel %a5,%d0
ef2b6a:  4cee 20c0 fff4         moveml %fp@(-12),%d6-%d7/%a5
ef2b70:  4e5e                   unlk %fp
ef2b72:  4e75                   rts

fn_ef2b74:
ef2b74:  4e56 0000              linkw %fp,#0
ef2b78:  70ff                   moveq #-1,%d0
ef2b7a:  4e5e                   unlk %fp
ef2b7c:  4e75                   rts
ef2b7e:  0000                   .word 0x0000                ; pad to a 4-byte function boundary

fn_ef2b80:
ef2b80:  4e56 fff4              linkw %fp,#-12
ef2b84:  48d7 20c0              moveml %d6-%d7/%a5,%sp@
ef2b88:  2a6e 0008              moveal %fp@(8),%a5
ef2b8c:  2e2e 000c              movel %fp@(12),%d7
ef2b90:  7c00                   moveq #0,%d6

loc_ef2b92:
ef2b92:  4a87                   tstl %d7
ef2b94:  6f06                   bles 0xef2b9c
ef2b96:  1ac6                   moveb %d6,%a5@+
ef2b98:  5387                   subql #1,%d7
ef2b9a:  60f6                   bras 0xef2b92                            ; loc_ef2b92
ef2b9c:  4cee 20c0 fff4         moveml %fp@(-12),%d6-%d7/%a5
ef2ba2:  4e5e                   unlk %fp
ef2ba4:  4e75                   rts

sub_ef2ba6:
ef2ba6:  4e56 fff4              linkw %fp,#-12
ef2baa:  48d7 3080              moveml %d7/%a4-%a5,%sp@
ef2bae:  2a6e 0008              moveal %fp@(8),%a5
ef2bb2:  286e 000c              moveal %fp@(12),%a4
ef2bb6:  3e2e 0012              movew %fp@(18),%d7
ef2bba:  5347                   subqw #1,%d7
ef2bbc:  18dd                   moveb %a5@+,%a4@+
ef2bbe:  5347                   subqw #1,%d7
ef2bc0:  72ff                   moveq #-1,%d1
ef2bc2:  be41                   cmpw %d1,%d7
ef2bc4:  66f6                   bnes 0xef2bbc
ef2bc6:  4cee 3080 fff4         moveml %fp@(-12),%d7/%a4-%a5
ef2bcc:  4e5e                   unlk %fp
ef2bce:  4e75                   rts

sub_ef2bd0:
ef2bd0:  4e56 fff0              linkw %fp,#-16
ef2bd4:  48d7 30c0              moveml %d6-%d7/%a4-%a5,%sp@
ef2bd8:  2a6e 0008              moveal %fp@(8),%a5
ef2bdc:  7c00                   moveq #0,%d6
ef2bde:  0c6d dabe 01fc         cmpiw #-9538,%a5@(508)
ef2be4:  6704                   beqs 0xef2bea
ef2be6:  7001                   moveq #1,%d0
ef2be8:  602e                   bras 0xef2c18                            ; loc_ef2c18
ef2bea:  2e3c 0000 0100         movel #256,%d7
ef2bf0:  284d                   moveal %a5,%a4

loc_ef2bf2:
ef2bf2:  2007                   movel %d7,%d0
ef2bf4:  5387                   subql #1,%d7
ef2bf6:  4a80                   tstl %d0
ef2bf8:  6708                   beqs 0xef2c02
ef2bfa:  301c                   movew %a4@+,%d0
ef2bfc:  48c0                   extl %d0
ef2bfe:  b186                   eorl %d0,%d6
ef2c00:  60f0                   bras 0xef2bf2                            ; loc_ef2bf2
ef2c02:  4a86                   tstl %d6
ef2c04:  6710                   beqs 0xef2c16
ef2c06:  4879 00ef 7028         pea 0xef7028                             ; "Corrupt label\n"
ef2c0c:  4eba f446              jsr %pc@(0xef2054)                       ; _printf
ef2c10:  584f                   addqw #4,%sp
ef2c12:  7001                   moveq #1,%d0
ef2c14:  6002                   bras 0xef2c18                            ; loc_ef2c18
ef2c16:  7000                   moveq #0,%d0

loc_ef2c18:
ef2c18:  4cee 30c0 fff0         moveml %fp@(-16),%d6-%d7/%a4-%a5
ef2c1e:  4e5e                   unlk %fp
ef2c20:  4e75                   rts

sub_ef2c22:
ef2c22:  4e56 fff8              linkw %fp,#-8
ef2c26:  2e87                   movel %d7,%sp@
ef2c28:  2f2e 0010              movel %fp@(16),%sp@-
ef2c2c:  2f2e 000c              movel %fp@(12),%sp@-
ef2c30:  206e 0008              moveal %fp@(8),%a0
ef2c34:  4e90                   jsr %a0@
ef2c36:  504f                   addqw #8,%sp
ef2c38:  4a80                   tstl %d0
ef2c3a:  6706                   beqs 0xef2c42
ef2c3c:  7001                   moveq #1,%d0
ef2c3e:  6000 0082              braw 0xef2cc2                            ; loc_ef2cc2
ef2c42:  2e3c 0007 a120         movel #500000,%d7
ef2c48:  5387                   subql #1,%d7
ef2c4a:  6efc                   bgts 0xef2c48
ef2c4c:  2f2e 0010              movel %fp@(16),%sp@-
ef2c50:  2f2e 000c              movel %fp@(12),%sp@-
ef2c54:  206e 0008              moveal %fp@(8),%a0
ef2c58:  4e90                   jsr %a0@
ef2c5a:  504f                   addqw #8,%sp
ef2c5c:  4a80                   tstl %d0
ef2c5e:  6660                   bnes 0xef2cc0
ef2c60:  4eba f5f4              jsr %pc@(0xef2256)                       ; _mayget
ef2c64:  7eff                   moveq #-1,%d7
ef2c66:  b087                   cmpl %d7,%d0
ef2c68:  66f6                   bnes 0xef2c60
ef2c6a:  4879 00ef 6f84         pea 0xef6f84                             ; "\n\aWaiting for disk to spin up...\n\nPlease start it, if..."
ef2c70:  4eba f3e2              jsr %pc@(0xef2054)                       ; _printf
ef2c74:  584f                   addqw #4,%sp
ef2c76:  2038 0484              movel 0x484,%d0                          ; g_nmiclock
ef2c7a:  0680 0002 bf20         addil #180000,%d0
ef2c80:  2d40 fffc              movel %d0,%fp@(-4)
ef2c84:  2f2e 0010              movel %fp@(16),%sp@-
ef2c88:  2f2e 000c              movel %fp@(12),%sp@-
ef2c8c:  206e 0008              moveal %fp@(8),%a0
ef2c90:  4e90                   jsr %a0@
ef2c92:  504f                   addqw #8,%sp
ef2c94:  4a80                   tstl %d0
ef2c96:  6628                   bnes 0xef2cc0
ef2c98:  4eba f5bc              jsr %pc@(0xef2256)                       ; _mayget
ef2c9c:  7eff                   moveq #-1,%d7
ef2c9e:  b087                   cmpl %d7,%d0
ef2ca0:  6704                   beqs 0xef2ca6
ef2ca2:  7000                   moveq #0,%d0
ef2ca4:  601c                   bras 0xef2cc2                            ; loc_ef2cc2
ef2ca6:  2038 0484              movel 0x484,%d0                          ; g_nmiclock
ef2caa:  b0ae fffc              cmpl %fp@(-4),%d0
ef2cae:  6fd4                   bles 0xef2c84
ef2cb0:  4879 00ef 7037         pea 0xef7037                             ; "Giving up...\n"
ef2cb6:  4eba f39c              jsr %pc@(0xef2054)                       ; _printf
ef2cba:  584f                   addqw #4,%sp
ef2cbc:  7000                   moveq #0,%d0
ef2cbe:  6002                   bras 0xef2cc2                            ; loc_ef2cc2
ef2cc0:  7002                   moveq #2,%d0

loc_ef2cc2:
ef2cc2:  2e2e fff8              movel %fp@(-8),%d7
ef2cc6:  4e5e                   unlk %fp
ef2cc8:  4e75                   rts

sub_ef2ccc:
ef2ccc:  206f 0004              moveal %sp@(4),%a0
ef2cd0:  224f                   moveal %sp,%a1
ef2cd2:  2238 0008              movel 0x8,%d1
ef2cd6:  2008                   movel %a0,%d0
ef2cd8:  0800 0000              btst #0,%d0
ef2cdc:  6600 0014              bnew 0xef2cf2
ef2ce0:  21fc 00ef 2cf2 0008    movel #15674610,0x8
ef2ce8:  7000                   moveq #0,%d0
ef2cea:  3010                   movew %a0@,%d0

loc_ef2cec:
ef2cec:  21c1 0008              movel %d1,0x8
ef2cf0:  4e75                   rts
ef2cf2:  2e49                   moveal %a1,%sp
ef2cf4:  70ff                   moveq #-1,%d0
ef2cf6:  6000 fff4              braw 0xef2cec                            ; loc_ef2cec

sub_ef2cfa:
ef2cfa:  206f 0004              moveal %sp@(4),%a0
ef2cfe:  224f                   moveal %sp,%a1
ef2d00:  2238 0008              movel 0x8,%d1
ef2d04:  21fc 00ef 2cf2 0008    movel #15674610,0x8
ef2d0c:  10af 000b              moveb %sp@(11),%a0@
ef2d10:  7000                   moveq #0,%d0
ef2d12:  21c1 0008              movel %d1,0x8
ef2d16:  4e75                   rts

_poke:    ; init_scolor: poke(reg, 0), nonzero on a bus error = no colour board
ef2d18:  206f 0004              moveal %sp@(4),%a0
ef2d1c:  224f                   moveal %sp,%a1
ef2d1e:  2238 0008              movel 0x8,%d1
ef2d22:  21fc 00ef 2cf2 0008    movel #15674610,0x8
ef2d2a:  30af 000a              movew %sp@(10),%a0@
ef2d2e:  7000                   moveq #0,%d0
ef2d30:  21c1 0008              movel %d1,0x8
ef2d34:  4e75                   rts

sub_ef2d38:
ef2d38:  2f0a                   movel %a2,%sp@-
ef2d3a:  4cef 0700 0008         moveml %sp@(8),%a0-%a2
ef2d40:  2009                   movel %a1,%d0
ef2d42:  9088                   subl %a0,%d0
ef2d44:  673c                   beqs 0xef2d82                            ; loc_ef2d82
ef2d46:  b3ca                   cmpal %a2,%a1
ef2d48:  6f06                   bles 0xef2d50
ef2d4a:  b1ca                   cmpal %a2,%a0
ef2d4c:  6d38                   blts 0xef2d86
ef2d4e:  6732                   beqs 0xef2d82                            ; loc_ef2d82
ef2d50:  e280                   asrl #1,%d0
ef2d52:  5180                   subql #8,%d0
ef2d54:  6f14                   bles 0xef2d6a
ef2d56:  34d8                   movew %a0@+,%a2@+
ef2d58:  34d8                   movew %a0@+,%a2@+
ef2d5a:  34d8                   movew %a0@+,%a2@+
ef2d5c:  34d8                   movew %a0@+,%a2@+
ef2d5e:  34d8                   movew %a0@+,%a2@+
ef2d60:  34d8                   movew %a0@+,%a2@+
ef2d62:  34d8                   movew %a0@+,%a2@+
ef2d64:  34d8                   movew %a0@+,%a2@+
ef2d66:  5180                   subql #8,%d0
ef2d68:  6cec                   bges 0xef2d56
ef2d6a:  4440                   negw %d0
ef2d6c:  e340                   aslw #1,%d0
ef2d6e:  4efb 0002              jmp %pc@(0xef2d72,%d0:w)
ef2d72:  34d8                   movew %a0@+,%a2@+
ef2d74:  34d8                   movew %a0@+,%a2@+
ef2d76:  34d8                   movew %a0@+,%a2@+
ef2d78:  34d8                   movew %a0@+,%a2@+
ef2d7a:  34d8                   movew %a0@+,%a2@+
ef2d7c:  34d8                   movew %a0@+,%a2@+
ef2d7e:  34d8                   movew %a0@+,%a2@+
ef2d80:  34d8                   movew %a0@+,%a2@+

loc_ef2d82:
ef2d82:  245f                   moveal %sp@+,%a2
ef2d84:  4e75                   rts
ef2d86:  b5c8                   cmpal %a0,%a2
ef2d88:  67f8                   beqs 0xef2d82                            ; loc_ef2d82
ef2d8a:  d5c0                   addal %d0,%a2
ef2d8c:  e280                   asrl #1,%d0
ef2d8e:  5180                   subql #8,%d0
ef2d90:  6f14                   bles 0xef2da6
ef2d92:  3521                   movew %a1@-,%a2@-
ef2d94:  3521                   movew %a1@-,%a2@-
ef2d96:  3521                   movew %a1@-,%a2@-
ef2d98:  3521                   movew %a1@-,%a2@-
ef2d9a:  3521                   movew %a1@-,%a2@-
ef2d9c:  3521                   movew %a1@-,%a2@-
ef2d9e:  3521                   movew %a1@-,%a2@-
ef2da0:  3521                   movew %a1@-,%a2@-
ef2da2:  5180                   subql #8,%d0
ef2da4:  6cec                   bges 0xef2d92
ef2da6:  4440                   negw %d0
ef2da8:  e340                   aslw #1,%d0
ef2daa:  4efb 0002              jmp %pc@(0xef2dae,%d0:w)
ef2dae:  3521                   movew %a1@-,%a2@-
ef2db0:  3521                   movew %a1@-,%a2@-
ef2db2:  3521                   movew %a1@-,%a2@-
ef2db4:  3521                   movew %a1@-,%a2@-
ef2db6:  3521                   movew %a1@-,%a2@-
ef2db8:  3521                   movew %a1@-,%a2@-
ef2dba:  3521                   movew %a1@-,%a2@-
ef2dbc:  3521                   movew %a1@-,%a2@-
ef2dbe:  60c2                   bras 0xef2d82                            ; loc_ef2d82
ef2dc0:  2f0a                   movel %a2,%sp@-
ef2dc2:  4cef 0700 0008         moveml %sp@(8),%a0-%a2
ef2dc8:  2009                   movel %a1,%d0
ef2dca:  9088                   subl %a0,%d0
ef2dcc:  66b8                   bnes 0xef2d86
ef2dce:  60b2                   bras 0xef2d82                            ; loc_ef2d82

sub_ef2dd0:
ef2dd0:  2f0a                   movel %a2,%sp@-
ef2dd2:  4cef 0700 0008         moveml %sp@(8),%a0-%a2
ef2dd8:  2009                   movel %a1,%d0
ef2dda:  9088                   subl %a0,%d0
ef2ddc:  6732                   beqs 0xef2e10
ef2dde:  e280                   asrl #1,%d0
ef2de0:  5180                   subql #8,%d0
ef2de2:  6f14                   bles 0xef2df8
ef2de4:  30ca                   movew %a2,%a0@+
ef2de6:  30ca                   movew %a2,%a0@+
ef2de8:  30ca                   movew %a2,%a0@+
ef2dea:  30ca                   movew %a2,%a0@+
ef2dec:  30ca                   movew %a2,%a0@+
ef2dee:  30ca                   movew %a2,%a0@+
ef2df0:  30ca                   movew %a2,%a0@+
ef2df2:  30ca                   movew %a2,%a0@+
ef2df4:  5180                   subql #8,%d0
ef2df6:  6cec                   bges 0xef2de4
ef2df8:  4440                   negw %d0
ef2dfa:  e340                   aslw #1,%d0
ef2dfc:  4efb 0002              jmp %pc@(0xef2e00,%d0:w)
ef2e00:  30ca                   movew %a2,%a0@+
ef2e02:  30ca                   movew %a2,%a0@+
ef2e04:  30ca                   movew %a2,%a0@+
ef2e06:  30ca                   movew %a2,%a0@+
ef2e08:  30ca                   movew %a2,%a0@+
ef2e0a:  30ca                   movew %a2,%a0@+
ef2e0c:  30ca                   movew %a2,%a0@+
ef2e0e:  30ca                   movew %a2,%a0@+
ef2e10:  245f                   moveal %sp@+,%a2
ef2e12:  4e75                   rts

sub_ef2e14:
ef2e14:  4e56 ffec              linkw %fp,#-20
ef2e18:  4aae 0008              tstl %fp@(8)
ef2e1c:  6c04                   bges 0xef2e22
ef2e1e:  42ae 0008              clrl %fp@(8)
ef2e22:  4aae 000c              tstl %fp@(12)
ef2e26:  6c04                   bges 0xef2e2c
ef2e28:  42ae 000c              clrl %fp@(12)
ef2e2c:  202e 0010              movel %fp@(16),%d0
ef2e30:  b0b8 068e              cmpl 0x68e,%d0
ef2e34:  6306                   blss 0xef2e3c
ef2e36:  2d78 068e 0010         movel 0x68e,%fp@(16)
ef2e3c:  202e 0014              movel %fp@(20),%d0
ef2e40:  b0b8 0692              cmpl 0x692,%d0
ef2e44:  6306                   blss 0xef2e4c
ef2e46:  2d78 0692 0014         movel 0x692,%fp@(20)
ef2e4c:  4aae 0018              tstl %fp@(24)
ef2e50:  6c04                   bges 0xef2e56
ef2e52:  42ae 0018              clrl %fp@(24)
ef2e56:  4aae 001c              tstl %fp@(28)
ef2e5a:  6c04                   bges 0xef2e60
ef2e5c:  42ae 001c              clrl %fp@(28)
ef2e60:  302e 000e              movew %fp@(14),%d0
ef2e64:  2238 068e              movel 0x68e,%d1
ef2e68:  e689                   lsrl #3,%d1
ef2e6a:  c0c1                   muluw %d1,%d0
ef2e6c:  222e 0008              movel %fp@(8),%d1
ef2e70:  e681                   asrl #3,%d1
ef2e72:  d2b8 05fc              addl 0x5fc,%d1
ef2e76:  d081                   addl %d1,%d0
ef2e78:  2d40 fff8              movel %d0,%fp@(-8)
ef2e7c:  302e 001e              movew %fp@(30),%d0
ef2e80:  2238 068e              movel 0x68e,%d1
ef2e84:  e689                   lsrl #3,%d1
ef2e86:  c0c1                   muluw %d1,%d0
ef2e88:  222e 0018              movel %fp@(24),%d1
ef2e8c:  e681                   asrl #3,%d1
ef2e8e:  d2b8 05fc              addl 0x5fc,%d1
ef2e92:  d081                   addl %d1,%d0
ef2e94:  2d40 fff4              movel %d0,%fp@(-12)
ef2e98:  202e 0010              movel %fp@(16),%d0
ef2e9c:  90ae 0008              subl %fp@(8),%d0
ef2ea0:  e680                   asrl #3,%d0
ef2ea2:  2d40 fff0              movel %d0,%fp@(-16)
ef2ea6:  202e 000c              movel %fp@(12),%d0
ef2eaa:  b0ae 001c              cmpl %fp@(28),%d0
ef2eae:  6d44                   blts 0xef2ef4
ef2eb0:  2d40 fffc              movel %d0,%fp@(-4)

loc_ef2eb4:
ef2eb4:  202e fffc              movel %fp@(-4),%d0
ef2eb8:  b0ae 0014              cmpl %fp@(20),%d0
ef2ebc:  6c00 009a              bgew 0xef2f58
ef2ec0:  2f2e fff4              movel %fp@(-12),%sp@-
ef2ec4:  202e fff8              movel %fp@(-8),%d0
ef2ec8:  d0ae fff0              addl %fp@(-16),%d0
ef2ecc:  2f00                   movel %d0,%sp@-
ef2ece:  2f2e fff8              movel %fp@(-8),%sp@-
ef2ed2:  4eba fe64              jsr %pc@(0xef2d38)                       ; sub_ef2d38
ef2ed6:  4fef 000c              lea %sp@(12),%sp
ef2eda:  52ae fffc              addql #1,%fp@(-4)
ef2ede:  2038 068e              movel 0x68e,%d0
ef2ee2:  e688                   lsrl #3,%d0
ef2ee4:  d1ae fff8              addl %d0,%fp@(-8)
ef2ee8:  2038 068e              movel 0x68e,%d0
ef2eec:  e688                   lsrl #3,%d0
ef2eee:  d1ae fff4              addl %d0,%fp@(-12)
ef2ef2:  60c0                   bras 0xef2eb4                            ; loc_ef2eb4
ef2ef4:  202e 0014              movel %fp@(20),%d0
ef2ef8:  90ae 000c              subl %fp@(12),%d0
ef2efc:  2238 068e              movel 0x68e,%d1
ef2f00:  e689                   lsrl #3,%d1
ef2f02:  c0c1                   muluw %d1,%d0
ef2f04:  2d40 ffec              movel %d0,%fp@(-20)
ef2f08:  d1ae fff8              addl %d0,%fp@(-8)
ef2f0c:  d1ae fff4              addl %d0,%fp@(-12)
ef2f10:  202e 0014              movel %fp@(20),%d0
ef2f14:  5380                   subql #1,%d0
ef2f16:  2d40 fffc              movel %d0,%fp@(-4)

loc_ef2f1a:
ef2f1a:  202e fffc              movel %fp@(-4),%d0
ef2f1e:  b0ae 000c              cmpl %fp@(12),%d0
ef2f22:  6d34                   blts 0xef2f58
ef2f24:  2f2e fff4              movel %fp@(-12),%sp@-
ef2f28:  202e fff8              movel %fp@(-8),%d0
ef2f2c:  d0ae fff0              addl %fp@(-16),%d0
ef2f30:  2f00                   movel %d0,%sp@-
ef2f32:  2f2e fff8              movel %fp@(-8),%sp@-
ef2f36:  4eba fe00              jsr %pc@(0xef2d38)                       ; sub_ef2d38
ef2f3a:  4fef 000c              lea %sp@(12),%sp
ef2f3e:  53ae fffc              subql #1,%fp@(-4)
ef2f42:  2038 068e              movel 0x68e,%d0
ef2f46:  e688                   lsrl #3,%d0
ef2f48:  91ae fff8              subl %d0,%fp@(-8)
ef2f4c:  2038 068e              movel 0x68e,%d0
ef2f50:  e688                   lsrl #3,%d0
ef2f52:  91ae fff4              subl %d0,%fp@(-12)
ef2f56:  60c2                   bras 0xef2f1a                            ; loc_ef2f1a
ef2f58:  4e5e                   unlk %fp
ef2f5a:  4e75                   rts

sub_ef2f5c:
ef2f5c:  4e56 0000              linkw %fp,#0
ef2f60:  4a78 0660              tstw 0x660
ef2f64:  6632                   bnes 0xef2f98
ef2f66:  2038 0650              movel 0x650,%d0
ef2f6a:  e588                   lsll #2,%d0
ef2f6c:  2200                   movel %d0,%d1
ef2f6e:  d281                   addl %d1,%d1
ef2f70:  d081                   addl %d1,%d0
ef2f72:  d0b8 069a              addl 0x69a,%d0
ef2f76:  21c0 0610              movel %d0,0x610
ef2f7a:  2038 0654              movel 0x654,%d0
ef2f7e:  d080                   addl %d0,%d0
ef2f80:  2200                   movel %d0,%d1
ef2f82:  d281                   addl %d1,%d1
ef2f84:  d081                   addl %d1,%d0
ef2f86:  e589                   lsll #2,%d1
ef2f88:  d081                   addl %d1,%d0
ef2f8a:  d0b8 0696              addl 0x696,%d0
ef2f8e:  21c0 0614              movel %d0,0x614
ef2f92:  7201                   moveq #1,%d1
ef2f94:  31c1 0660              movew %d1,0x660
ef2f98:  21ee 0008 0630         movel %fp@(8),0x630
ef2f9e:  4878 0001              pea 0x1
ef2fa2:  4878 0640              pea 0x640
ef2fa6:  2f2e 000c              movel %fp@(12),%sp@-
ef2faa:  2f38 0614              movel 0x614,%sp@-
ef2fae:  2f38 0610              movel 0x610,%sp@-
ef2fb2:  2f38 060c              movel 0x60c,%sp@-
ef2fb6:  4eba 338c              jsr %pc@(0xef6344)                       ; sub_ef6344
ef2fba:  4fef 0018              lea %sp@(24),%sp
ef2fbe:  4e5e                   unlk %fp
ef2fc0:  4e75                   rts
ef2fc2:  0000                   .word 0x0000                ; pad to a 4-byte function boundary

fn_ef2fc4:
ef2fc4:  4e56 ffd8              linkw %fp,#-40
ef2fc8:  48d7 38fc              moveml %d2-%d7/%a3-%a5,%sp@
ef2fcc:  2a6e 0008              moveal %fp@(8),%a5
ef2fd0:  286e 000c              moveal %fp@(12),%a4
ef2fd4:  266e 0014              moveal %fp@(20),%a3
ef2fd8:  7214                   moveq #20,%d1
ef2fda:  1d41 ffff              moveb %d1,%fp@(-1)
ef2fde:  425d                   clrw %a5@+
ef2fe0:  202e 0010              movel %fp@(16),%d0
ef2fe4:  5380                   subql #1,%d0
ef2fe6:  3e00                   movew %d0,%d7

loc_ef2fe8:
ef2fe8:  72ff                   moveq #-1,%d1
ef2fea:  be41                   cmpw %d1,%d7
ef2fec:  6770                   beqs 0xef305e
ef2fee:  181c                   moveb %a4@+,%d4
ef2ff0:  7c07                   moveq #7,%d6
ef2ff2:  6024                   bras 0xef3018                            ; loc_ef3018
ef2ff4:  1002                   moveb %d2,%d0

loc_ef2ff6:
ef2ff6:  0280 0000 00f0         andil #240,%d0
ef2ffc:  8a40                   orw %d0,%d5
ef2ffe:  3ac5                   movew %d5,%a5@+
ef3000:  532e ffff              subqb #1,%fp@(-1)
ef3004:  6608                   bnes 0xef300e
ef3006:  425d                   clrw %a5@+
ef3008:  7214                   moveq #20,%d1
ef300a:  1d41 ffff              moveb %d1,%fp@(-1)
ef300e:  e30c                   lslb #1,%d4
ef3010:  5346                   subqw #1,%d6
ef3012:  72ff                   moveq #-1,%d1
ef3014:  bc41                   cmpw %d1,%d6
ef3016:  6742                   beqs 0xef305a

loc_ef3018:
ef3018:  1004                   moveb %d4,%d0
ef301a:  0280 0000 0080         andil #128,%d0
ef3020:  67dc                   beqs 0xef2ffe
ef3022:  161b                   moveb %a3@+,%d3
ef3024:  1003                   moveb %d3,%d0
ef3026:  0280 0000 00ff         andil #255,%d0
ef302c:  2040                   moveal %d0,%a0
ef302e:  d1ee 0018              addal %fp@(24),%a0
ef3032:  1010                   moveb %a0@,%d0
ef3034:  0280 0000 00ff         andil #255,%d0
ef303a:  e148                   lslw #8,%d0
ef303c:  3a00                   movew %d0,%d5
ef303e:  7000                   moveq #0,%d0
ef3040:  1003                   moveb %d3,%d0
ef3042:  e288                   lsrl #1,%d0
ef3044:  2040                   moveal %d0,%a0
ef3046:  d1ee 001c              addal %fp@(28),%a0
ef304a:  1410                   moveb %a0@,%d2
ef304c:  0803 0000              btst #0,%d3
ef3050:  67a2                   beqs 0xef2ff4
ef3052:  7000                   moveq #0,%d0
ef3054:  1002                   moveb %d2,%d0
ef3056:  e988                   lsll #4,%d0
ef3058:  609c                   bras 0xef2ff6                            ; loc_ef2ff6
ef305a:  5347                   subqw #1,%d7
ef305c:  608a                   bras 0xef2fe8                            ; loc_ef2fe8
ef305e:  4cee 38fc ffd8         moveml %fp@(-40),%d2-%d7/%a3-%a5
ef3064:  4e5e                   unlk %fp
ef3066:  4e75                   rts

sub_ef3068:
ef3068:  4e56 fff0              linkw %fp,#-16
ef306c:  202e 0010              movel %fp@(16),%d0
ef3070:  90ae 0008              subl %fp@(8),%d0
ef3074:  e680                   asrl #3,%d0
ef3076:  2d40 fff8              movel %d0,%fp@(-8)
ef307a:  0cb8 0000 001e 066a    cmpil #30,0x66a
ef3082:  6604                   bnes 0xef3088
ef3084:  70ff                   moveq #-1,%d0
ef3086:  6002                   bras 0xef308a                            ; loc_ef308a
ef3088:  7000                   moveq #0,%d0

loc_ef308a:
ef308a:  2d40 fff4              movel %d0,%fp@(-12)
ef308e:  3d6e 000e fff2         movew %fp@(14),%fp@(-14)
ef3094:  2238 068e              movel 0x68e,%d1
ef3098:  e689                   lsrl #3,%d1
ef309a:  302e fff2              movew %fp@(-14),%d0
ef309e:  c0c1                   muluw %d1,%d0
ef30a0:  d0b8 05fc              addl 0x5fc,%d0
ef30a4:  222e 0008              movel %fp@(8),%d1
ef30a8:  e681                   asrl #3,%d1
ef30aa:  d081                   addl %d1,%d0
ef30ac:  2d40 fffc              movel %d0,%fp@(-4)

loc_ef30b0:
ef30b0:  7000                   moveq #0,%d0
ef30b2:  302e fff2              movew %fp@(-14),%d0
ef30b6:  b0ae 0014              cmpl %fp@(20),%d0
ef30ba:  642a                   bccs 0xef30e6
ef30bc:  2f2e fff4              movel %fp@(-12),%sp@-
ef30c0:  202e fffc              movel %fp@(-4),%d0
ef30c4:  d0ae fff8              addl %fp@(-8),%d0
ef30c8:  2f00                   movel %d0,%sp@-
ef30ca:  2f2e fffc              movel %fp@(-4),%sp@-
ef30ce:  4eba fd00              jsr %pc@(0xef2dd0)                       ; sub_ef2dd0
ef30d2:  4fef 000c              lea %sp@(12),%sp
ef30d6:  526e fff2              addqw #1,%fp@(-14)
ef30da:  2038 068e              movel 0x68e,%d0
ef30de:  e688                   lsrl #3,%d0
ef30e0:  d1ae fffc              addl %d0,%fp@(-4)
ef30e4:  60ca                   bras 0xef30b0                            ; loc_ef30b0
ef30e6:  4e5e                   unlk %fp
ef30e8:  4e75                   rts

sub_ef30ea:
ef30ea:  4e56 fff4              linkw %fp,#-12
ef30ee:  48d7 3080              moveml %d7/%a4-%a5,%sp@
ef30f2:  7eff                   moveq #-1,%d7
ef30f4:  2a78 05fc              moveal 0x5fc,%a5
ef30f8:  2038 05fc              movel 0x5fc,%d0
ef30fc:  0680 0002 0000         addil #131072,%d0
ef3102:  2840                   moveal %d0,%a4

loc_ef3104:
ef3104:  bbcc                   cmpal %a4,%a5
ef3106:  6406                   bccs 0xef310e
ef3108:  bf95                   eorl %d7,%a5@
ef310a:  588d                   addql #4,%a5
ef310c:  60f6                   bras 0xef3104                            ; loc_ef3104
ef310e:  4cee 3080 fff4         moveml %fp@(-12),%d7/%a4-%a5
ef3114:  4e5e                   unlk %fp
ef3116:  4e75                   rts

_finit:    ; dpy/finit.c: sets video enable, g_fbtype=2, tests the colour jumper (btst #1,0xee3800 = bit 9), calls init_scolor, g_fbtype=3 on success
ef3118:  4e56 fff8              linkw %fp,#-8
ef311c:  4879 00ef 755a         pea 0xef755a
ef3122:  4879 00ef 7484         pea 0xef7484
ef3128:  4879 00ef 7138         pea 0xef7138
ef312e:  4878 00f0              pea 0xf0
ef3132:  4879 00ef 7048         pea 0xef7048
ef3138:  2f38 064c              movel 0x64c,%sp@-                        ; g_font
ef313c:  4eba fe86              jsr %pc@(0xef2fc4)                       ; fn_ef2fc4
ef3140:  4fef 0018              lea %sp@(24),%sp
ef3144:  41f9 00ee 3800         lea 0xee3800,%a0                         ; VIDEOCTL_BASE
ef314a:  3d50 fffe              movew %a0@,%fp@(-2)
ef314e:  08ee 0007 fffe         bset #7,%fp@(-2)
ef3154:  41ee fffe              lea %fp@(-2),%a0
ef3158:  33d0 00ee 3800         movew %a0@,0xee3800                      ; VIDEOCTL_BASE
ef315e:  7202                   moveq #2,%d1
ef3160:  21c1 069e              movel %d1,0x69e                          ; g_fbtype
ef3164:  0839 0001 00ee 3800    btst #1,0xee3800                         ; VIDEOCTL_BASE
ef316c:  6712                   beqs 0xef3180
ef316e:  4eba 0bc4              jsr %pc@(0xef3d34)                       ; _init_scolor
ef3172:  2d40 fffa              movel %d0,%fp@(-6)
ef3176:  6d08                   blts 0xef3180
ef3178:  7203                   moveq #3,%d1
ef317a:  21c1 069e              movel %d1,0x69e                          ; g_fbtype
ef317e:  6010                   bras 0xef3190                            ; loc_ef3190
ef3180:  7000                   moveq #0,%d0
ef3182:  1039 00ee 3800         moveb 0xee3800,%d0                       ; VIDEOCTL_BASE
ef3188:  7201                   moveq #1,%d1
ef318a:  c001                   andb %d1,%d0
ef318c:  2d40 fffa              movel %d0,%fp@(-6)

loc_ef3190:
ef3190:  4aae fffa              tstl %fp@(-6)
ef3194:  671c                   beqs 0xef31b2
ef3196:  21fc 0000 0400 068e    movel #1024,0x68e                        ; gp
ef319e:  21fc 0000 0400 0692    movel #1024,0x692                        ; gp
ef31a6:  21fc 0000 0080 0696    movel #128,0x696
ef31ae:  7210                   moveq #16,%d1
ef31b0:  6018                   bras 0xef31ca                            ; loc_ef31ca
ef31b2:  21fc 0000 0480 068e    movel #1152,0x68e
ef31ba:  21fc 0000 0384 0692    movel #900,0x692
ef31c2:  7238                   moveq #56,%d1
ef31c4:  21c1 0696              movel %d1,0x696
ef31c8:  7240                   moveq #64,%d1

loc_ef31ca:
ef31ca:  21c1 069a              movel %d1,0x69a
ef31ce:  21fc 00ec 0000 05fc    movel #15466496,0x5fc                    ; VIDEOMEM_BASE
ef31d6:  2038 068e              movel 0x68e,%d0
ef31da:  e688                   lsrl #3,%d0
ef31dc:  21c0 05f8              movel %d0,0x5f8
ef31e0:  42b8 0600              clrl 0x600
ef31e4:  42b8 0604              clrl 0x604
ef31e8:  21fc 0000 05f8 05f4    movel #1528,0x5f4
ef31f0:  21fc 0000 05e4 060c    movel #1508,0x60c
ef31f8:  7202                   moveq #2,%d1
ef31fa:  21c1 062c              movel %d1,0x62c
ef31fe:  42b8 0634              clrl 0x634
ef3202:  42b8 0638              clrl 0x638
ef3206:  720c                   moveq #12,%d1
ef3208:  21c1 061c              movel %d1,0x61c
ef320c:  7216                   moveq #22,%d1
ef320e:  21c1 0620              movel %d1,0x620
ef3212:  21fc 0000 062c 0628    movel #1580,0x628
ef321a:  21fc 0000 0618 0640    movel #1560,0x640
ef3222:  42b8 0644              clrl 0x644
ef3226:  42b8 0648              clrl 0x648
ef322a:  42b8 066a              clrl 0x66a
ef322e:  7218                   moveq #24,%d1
ef3230:  21c1 0666              movel %d1,0x666
ef3234:  42b8 066e              clrl 0x66e
ef3238:  7201                   moveq #1,%d1
ef323a:  21c1 0672              movel %d1,0x672
ef323e:  21c1 0682              movel %d1,0x682
ef3242:  2f2e 000c              movel %fp@(12),%sp@-
ef3246:  2f2e 0008              movel %fp@(8),%sp@-
ef324a:  4eba 05ac              jsr %pc@(0xef37f8)                       ; sub_ef37f8
ef324e:  504f                   addqw #8,%sp
ef3250:  4e5e                   unlk %fp
ef3252:  4e75                   rts

_fwritechar:
ef3254:  4e56 0000              linkw %fp,#0
ef3258:  4878 0001              pea 0x1
ef325c:  486e 000b              pea %fp@(11)
ef3260:  6106                   bsrs 0xef3268                            ; _fwritestr
ef3262:  504f                   addqw #8,%sp
ef3264:  4e5e                   unlk %fp
ef3266:  4e75                   rts

_fwritestr:
ef3268:  4e56 ffe8              linkw %fp,#-24
ef326c:  48d7 20c0              moveml %d6-%d7/%a5,%sp@
ef3270:  2a6e 0008              moveal %fp@(8),%a5
ef3274:  3e2e 000e              movew %fp@(14),%d7
ef3278:  6100 05ca              bsrw 0xef3844                            ; sub_ef3844

loc_ef327c:
ef327c:  5347                   subqw #1,%d7
ef327e:  70ff                   moveq #-1,%d0
ef3280:  be40                   cmpw %d0,%d7
ef3282:  6700 0568              beqw 0xef37ec
ef3286:  1c1d                   moveb %a5@+,%d6

loc_ef3288:
ef3288:  2038 066e              movel 0x66e,%d0
ef328c:  0800 0007              btst #7,%d0
ef3290:  6700 0090              beqw 0xef3322
ef3294:  1006                   moveb %d6,%d0
ef3296:  4880                   extw %d0
ef3298:  48c0                   extl %d0
ef329a:  67e0                   beqs 0xef327c                            ; loc_ef327c
ef329c:  0c80 0000 000a         cmpil #10,%d0
ef32a2:  67d8                   beqs 0xef327c                            ; loc_ef327c
ef32a4:  0c80 0000 000c         cmpil #12,%d0
ef32aa:  6740                   beqs 0xef32ec
ef32ac:  0c80 0000 000d         cmpil #13,%d0
ef32b2:  67c8                   beqs 0xef327c                            ; loc_ef327c
ef32b4:  0c80 0000 001b         cmpil #27,%d0
ef32ba:  67c0                   beqs 0xef327c                            ; loc_ef327c
ef32bc:  0c80 0000 003f         cmpil #63,%d0
ef32c2:  6754                   beqs 0xef3318
ef32c4:  0c80 0000 005b         cmpil #91,%d0
ef32ca:  6712                   beqs 0xef32de
ef32cc:  0c80 0000 007f         cmpil #127,%d0
ef32d2:  67a8                   beqs 0xef327c                            ; loc_ef327c
ef32d4:  02b8 ffff ff7f 066e    andil #-129,0x66e
ef32dc:  609e                   bras 0xef327c                            ; loc_ef327c
ef32de:  7002                   moveq #2,%d0
ef32e0:  21c0 066e              movel %d0,0x66e
ef32e4:  7001                   moveq #1,%d0
ef32e6:  21c0 0672              movel %d0,0x672
ef32ea:  6090                   bras 0xef327c                            ; loc_ef327c
ef32ec:  42b8 066e              clrl 0x66e
ef32f0:  7201                   moveq #1,%d1
ef32f2:  21c1 0672              movel %d1,0x672
ef32f6:  42a7                   clrl %sp@-
ef32f8:  42a7                   clrl %sp@-
ef32fa:  6100 04fc              bsrw 0xef37f8                            ; sub_ef37f8
ef32fe:  504f                   addqw #8,%sp
ef3300:  2f38 0692              movel 0x692,%sp@-
ef3304:  2f38 068e              movel 0x68e,%sp@-
ef3308:  42a7                   clrl %sp@-
ef330a:  42a7                   clrl %sp@-
ef330c:  4eba fd5a              jsr %pc@(0xef3068)                       ; sub_ef3068
ef3310:  4fef 0010              lea %sp@(16),%sp
ef3314:  6000 ff66              braw 0xef327c                            ; loc_ef327c
ef3318:  7c7f                   moveq #127,%d6
ef331a:  02b8 ffff ff7f 066e    andil #-129,0x66e
ef3322:  2038 066e              movel 0x66e,%d0
ef3326:  6722                   beqs 0xef334a
ef3328:  0c80 0000 0001         cmpil #1,%d0
ef332e:  6700 04ac              beqw 0xef37dc
ef3332:  0c80 0000 0002         cmpil #2,%d0
ef3338:  6700 0222              beqw 0xef355c
ef333c:  42b8 066e              clrl 0x66e
ef3340:  7001                   moveq #1,%d0
ef3342:  21c0 0672              movel %d0,0x672
ef3346:  6000 ff40              braw 0xef3288                            ; loc_ef3288
ef334a:  42b8 0676              clrl 0x676
ef334e:  70ff                   moveq #-1,%d0
ef3350:  21c0 067a              movel %d0,0x67a
ef3354:  1006                   moveb %d6,%d0
ef3356:  4880                   extw %d0
ef3358:  48c0                   extl %d0
ef335a:  0c80 0000 007f         cmpil #127,%d0
ef3360:  6200 019a              bhiw 0xef34fc
ef3364:  41fa 01e8              lea %pc@(0xef354e),%a0                   ; T_fwritestr_ctrl
ef3368:  7208                   moveq #8,%d1
ef336a:  b018                   cmpb %a0@+,%d0
ef336c:  54c9 fffc              dbcc %d1,0xef336a
ef3370:  6600 018a              bnew 0xef34fc
ef3374:  d241                   addw %d1,%d1
ef3376:  303b 1006              movew %pc@(0xef337e,%d1:w),%d0
ef337a:  4efb 0002              jmp %pc@(0xef337e,%d0:w)
ef337e:  0012                   .word 0x0012                ; case 0 -> case_ef3390
ef3380:  001a                   .word 0x001a                ; case 1 -> case_ef3398
ef3382:  0030                   .word 0x0030                ; case 2 -> case_ef33ae
ef3384:  004a                   .word 0x004a                ; case 3 -> case_ef33c8
ef3386:  0130                   .word 0x0130                ; case 4 -> case_ef34ae
ef3388:  0146                   .word 0x0146                ; case 5 -> case_ef34c4
ef338a:  0164                   .word 0x0164                ; case 6 -> case_ef34e2
ef338c:  0172                   .word 0x0172                ; case 7 -> case_ef34f0
ef338e:  fefe                   .word 0xfefe                ; case 8 -> loc_ef327c

case_ef3390:
ef3390:  6100 04f4              bsrw 0xef3886                            ; sub_ef3886
ef3394:  6000 fee6              braw 0xef327c                            ; loc_ef327c

case_ef3398:
ef3398:  2f38 0654              movel 0x654,%sp@-
ef339c:  2038 0650              movel 0x650,%d0
ef33a0:  5380                   subql #1,%d0
ef33a2:  2f00                   movel %d0,%sp@-
ef33a4:  6100 0452              bsrw 0xef37f8                            ; sub_ef37f8
ef33a8:  504f                   addqw #8,%sp
ef33aa:  6000 fed0              braw 0xef327c                            ; loc_ef327c

case_ef33ae:
ef33ae:  2f38 0654              movel 0x654,%sp@-
ef33b2:  2038 0650              movel 0x650,%d0
ef33b6:  72f8                   moveq #-8,%d1
ef33b8:  c081                   andl %d1,%d0
ef33ba:  5080                   addql #8,%d0
ef33bc:  2f00                   movel %d0,%sp@-
ef33be:  6100 0438              bsrw 0xef37f8                            ; sub_ef37f8
ef33c2:  504f                   addqw #8,%sp
ef33c4:  6000 feb6              braw 0xef327c                            ; loc_ef327c

case_ef33c8:
ef33c8:  0cb8 0000 0021 0654    cmpil #33,0x654
ef33d0:  6c28                   bges 0xef33fa
ef33d2:  52b8 0654              addql #1,0x654
ef33d6:  7016                   moveq #22,%d0
ef33d8:  d1b8 0614              addl %d0,0x614
ef33dc:  4ab8 0682              tstl 0x682
ef33e0:  6600 fe9a              bnew 0xef327c                            ; loc_ef327c
ef33e4:  2f38 0654              movel 0x654,%sp@-
ef33e8:  4878 0050              pea 0x50
ef33ec:  42a7                   clrl %sp@-
ef33ee:  4eba 0638              jsr %pc@(0xef3a28)                       ; sub_ef3a28
ef33f2:  4fef 000c              lea %sp@(12),%sp
ef33f6:  6000 fe84              braw 0xef327c                            ; loc_ef327c
ef33fa:  4ab8 0682              tstl 0x682
ef33fe:  6622                   bnes 0xef3422
ef3400:  42a7                   clrl %sp@-
ef3402:  2f38 0650              movel 0x650,%sp@-
ef3406:  6100 03f0              bsrw 0xef37f8                            ; sub_ef37f8
ef340a:  504f                   addqw #8,%sp
ef340c:  2f38 0654              movel 0x654,%sp@-
ef3410:  4878 0050              pea 0x50
ef3414:  42a7                   clrl %sp@-
ef3416:  4eba 0610              jsr %pc@(0xef3a28)                       ; sub_ef3a28
ef341a:  4fef 000c              lea %sp@(12),%sp
ef341e:  6000 fe5c              braw 0xef327c                            ; loc_ef327c
ef3422:  2d78 0682 fffc         movel 0x682,%fp@(-4)
ef3428:  0cae 0000 0001 fffc    cmpil #1,%fp@(-4)
ef3430:  663a                   bnes 0xef346c
ef3432:  2d4d fff8              movel %a5,%fp@(-8)
ef3436:  3d47 fff6              movew %d7,%fp@(-10)

loc_ef343a:
ef343a:  5347                   subqw #1,%d7
ef343c:  72ff                   moveq #-1,%d1
ef343e:  be41                   cmpw %d1,%d7
ef3440:  6722                   beqs 0xef3464
ef3442:  0c15 000a              cmpib #10,%a5@
ef3446:  6606                   bnes 0xef344e
ef3448:  52ae fffc              addql #1,%fp@(-4)
ef344c:  6012                   bras 0xef3460                            ; loc_ef3460
ef344e:  0c15 000d              cmpib #13,%a5@
ef3452:  670c                   beqs 0xef3460                            ; loc_ef3460
ef3454:  0c15 0020              cmpib #32,%a5@
ef3458:  6406                   bccs 0xef3460                            ; loc_ef3460
ef345a:  0c15 000a              cmpib #10,%a5@
ef345e:  6204                   bhis 0xef3464

loc_ef3460:
ef3460:  528d                   addql #1,%a5
ef3462:  60d6                   bras 0xef343a                            ; loc_ef343a
ef3464:  3e2e fff6              movew %fp@(-10),%d7
ef3468:  2a6e fff8              moveal %fp@(-8),%a5
ef346c:  0cae 0000 0022 fffc    cmpil #34,%fp@(-4)
ef3474:  6f06                   bles 0xef347c
ef3476:  7222                   moveq #34,%d1
ef3478:  2d41 fffc              movel %d1,%fp@(-4)
ef347c:  2f2e fffc              movel %fp@(-4),%sp@-
ef3480:  42a7                   clrl %sp@-
ef3482:  4eba 0478              jsr %pc@(0xef38fc)                       ; fn_ef38fc
ef3486:  504f                   addqw #8,%sp
ef3488:  0cae 0000 0001 fffc    cmpil #1,%fp@(-4)
ef3490:  6700 fdea              beqw 0xef327c                            ; loc_ef327c
ef3494:  2038 0654              movel 0x654,%d0
ef3498:  5280                   addql #1,%d0
ef349a:  90ae fffc              subl %fp@(-4),%d0
ef349e:  2f00                   movel %d0,%sp@-
ef34a0:  2f38 0650              movel 0x650,%sp@-
ef34a4:  6100 0352              bsrw 0xef37f8                            ; sub_ef37f8
ef34a8:  504f                   addqw #8,%sp
ef34aa:  6000 fdd0              braw 0xef327c                            ; loc_ef327c

case_ef34ae:
ef34ae:  2038 0654              movel 0x654,%d0
ef34b2:  5380                   subql #1,%d0
ef34b4:  2f00                   movel %d0,%sp@-
ef34b6:  2f38 0650              movel 0x650,%sp@-
ef34ba:  6100 033c              bsrw 0xef37f8                            ; sub_ef37f8
ef34be:  504f                   addqw #8,%sp
ef34c0:  6000 fdba              braw 0xef327c                            ; loc_ef327c

case_ef34c4:
ef34c4:  42a7                   clrl %sp@-
ef34c6:  42a7                   clrl %sp@-
ef34c8:  6100 032e              bsrw 0xef37f8                            ; sub_ef37f8
ef34cc:  504f                   addqw #8,%sp
ef34ce:  2f38 0692              movel 0x692,%sp@-
ef34d2:  2f38 068e              movel 0x68e,%sp@-
ef34d6:  42a7                   clrl %sp@-
ef34d8:  42a7                   clrl %sp@-
ef34da:  4eba fb8c              jsr %pc@(0xef3068)                       ; sub_ef3068
ef34de:  4fef 0010              lea %sp@(16),%sp

case_ef34e2:
ef34e2:  42b8 0650              clrl 0x650
ef34e6:  21f8 069a 0610         movel 0x69a,0x610
ef34ec:  6000 fd8e              braw 0xef327c                            ; loc_ef327c

case_ef34f0:
ef34f0:  00b8 0000 0080 066e    oril #128,0x66e
ef34f8:  6000 fd82              braw 0xef327c                            ; loc_ef327c
ef34fc:  7020                   moveq #32,%d0
ef34fe:  9c00                   subb %d0,%d6
ef3500:  4a06                   tstb %d6
ef3502:  6d00 fd78              bltw 0xef327c                            ; loc_ef327c
ef3506:  2f38 0666              movel 0x666,%sp@-
ef350a:  1006                   moveb %d6,%d0
ef350c:  4880                   extw %d0
ef350e:  48c0                   extl %d0
ef3510:  d080                   addl %d0,%d0
ef3512:  2200                   movel %d0,%d1
ef3514:  e589                   lsll #2,%d1
ef3516:  d081                   addl %d1,%d0
ef3518:  e589                   lsll #2,%d1
ef351a:  d081                   addl %d1,%d0
ef351c:  d0b8 064c              addl 0x64c,%d0                           ; g_font
ef3520:  2f00                   movel %d0,%sp@-
ef3522:  4eba fa38              jsr %pc@(0xef2f5c)                       ; sub_ef2f5c
ef3526:  504f                   addqw #8,%sp
ef3528:  0cb8 0000 004f 0650    cmpil #79,0x650
ef3530:  6c0e                   bges 0xef3540
ef3532:  52b8 0650              addql #1,0x650
ef3536:  700c                   moveq #12,%d0
ef3538:  d1b8 0610              addl %d0,0x610
ef353c:  6000 fd3e              braw 0xef327c                            ; loc_ef327c
ef3540:  42b8 0650              clrl 0x650
ef3544:  21f8 069a 0610         movel 0x69a,0x610
ef354a:  6000 fe7c              braw 0xef33c8                            ; case_ef33c8

T_fwritestr_ctrl:    ; _fwritestr's switch on a control character, as a search table: DEL ESC CR FF VT LF TAB BS BEL, then a pad byte (dpy/fwritestr.c)
ef354e:  7f1b 0d0c 0b0a...      .byte 0x7f, 0x1b, 0x0d, 0x0c, 0x0b, 0x0a, 0x09, 0x08
ef3556:  0700                   .byte 0x07, 0x00
ef3558:  6000 fd22              braw 0xef327c                            ; loc_ef327c
ef355c:  7030                   moveq #48,%d0
ef355e:  bc00                   cmpb %d0,%d6
ef3560:  6d2c                   blts 0xef358e
ef3562:  7039                   moveq #57,%d0
ef3564:  bc00                   cmpb %d0,%d6
ef3566:  6e26                   bgts 0xef358e
ef3568:  1038 0679              moveb 0x679,%d0
ef356c:  4880                   extw %d0
ef356e:  48c0                   extl %d0
ef3570:  d080                   addl %d0,%d0
ef3572:  2200                   movel %d0,%d1
ef3574:  e589                   lsll #2,%d1
ef3576:  d081                   addl %d1,%d0
ef3578:  1206                   moveb %d6,%d1
ef357a:  4881                   extw %d1
ef357c:  48c1                   extl %d1
ef357e:  d081                   addl %d1,%d0
ef3580:  0480 0000 0030         subil #48,%d0
ef3586:  21c0 0676              movel %d0,0x676
ef358a:  6000 fcf0              braw 0xef327c                            ; loc_ef327c
ef358e:  703b                   moveq #59,%d0
ef3590:  bc00                   cmpb %d0,%d6
ef3592:  660e                   bnes 0xef35a2
ef3594:  21f8 0676 067a         movel 0x676,0x67a
ef359a:  42b8 0676              clrl 0x676
ef359e:  6000 fcdc              braw 0xef327c                            ; loc_ef327c
ef35a2:  21f8 0676 067e         movel 0x676,0x67e
ef35a8:  4ab8 0676              tstl 0x676
ef35ac:  6606                   bnes 0xef35b4
ef35ae:  7001                   moveq #1,%d0
ef35b0:  21c0 0676              movel %d0,0x676
ef35b4:  1006                   moveb %d6,%d0
ef35b6:  4880                   extw %d0
ef35b8:  48c0                   extl %d0
ef35ba:  0480 0000 0040         subil #64,%d0
ef35c0:  0c80 0000 0033         cmpil #51,%d0
ef35c6:  6200 01fc              bhiw 0xef37c4                            ; case_ef37c4
ef35ca:  d040                   addw %d0,%d0
ef35cc:  303b 0006              movew %pc@(0xef35d4,%d0:w),%d0
ef35d0:  4efb 0002              jmp %pc@(0xef35d4,%d0:w)
ef35d4:  0068                   .word 0x0068                ; case 0 -> case_ef363c
ef35d6:  0086                   .word 0x0086                ; case 1 -> case_ef365a
ef35d8:  009e                   .word 0x009e                ; case 2 -> case_ef3672
ef35da:  00b6                   .word 0x00b6                ; case 3 -> case_ef368a
ef35dc:  00ce                   .word 0x00ce                ; case 4 -> case_ef36a2
ef35de:  00e6                   .word 0x00e6                ; case 5 -> case_ef36ba
ef35e0:  01f0                   .word 0x01f0                ; case 6 -> case_ef37c4
ef35e2:  01f0                   .word 0x01f0                ; case 7 -> case_ef37c4
ef35e4:  00fc                   .word 0x00fc                ; case 8 -> case_ef36d0
ef35e6:  01f0                   .word 0x01f0                ; case 9 -> case_ef37c4
ef35e8:  0130                   .word 0x0130                ; case 10 -> case_ef3704
ef35ea:  0142                   .word 0x0142                ; case 11 -> case_ef3716
ef35ec:  015a                   .word 0x015a                ; case 12 -> case_ef372e
ef35ee:  0172                   .word 0x0172                ; case 13 -> case_ef3746
ef35f0:  01f0                   .word 0x01f0                ; case 14 -> case_ef37c4
ef35f2:  01f0                   .word 0x01f0                ; case 15 -> case_ef37c4
ef35f4:  0188                   .word 0x0188                ; case 16 -> case_ef375c
ef35f6:  01f0                   .word 0x01f0                ; case 17 -> case_ef37c4
ef35f8:  01f0                   .word 0x01f0                ; case 18 -> case_ef37c4
ef35fa:  01f0                   .word 0x01f0                ; case 19 -> case_ef37c4
ef35fc:  01f0                   .word 0x01f0                ; case 20 -> case_ef37c4
ef35fe:  01f0                   .word 0x01f0                ; case 21 -> case_ef37c4
ef3600:  01f0                   .word 0x01f0                ; case 22 -> case_ef37c4
ef3602:  01f0                   .word 0x01f0                ; case 23 -> case_ef37c4
ef3604:  01f0                   .word 0x01f0                ; case 24 -> case_ef37c4
ef3606:  01f0                   .word 0x01f0                ; case 25 -> case_ef37c4
ef3608:  01f0                   .word 0x01f0                ; case 26 -> case_ef37c4
ef360a:  01f0                   .word 0x01f0                ; case 27 -> case_ef37c4
ef360c:  01f0                   .word 0x01f0                ; case 28 -> case_ef37c4
ef360e:  01f0                   .word 0x01f0                ; case 29 -> case_ef37c4
ef3610:  01f0                   .word 0x01f0                ; case 30 -> case_ef37c4
ef3612:  01f0                   .word 0x01f0                ; case 31 -> case_ef37c4
ef3614:  01f0                   .word 0x01f0                ; case 32 -> case_ef37c4
ef3616:  01f0                   .word 0x01f0                ; case 33 -> case_ef37c4
ef3618:  01f0                   .word 0x01f0                ; case 34 -> case_ef37c4
ef361a:  01f0                   .word 0x01f0                ; case 35 -> case_ef37c4
ef361c:  01f0                   .word 0x01f0                ; case 36 -> case_ef37c4
ef361e:  01f0                   .word 0x01f0                ; case 37 -> case_ef37c4
ef3620:  00fc                   .word 0x00fc                ; case 38 -> case_ef36d0
ef3622:  01f0                   .word 0x01f0                ; case 39 -> case_ef37c4
ef3624:  01f0                   .word 0x01f0                ; case 40 -> case_ef37c4
ef3626:  01f0                   .word 0x01f0                ; case 41 -> case_ef37c4
ef3628:  01f0                   .word 0x01f0                ; case 42 -> case_ef37c4
ef362a:  01f0                   .word 0x01f0                ; case 43 -> case_ef37c4
ef362c:  01f0                   .word 0x01f0                ; case 44 -> case_ef37c4
ef362e:  01a4                   .word 0x01a4                ; case 45 -> case_ef3778
ef3630:  01f0                   .word 0x01f0                ; case 46 -> case_ef37c4
ef3632:  01f0                   .word 0x01f0                ; case 47 -> case_ef37c4
ef3634:  01bc                   .word 0x01bc                ; case 48 -> case_ef3790
ef3636:  01c8                   .word 0x01c8                ; case 49 -> case_ef379c
ef3638:  01d8                   .word 0x01d8                ; case 50 -> case_ef37ac
ef363a:  01e0                   .word 0x01e0                ; case 51 -> case_ef37b4

case_ef363c:
ef363c:  2f38 0654              movel 0x654,%sp@-
ef3640:  2038 0650              movel 0x650,%d0
ef3644:  d0b8 0676              addl 0x676,%d0
ef3648:  2f00                   movel %d0,%sp@-
ef364a:  2f38 0650              movel 0x650,%sp@-
ef364e:  4eba 052a              jsr %pc@(0xef3b7a)                       ; sub_ef3b7a
ef3652:  4fef 000c              lea %sp@(12),%sp
ef3656:  6000 017c              braw 0xef37d4                            ; loc_ef37d4

case_ef365a:
ef365a:  2038 0654              movel 0x654,%d0
ef365e:  90b8 0676              subl 0x676,%d0
ef3662:  2f00                   movel %d0,%sp@-
ef3664:  2f38 0650              movel 0x650,%sp@-
ef3668:  6100 018e              bsrw 0xef37f8                            ; sub_ef37f8
ef366c:  504f                   addqw #8,%sp
ef366e:  6000 0164              braw 0xef37d4                            ; loc_ef37d4

case_ef3672:
ef3672:  2038 0654              movel 0x654,%d0
ef3676:  d0b8 0676              addl 0x676,%d0
ef367a:  2f00                   movel %d0,%sp@-
ef367c:  2f38 0650              movel 0x650,%sp@-
ef3680:  6100 0176              bsrw 0xef37f8                            ; sub_ef37f8
ef3684:  504f                   addqw #8,%sp
ef3686:  6000 014c              braw 0xef37d4                            ; loc_ef37d4

case_ef368a:
ef368a:  2f38 0654              movel 0x654,%sp@-
ef368e:  2038 0650              movel 0x650,%d0
ef3692:  d0b8 0676              addl 0x676,%d0
ef3696:  2f00                   movel %d0,%sp@-
ef3698:  6100 015e              bsrw 0xef37f8                            ; sub_ef37f8
ef369c:  504f                   addqw #8,%sp
ef369e:  6000 0134              braw 0xef37d4                            ; loc_ef37d4

case_ef36a2:
ef36a2:  2f38 0654              movel 0x654,%sp@-
ef36a6:  2038 0650              movel 0x650,%d0
ef36aa:  90b8 0676              subl 0x676,%d0
ef36ae:  2f00                   movel %d0,%sp@-
ef36b0:  6100 0146              bsrw 0xef37f8                            ; sub_ef37f8
ef36b4:  504f                   addqw #8,%sp
ef36b6:  6000 011c              braw 0xef37d4                            ; loc_ef37d4

case_ef36ba:
ef36ba:  2038 0654              movel 0x654,%d0
ef36be:  d0b8 0676              addl 0x676,%d0
ef36c2:  2f00                   movel %d0,%sp@-
ef36c4:  42a7                   clrl %sp@-
ef36c6:  6100 0130              bsrw 0xef37f8                            ; sub_ef37f8
ef36ca:  504f                   addqw #8,%sp
ef36cc:  6000 0106              braw 0xef37d4                            ; loc_ef37d4

case_ef36d0:
ef36d0:  4ab8 067a              tstl 0x67a
ef36d4:  6c14                   bges 0xef36ea
ef36d6:  2038 0676              movel 0x676,%d0
ef36da:  5380                   subql #1,%d0
ef36dc:  2f00                   movel %d0,%sp@-
ef36de:  42a7                   clrl %sp@-
ef36e0:  6100 0116              bsrw 0xef37f8                            ; sub_ef37f8
ef36e4:  504f                   addqw #8,%sp
ef36e6:  6000 00ec              braw 0xef37d4                            ; loc_ef37d4
ef36ea:  2038 067a              movel 0x67a,%d0
ef36ee:  5380                   subql #1,%d0
ef36f0:  2f00                   movel %d0,%sp@-
ef36f2:  2038 0676              movel 0x676,%d0
ef36f6:  5380                   subql #1,%d0
ef36f8:  2f00                   movel %d0,%sp@-
ef36fa:  6100 00fc              bsrw 0xef37f8                            ; sub_ef37f8
ef36fe:  504f                   addqw #8,%sp
ef3700:  6000 00d2              braw 0xef37d4                            ; loc_ef37d4

case_ef3704:
ef3704:  4878 0022              pea 0x22
ef3708:  2038 0654              movel 0x654,%d0
ef370c:  5280                   addql #1,%d0
ef370e:  2f00                   movel %d0,%sp@-
ef3710:  4eba 01ea              jsr %pc@(0xef38fc)                       ; fn_ef38fc
ef3714:  504f                   addqw #8,%sp

case_ef3716:
ef3716:  2f38 0654              movel 0x654,%sp@-
ef371a:  4878 0050              pea 0x50
ef371e:  2f38 0650              movel 0x650,%sp@-
ef3722:  4eba 0304              jsr %pc@(0xef3a28)                       ; sub_ef3a28
ef3726:  4fef 000c              lea %sp@(12),%sp
ef372a:  6000 00a8              braw 0xef37d4                            ; loc_ef37d4

case_ef372e:
ef372e:  2038 0654              movel 0x654,%d0
ef3732:  d0b8 0676              addl 0x676,%d0
ef3736:  2f00                   movel %d0,%sp@-
ef3738:  2f38 0654              movel 0x654,%sp@-
ef373c:  4eba 0254              jsr %pc@(0xef3992)                       ; sub_ef3992
ef3740:  504f                   addqw #8,%sp
ef3742:  6000 0090              braw 0xef37d4                            ; loc_ef37d4

case_ef3746:
ef3746:  2038 0654              movel 0x654,%d0
ef374a:  d0b8 0676              addl 0x676,%d0
ef374e:  2f00                   movel %d0,%sp@-
ef3750:  2f38 0654              movel 0x654,%sp@-
ef3754:  4eba 01a6              jsr %pc@(0xef38fc)                       ; fn_ef38fc
ef3758:  504f                   addqw #8,%sp
ef375a:  6078                   bras 0xef37d4                            ; loc_ef37d4

case_ef375c:
ef375c:  2f38 0654              movel 0x654,%sp@-
ef3760:  2038 0650              movel 0x650,%d0
ef3764:  d0b8 0676              addl 0x676,%d0
ef3768:  2f00                   movel %d0,%sp@-
ef376a:  2f38 0650              movel 0x650,%sp@-
ef376e:  4eba 02b8              jsr %pc@(0xef3a28)                       ; sub_ef3a28
ef3772:  4fef 000c              lea %sp@(12),%sp
ef3776:  605c                   bras 0xef37d4                            ; loc_ef37d4

case_ef3778:
ef3778:  4ab8 067e              tstl 0x67e
ef377c:  6604                   bnes 0xef3782
ef377e:  7018                   moveq #24,%d0
ef3780:  6002                   bras 0xef3784                            ; loc_ef3784
ef3782:  7006                   moveq #6,%d0

loc_ef3784:
ef3784:  2238 066a              movel 0x66a,%d1
ef3788:  b380                   eorl %d1,%d0
ef378a:  21c0 0666              movel %d0,0x666
ef378e:  6044                   bras 0xef37d4                            ; loc_ef37d4

case_ef3790:
ef3790:  4ab8 066a              tstl 0x66a
ef3794:  673e                   beqs 0xef37d4                            ; loc_ef37d4
ef3796:  6100 00c8              bsrw 0xef3860                            ; sub_ef3860
ef379a:  6038                   bras 0xef37d4                            ; loc_ef37d4

case_ef379c:
ef379c:  0cb8 0000 001e 066a    cmpil #30,0x66a
ef37a4:  672e                   beqs 0xef37d4                            ; loc_ef37d4
ef37a6:  6100 00b8              bsrw 0xef3860                            ; sub_ef3860
ef37aa:  6028                   bras 0xef37d4                            ; loc_ef37d4

case_ef37ac:
ef37ac:  21f8 067e 0682         movel 0x67e,0x682
ef37b2:  6020                   bras 0xef37d4                            ; loc_ef37d4

case_ef37b4:
ef37b4:  2f38 0654              movel 0x654,%sp@-
ef37b8:  2f38 0650              movel 0x650,%sp@-
ef37bc:  4eba f95a              jsr %pc@(0xef3118)                       ; _finit
ef37c0:  504f                   addqw #8,%sp
ef37c2:  6010                   bras 0xef37d4                            ; loc_ef37d4

case_ef37c4:
ef37c4:  7040                   moveq #64,%d0
ef37c6:  bc00                   cmpb %d0,%d6
ef37c8:  6c0a                   bges 0xef37d4                            ; loc_ef37d4
ef37ca:  7001                   moveq #1,%d0
ef37cc:  21c0 066e              movel %d0,0x66e
ef37d0:  6000 faaa              braw 0xef327c                            ; loc_ef327c

loc_ef37d4:
ef37d4:  42b8 066e              clrl 0x66e
ef37d8:  6000 faa2              braw 0xef327c                            ; loc_ef327c
ef37dc:  7040                   moveq #64,%d0
ef37de:  bc00                   cmpb %d0,%d6
ef37e0:  6d00 fa9a              bltw 0xef327c                            ; loc_ef327c
ef37e4:  42b8 066e              clrl 0x66e
ef37e8:  6000 fa92              braw 0xef327c                            ; loc_ef327c
ef37ec:  6156                   bsrs 0xef3844                            ; sub_ef3844
ef37ee:  4cee 20c0 ffe8         moveml %fp@(-24),%d6-%d7/%a5
ef37f4:  4e5e                   unlk %fp
ef37f6:  4e75                   rts

sub_ef37f8:
ef37f8:  4e56 0000              linkw %fp,#0
ef37fc:  4278 0660              clrw 0x660
ef3800:  4aae 0008              tstl %fp@(8)
ef3804:  6c04                   bges 0xef380a
ef3806:  7000                   moveq #0,%d0
ef3808:  6012                   bras 0xef381c                            ; loc_ef381c
ef380a:  0cae 0000 0050 0008    cmpil #80,%fp@(8)
ef3812:  6d04                   blts 0xef3818
ef3814:  704f                   moveq #79,%d0
ef3816:  6004                   bras 0xef381c                            ; loc_ef381c
ef3818:  202e 0008              movel %fp@(8),%d0

loc_ef381c:
ef381c:  21c0 0650              movel %d0,0x650
ef3820:  4aae 000c              tstl %fp@(12)
ef3824:  6c04                   bges 0xef382a
ef3826:  7000                   moveq #0,%d0
ef3828:  6012                   bras 0xef383c                            ; loc_ef383c
ef382a:  0cae 0000 0022 000c    cmpil #34,%fp@(12)
ef3832:  6d04                   blts 0xef3838
ef3834:  7021                   moveq #33,%d0
ef3836:  6004                   bras 0xef383c                            ; loc_ef383c
ef3838:  202e 000c              movel %fp@(12),%d0

loc_ef383c:
ef383c:  21c0 0654              movel %d0,0x654
ef3840:  4e5e                   unlk %fp
ef3842:  4e75                   rts

sub_ef3844:
ef3844:  4e56 0000              linkw %fp,#0
ef3848:  4ab8 0672              tstl 0x672
ef384c:  670e                   beqs 0xef385c
ef384e:  4878 000a              pea 0xa
ef3852:  2f38 064c              movel 0x64c,%sp@-                        ; g_font
ef3856:  4eba f704              jsr %pc@(0xef2f5c)                       ; sub_ef2f5c
ef385a:  504f                   addqw #8,%sp
ef385c:  4e5e                   unlk %fp
ef385e:  4e75                   rts

sub_ef3860:
ef3860:  4e56 0000              linkw %fp,#0
ef3864:  4eba f884              jsr %pc@(0xef30ea)                       ; sub_ef30ea
ef3868:  2038 0666              movel 0x666,%d0
ef386c:  4680                   notl %d0
ef386e:  721e                   moveq #30,%d1
ef3870:  c081                   andl %d1,%d0
ef3872:  21c0 0666              movel %d0,0x666
ef3876:  2038 066a              movel 0x66a,%d0
ef387a:  4680                   notl %d0
ef387c:  c081                   andl %d1,%d0
ef387e:  21c0 066a              movel %d0,0x66a
ef3882:  4e5e                   unlk %fp
ef3884:  4e75                   rts

sub_ef3886:
ef3886:  4e56 fff8              linkw %fp,#-8
ef388a:  2d7c 0000 2710 fffa    movel #10000,%fp@(-6)
ef3892:  4a38 05b4              tstb 0x5b4                               ; g_insource
ef3896:  6628                   bnes 0xef38c0
ef3898:  4878 0002              pea 0x2
ef389c:  4eba cbbc              jsr %pc@(0xef045a)                       ; sub_ef045a
ef38a0:  584f                   addqw #4,%sp
ef38a2:  4a80                   tstl %d0
ef38a4:  6608                   bnes 0xef38ae
ef38a6:  53ae fffa              subql #1,%fp@(-6)
ef38aa:  66ec                   bnes 0xef3898
ef38ac:  6048                   bras 0xef38f6                            ; loc_ef38f6
ef38ae:  53ae fffa              subql #1,%fp@(-6)
ef38b2:  66fa                   bnes 0xef38ae
ef38b4:  4878 0003              pea 0x3
ef38b8:  4eba cba0              jsr %pc@(0xef045a)                       ; sub_ef045a
ef38bc:  584f                   addqw #4,%sp
ef38be:  6036                   bras 0xef38f6                            ; loc_ef38f6
ef38c0:  41f9 00ee 3800         lea 0xee3800,%a0                         ; VIDEOCTL_BASE
ef38c6:  3d50 fffe              movew %a0@,%fp@(-2)
ef38ca:  08ae 0007 fffe         bclr #7,%fp@(-2)
ef38d0:  41ee fffe              lea %fp@(-2),%a0
ef38d4:  33d0 00ee 3800         movew %a0@,0xee3800                      ; VIDEOCTL_BASE
ef38da:  202e fffa              movel %fp@(-6),%d0
ef38de:  53ae fffa              subql #1,%fp@(-6)
ef38e2:  4a80                   tstl %d0
ef38e4:  66f4                   bnes 0xef38da
ef38e6:  08ee 0007 fffe         bset #7,%fp@(-2)
ef38ec:  41ee fffe              lea %fp@(-2),%a0
ef38f0:  33d0 00ee 3800         movew %a0@,0xee3800                      ; VIDEOCTL_BASE

loc_ef38f6:
ef38f6:  4e5e                   unlk %fp
ef38f8:  4e75                   rts
ef38fa:  0000                   .word 0x0000                ; pad to a 4-byte function boundary

fn_ef38fc:
ef38fc:  4e56 fff8              linkw %fp,#-8
ef3900:  48d7 00c0              moveml %d6-%d7,%sp@
ef3904:  7000                   moveq #0,%d0
ef3906:  102e 000b              moveb %fp@(11),%d0
ef390a:  0280 0000 ffff         andil #65535,%d0
ef3910:  d080                   addl %d0,%d0
ef3912:  2200                   movel %d0,%d1
ef3914:  d281                   addl %d1,%d1
ef3916:  d081                   addl %d1,%d0
ef3918:  e589                   lsll #2,%d1
ef391a:  d081                   addl %d1,%d0
ef391c:  2e00                   movel %d0,%d7
ef391e:  7000                   moveq #0,%d0
ef3920:  102e 000f              moveb %fp@(15),%d0
ef3924:  0280 0000 ffff         andil #65535,%d0
ef392a:  d080                   addl %d0,%d0
ef392c:  2200                   movel %d0,%d1
ef392e:  d281                   addl %d1,%d1
ef3930:  d081                   addl %d1,%d0
ef3932:  e589                   lsll #2,%d1
ef3934:  d081                   addl %d1,%d0
ef3936:  2c00                   movel %d0,%d6
ef3938:  2038 0696              movel 0x696,%d0
ef393c:  d087                   addl %d7,%d0
ef393e:  2f00                   movel %d0,%sp@-
ef3940:  42a7                   clrl %sp@-
ef3942:  2038 0696              movel 0x696,%d0
ef3946:  0680 0000 02ec         addil #748,%d0
ef394c:  2f00                   movel %d0,%sp@-
ef394e:  2f38 068e              movel 0x68e,%sp@-
ef3952:  2038 0696              movel 0x696,%d0
ef3956:  d086                   addl %d6,%d0
ef3958:  2f00                   movel %d0,%sp@-
ef395a:  42a7                   clrl %sp@-
ef395c:  4eba f4b6              jsr %pc@(0xef2e14)                       ; sub_ef2e14
ef3960:  4fef 0018              lea %sp@(24),%sp
ef3964:  2f38 0692              movel 0x692,%sp@-
ef3968:  2f38 068e              movel 0x68e,%sp@-
ef396c:  2038 0696              movel 0x696,%d0
ef3970:  0680 0000 02ec         addil #748,%d0
ef3976:  2206                   movel %d6,%d1
ef3978:  9287                   subl %d7,%d1
ef397a:  9081                   subl %d1,%d0
ef397c:  2f00                   movel %d0,%sp@-
ef397e:  42a7                   clrl %sp@-
ef3980:  4eba f6e6              jsr %pc@(0xef3068)                       ; sub_ef3068
ef3984:  4fef 0010              lea %sp@(16),%sp
ef3988:  4cee 00c0 fff8         moveml %fp@(-8),%d6-%d7
ef398e:  4e5e                   unlk %fp
ef3990:  4e75                   rts

sub_ef3992:
ef3992:  4e56 fff8              linkw %fp,#-8
ef3996:  48d7 00c0              moveml %d6-%d7,%sp@
ef399a:  7000                   moveq #0,%d0
ef399c:  102e 000b              moveb %fp@(11),%d0
ef39a0:  0280 0000 ffff         andil #65535,%d0
ef39a6:  d080                   addl %d0,%d0
ef39a8:  2200                   movel %d0,%d1
ef39aa:  d281                   addl %d1,%d1
ef39ac:  d081                   addl %d1,%d0
ef39ae:  e589                   lsll #2,%d1
ef39b0:  d081                   addl %d1,%d0
ef39b2:  2e00                   movel %d0,%d7
ef39b4:  7000                   moveq #0,%d0
ef39b6:  102e 000f              moveb %fp@(15),%d0
ef39ba:  0280 0000 ffff         andil #65535,%d0
ef39c0:  d080                   addl %d0,%d0
ef39c2:  2200                   movel %d0,%d1
ef39c4:  d281                   addl %d1,%d1
ef39c6:  d081                   addl %d1,%d0
ef39c8:  e589                   lsll #2,%d1
ef39ca:  d081                   addl %d1,%d0
ef39cc:  2c00                   movel %d0,%d6
ef39ce:  2038 0696              movel 0x696,%d0
ef39d2:  d086                   addl %d6,%d0
ef39d4:  2f00                   movel %d0,%sp@-
ef39d6:  42a7                   clrl %sp@-
ef39d8:  2038 0696              movel 0x696,%d0
ef39dc:  0680 0000 02ec         addil #748,%d0
ef39e2:  2206                   movel %d6,%d1
ef39e4:  9287                   subl %d7,%d1
ef39e6:  9081                   subl %d1,%d0
ef39e8:  2f00                   movel %d0,%sp@-
ef39ea:  2f38 068e              movel 0x68e,%sp@-
ef39ee:  2038 0696              movel 0x696,%d0
ef39f2:  d087                   addl %d7,%d0
ef39f4:  2f00                   movel %d0,%sp@-
ef39f6:  42a7                   clrl %sp@-
ef39f8:  4eba f41a              jsr %pc@(0xef2e14)                       ; sub_ef2e14
ef39fc:  4fef 0018              lea %sp@(24),%sp
ef3a00:  2038 0696              movel 0x696,%d0
ef3a04:  d086                   addl %d6,%d0
ef3a06:  2f00                   movel %d0,%sp@-
ef3a08:  2f38 068e              movel 0x68e,%sp@-
ef3a0c:  2038 0696              movel 0x696,%d0
ef3a10:  d087                   addl %d7,%d0
ef3a12:  2f00                   movel %d0,%sp@-
ef3a14:  42a7                   clrl %sp@-
ef3a16:  4eba f650              jsr %pc@(0xef3068)                       ; sub_ef3068
ef3a1a:  4fef 0010              lea %sp@(16),%sp
ef3a1e:  4cee 00c0 fff8         moveml %fp@(-8),%d6-%d7
ef3a24:  4e5e                   unlk %fp
ef3a26:  4e75                   rts

sub_ef3a28:
ef3a28:  4e56 ffc4              linkw %fp,#-60
ef3a2c:  48d7 00c0              moveml %d6-%d7,%sp@
ef3a30:  2d78 0650 fffc         movel 0x650,%fp@(-4)
ef3a36:  2d78 0654 fff8         movel 0x654,%fp@(-8)
ef3a3c:  0c2e 0050 000f         cmpib #80,%fp@(15)
ef3a42:  6400 00d0              bccw 0xef3b14
ef3a46:  7000                   moveq #0,%d0
ef3a48:  102e 0013              moveb %fp@(19),%d0
ef3a4c:  0280 0000 ffff         andil #65535,%d0
ef3a52:  d080                   addl %d0,%d0
ef3a54:  2200                   movel %d0,%d1
ef3a56:  d281                   addl %d1,%d1
ef3a58:  d081                   addl %d1,%d0
ef3a5a:  e589                   lsll #2,%d1
ef3a5c:  d081                   addl %d1,%d0
ef3a5e:  d0b8 0696              addl 0x696,%d0
ef3a62:  21c0 0614              movel %d0,0x614
ef3a66:  7000                   moveq #0,%d0
ef3a68:  102e 000b              moveb %fp@(11),%d0
ef3a6c:  0280 0000 ffff         andil #65535,%d0
ef3a72:  e588                   lsll #2,%d0
ef3a74:  2200                   movel %d0,%d1
ef3a76:  d281                   addl %d1,%d1
ef3a78:  d081                   addl %d1,%d0
ef3a7a:  d0b8 069a              addl 0x69a,%d0
ef3a7e:  2e00                   movel %d0,%d7
ef3a80:  7000                   moveq #0,%d0
ef3a82:  102e 000f              moveb %fp@(15),%d0
ef3a86:  0280 0000 ffff         andil #65535,%d0
ef3a8c:  e588                   lsll #2,%d0
ef3a8e:  2200                   movel %d0,%d1
ef3a90:  d281                   addl %d1,%d1
ef3a92:  d081                   addl %d1,%d0
ef3a94:  d0b8 069a              addl 0x69a,%d0
ef3a98:  2c00                   movel %d0,%d6
ef3a9a:  41ee ffcc              lea %fp@(-52),%a0
ef3a9e:  21c8 0630              movel %a0,0x630

loc_ef3aa2:
ef3aa2:  2038 069a              movel 0x69a,%d0
ef3aa6:  0680 0000 03c0         addil #960,%d0
ef3aac:  bc80                   cmpl %d0,%d6
ef3aae:  644c                   bccs 0xef3afc
ef3ab0:  21c6 0610              movel %d6,0x610
ef3ab4:  42a7                   clrl %sp@-
ef3ab6:  4878 0640              pea 0x640
ef3aba:  42a7                   clrl %sp@-
ef3abc:  2f38 0614              movel 0x614,%sp@-
ef3ac0:  2f38 0610              movel 0x610,%sp@-
ef3ac4:  2f38 060c              movel 0x60c,%sp@-
ef3ac8:  4eba 01d6              jsr %pc@(0xef3ca0)                       ; sub_ef3ca0
ef3acc:  4fef 0018              lea %sp@(24),%sp
ef3ad0:  21c7 0610              movel %d7,0x610
ef3ad4:  4878 0001              pea 0x1
ef3ad8:  4878 0640              pea 0x640
ef3adc:  4878 0018              pea 0x18
ef3ae0:  2f38 0614              movel 0x614,%sp@-
ef3ae4:  2f38 0610              movel 0x610,%sp@-
ef3ae8:  2f38 060c              movel 0x60c,%sp@-
ef3aec:  4eba 2856              jsr %pc@(0xef6344)                       ; sub_ef6344
ef3af0:  4fef 0018              lea %sp@(24),%sp
ef3af4:  720c                   moveq #12,%d1
ef3af6:  de81                   addl %d1,%d7
ef3af8:  dc81                   addl %d1,%d6
ef3afa:  60a6                   bras 0xef3aa2                            ; loc_ef3aa2
ef3afc:  7000                   moveq #0,%d0
ef3afe:  102e 000f              moveb %fp@(15),%d0
ef3b02:  7200                   moveq #0,%d1
ef3b04:  122e 000b              moveb %fp@(11),%d1
ef3b08:  9081                   subl %d1,%d0
ef3b0a:  7250                   moveq #80,%d1
ef3b0c:  9280                   subl %d0,%d1
ef3b0e:  21c1 0650              movel %d1,0x650
ef3b12:  600a                   bras 0xef3b1e                            ; loc_ef3b1e
ef3b14:  7000                   moveq #0,%d0
ef3b16:  102e 000b              moveb %fp@(11),%d0
ef3b1a:  21c0 0650              movel %d0,0x650

loc_ef3b1e:
ef3b1e:  7000                   moveq #0,%d0
ef3b20:  102e 0013              moveb %fp@(19),%d0
ef3b24:  21c0 0654              movel %d0,0x654
ef3b28:  4278 0660              clrw 0x660
ef3b2c:  2f38 066a              movel 0x66a,%sp@-
ef3b30:  2f38 064c              movel 0x64c,%sp@-                        ; g_font
ef3b34:  4eba f426              jsr %pc@(0xef2f5c)                       ; sub_ef2f5c
ef3b38:  504f                   addqw #8,%sp
ef3b3a:  2038 0614              movel 0x614,%d0
ef3b3e:  7216                   moveq #22,%d1
ef3b40:  d081                   addl %d1,%d0
ef3b42:  2f00                   movel %d0,%sp@-
ef3b44:  2f38 068e              movel 0x68e,%sp@-
ef3b48:  2f38 0614              movel 0x614,%sp@-
ef3b4c:  2038 0610              movel 0x610,%d0
ef3b50:  720c                   moveq #12,%d1
ef3b52:  d081                   addl %d1,%d0
ef3b54:  72f0                   moveq #-16,%d1
ef3b56:  c081                   andl %d1,%d0
ef3b58:  2f00                   movel %d0,%sp@-
ef3b5a:  4eba f50c              jsr %pc@(0xef3068)                       ; sub_ef3068
ef3b5e:  4fef 0010              lea %sp@(16),%sp
ef3b62:  2f2e fff8              movel %fp@(-8),%sp@-
ef3b66:  2f2e fffc              movel %fp@(-4),%sp@-
ef3b6a:  4eba fc8c              jsr %pc@(0xef37f8)                       ; sub_ef37f8
ef3b6e:  504f                   addqw #8,%sp
ef3b70:  4cee 00c0 ffc4         moveml %fp@(-60),%d6-%d7
ef3b76:  4e5e                   unlk %fp
ef3b78:  4e75                   rts

sub_ef3b7a:
ef3b7a:  4e56 ffc0              linkw %fp,#-64
ef3b7e:  48d7 00e0              moveml %d5-%d7,%sp@
ef3b82:  2d78 0650 fffc         movel 0x650,%fp@(-4)
ef3b88:  2d78 0654 fff8         movel 0x654,%fp@(-8)
ef3b8e:  0c2e 0050 000f         cmpib #80,%fp@(15)
ef3b94:  6306                   blss 0xef3b9c
ef3b96:  7e50                   moveq #80,%d7
ef3b98:  1d47 000f              moveb %d7,%fp@(15)
ef3b9c:  7000                   moveq #0,%d0
ef3b9e:  102e 0013              moveb %fp@(19),%d0
ef3ba2:  0280 0000 ffff         andil #65535,%d0
ef3ba8:  d080                   addl %d0,%d0
ef3baa:  2200                   movel %d0,%d1
ef3bac:  d281                   addl %d1,%d1
ef3bae:  d081                   addl %d1,%d0
ef3bb0:  e589                   lsll #2,%d1
ef3bb2:  d081                   addl %d1,%d0
ef3bb4:  d0b8 0696              addl 0x696,%d0
ef3bb8:  21c0 0614              movel %d0,0x614
ef3bbc:  2038 069a              movel 0x69a,%d0
ef3bc0:  0680 0000 03b4         addil #948,%d0
ef3bc6:  2c00                   movel %d0,%d6
ef3bc8:  7000                   moveq #0,%d0
ef3bca:  102e 000f              moveb %fp@(15),%d0
ef3bce:  7200                   moveq #0,%d1
ef3bd0:  122e 000b              moveb %fp@(11),%d1
ef3bd4:  9081                   subl %d1,%d0
ef3bd6:  e588                   lsll #2,%d0
ef3bd8:  2200                   movel %d0,%d1
ef3bda:  d281                   addl %d1,%d1
ef3bdc:  d081                   addl %d1,%d0
ef3bde:  2206                   movel %d6,%d1
ef3be0:  9280                   subl %d0,%d1
ef3be2:  2e01                   movel %d1,%d7
ef3be4:  41ee ffcc              lea %fp@(-52),%a0
ef3be8:  21c8 0630              movel %a0,0x630
ef3bec:  7000                   moveq #0,%d0
ef3bee:  102e 000f              moveb %fp@(15),%d0
ef3bf2:  7250                   moveq #80,%d1
ef3bf4:  9240                   subw %d0,%d1
ef3bf6:  3a01                   movew %d1,%d5

loc_ef3bf8:
ef3bf8:  3005                   movew %d5,%d0
ef3bfa:  5345                   subqw #1,%d5
ef3bfc:  4a40                   tstw %d0
ef3bfe:  674c                   beqs 0xef3c4c
ef3c00:  21c7 0610              movel %d7,0x610
ef3c04:  42a7                   clrl %sp@-
ef3c06:  4878 0640              pea 0x640
ef3c0a:  42a7                   clrl %sp@-
ef3c0c:  2f38 0614              movel 0x614,%sp@-
ef3c10:  2f38 0610              movel 0x610,%sp@-
ef3c14:  2f38 060c              movel 0x60c,%sp@-
ef3c18:  4eba 0086              jsr %pc@(0xef3ca0)                       ; sub_ef3ca0
ef3c1c:  4fef 0018              lea %sp@(24),%sp
ef3c20:  21c6 0610              movel %d6,0x610
ef3c24:  4878 0001              pea 0x1
ef3c28:  4878 0640              pea 0x640
ef3c2c:  4878 0018              pea 0x18
ef3c30:  2f38 0614              movel 0x614,%sp@-
ef3c34:  2f38 0610              movel 0x610,%sp@-
ef3c38:  2f38 060c              movel 0x60c,%sp@-
ef3c3c:  4eba 2706              jsr %pc@(0xef6344)                       ; sub_ef6344
ef3c40:  4fef 0018              lea %sp@(24),%sp
ef3c44:  720c                   moveq #12,%d1
ef3c46:  9e81                   subl %d1,%d7
ef3c48:  9c81                   subl %d1,%d6
ef3c4a:  60ac                   bras 0xef3bf8                            ; loc_ef3bf8
ef3c4c:  7000                   moveq #0,%d0
ef3c4e:  102e 000b              moveb %fp@(11),%d0
ef3c52:  21c0 0650              movel %d0,0x650
ef3c56:  7000                   moveq #0,%d0
ef3c58:  102e 0013              moveb %fp@(19),%d0
ef3c5c:  21c0 0654              movel %d0,0x654
ef3c60:  4278 0660              clrw 0x660

loc_ef3c64:
ef3c64:  102e 000b              moveb %fp@(11),%d0
ef3c68:  b02e 000f              cmpb %fp@(15),%d0
ef3c6c:  641a                   bccs 0xef3c88
ef3c6e:  2f38 066a              movel 0x66a,%sp@-
ef3c72:  2f38 064c              movel 0x64c,%sp@-                        ; g_font
ef3c76:  4eba f2e4              jsr %pc@(0xef2f5c)                       ; sub_ef2f5c
ef3c7a:  504f                   addqw #8,%sp
ef3c7c:  522e 000b              addqb #1,%fp@(11)
ef3c80:  720c                   moveq #12,%d1
ef3c82:  d3b8 0610              addl %d1,0x610
ef3c86:  60dc                   bras 0xef3c64                            ; loc_ef3c64
ef3c88:  2f2e fff8              movel %fp@(-8),%sp@-
ef3c8c:  2f2e fffc              movel %fp@(-4),%sp@-
ef3c90:  4eba fb66              jsr %pc@(0xef37f8)                       ; sub_ef37f8
ef3c94:  504f                   addqw #8,%sp
ef3c96:  4cee 00e0 ffc0         moveml %fp@(-64),%d5-%d7
ef3c9c:  4e5e                   unlk %fp
ef3c9e:  4e75                   rts

sub_ef3ca0:
ef3ca0:  4e56 ffe4              linkw %fp,#-28
ef3ca4:  48d7 38f0              moveml %d4-%d7/%a3-%a5,%sp@
ef3ca8:  206e 0008              moveal %fp@(8),%a0
ef3cac:  2668 0010              moveal %a0@(16),%a3
ef3cb0:  2a13                   movel %a3@,%d5
ef3cb2:  302b 0002              movew %a3@(2),%d0
ef3cb6:  222b 000c              movel %a3@(12),%d1
ef3cba:  d2ae 0010              addl %fp@(16),%d1
ef3cbe:  c1c1                   mulsw %d1,%d0
ef3cc0:  d0ab 0004              addl %a3@(4),%d0
ef3cc4:  222b 0008              movel %a3@(8),%d1
ef3cc8:  d2ae 000c              addl %fp@(12),%d1
ef3ccc:  e681                   asrl #3,%d1
ef3cce:  d081                   addl %d1,%d0
ef3cd0:  7efe                   moveq #-2,%d7
ef3cd2:  c087                   andl %d7,%d0
ef3cd4:  2840                   moveal %d0,%a4
ef3cd6:  202b 0008              movel %a3@(8),%d0
ef3cda:  d0ae 000c              addl %fp@(12),%d0
ef3cde:  7e0f                   moveq #15,%d7
ef3ce0:  c087                   andl %d7,%d0
ef3ce2:  2800                   movel %d0,%d4
ef3ce4:  206e 0018              moveal %fp@(24),%a0
ef3ce8:  2650                   moveal %a0@,%a3
ef3cea:  2e2b 0004              movel %a3@(4),%d7
ef3cee:  2c2b 0008              movel %a3@(8),%d6
ef3cf2:  266b 0010              moveal %a3@(16),%a3
ef3cf6:  2a6b 0004              moveal %a3@(4),%a5
ef3cfa:  2004                   movel %d4,%d0
ef3cfc:  d087                   addl %d7,%d0
ef3cfe:  7210                   moveq #16,%d1
ef3d00:  b081                   cmpl %d1,%d0
ef3d02:  6e12                   bgts 0xef3d16
ef3d04:  600a                   bras 0xef3d10                            ; loc_ef3d10
ef3d06:  7000                   moveq #0,%d0
ef3d08:  3014                   movew %a4@,%d0
ef3d0a:  e9a8                   lsll %d4,%d0
ef3d0c:  3ac0                   movew %d0,%a5@+
ef3d0e:  d9c5                   addal %d5,%a4

loc_ef3d10:
ef3d10:  51ce fff4              dbf %d6,0xef3d06
ef3d14:  6014                   bras 0xef3d2a                            ; loc_ef3d2a
ef3d16:  7010                   moveq #16,%d0
ef3d18:  9084                   subl %d4,%d0
ef3d1a:  2800                   movel %d0,%d4
ef3d1c:  6008                   bras 0xef3d26                            ; loc_ef3d26
ef3d1e:  2014                   movel %a4@,%d0
ef3d20:  e8a8                   lsrl %d4,%d0
ef3d22:  3ac0                   movew %d0,%a5@+
ef3d24:  d9c5                   addal %d5,%a4

loc_ef3d26:
ef3d26:  51ce fff6              dbf %d6,0xef3d1e

loc_ef3d2a:
ef3d2a:  4cee 38f0 ffe4         moveml %fp@(-28),%d4-%d7/%a3-%a5
ef3d30:  4e5e                   unlk %fp
ef3d32:  4e75                   rts

_init_scolor:    ; dpy/scutils.c: probe cgtwo status with poke(), load the colour map (even white, odd black), wait out a retrace, clear zoom/pan, enable video, map plane 0 at VIDEOMEM_BASE
ef3d34:  4e56 ffe4              linkw %fp,#-28
ef3d38:  48d7 3c00              moveml %a2-%a5,%sp@
ef3d3c:  267c 00ec 0000         moveal #15466496,%a3                     ; VIDEOMEM_BASE
ef3d42:  244b                   moveal %a3,%a2
ef3d44:  4eba cd86              jsr %pc@(0xef0acc)                       ; _getusercontext
ef3d48:  0280 0000 00ff         andil #255,%d0
ef3d4e:  2d40 fffc              movel %d0,%fp@(-4)
ef3d52:  4eba cd96              jsr %pc@(0xef0aea)                       ; _getsupcontext
ef3d56:  0280 0000 00ff         andil #255,%d0
ef3d5c:  2f00                   movel %d0,%sp@-
ef3d5e:  4eba cda8              jsr %pc@(0xef0b08)                       ; _setusercontext
ef3d62:  584f                   addqw #4,%sp
ef3d64:  4853                   pea %a3@
ef3d66:  4eba ccb4              jsr %pc@(0xef0a1c)                       ; _getpgmap
ef3d6a:  584f                   addqw #4,%sp
ef3d6c:  2d40 fff8              movel %d0,%fp@(-8)
ef3d70:  4879 ec80 0e12         pea 0xec800e12                           ; PME_COLOR_STAT
ef3d76:  4853                   pea %a3@
ef3d78:  4eba cce6              jsr %pc@(0xef0a60)                       ; _setpgmap
ef3d7c:  504f                   addqw #8,%sp
ef3d7e:  42a7                   clrl %sp@-
ef3d80:  4853                   pea %a3@
ef3d82:  4eba ef94              jsr %pc@(0xef2d18)                       ; _poke
ef3d86:  504f                   addqw #8,%sp
ef3d88:  4a80                   tstl %d0
ef3d8a:  6716                   beqs 0xef3da2
ef3d8c:  2f2e fff8              movel %fp@(-8),%sp@-
ef3d90:  4853                   pea %a3@
ef3d92:  4eba cccc              jsr %pc@(0xef0a60)                       ; _setpgmap
ef3d96:  504f                   addqw #8,%sp
ef3d98:  72ff                   moveq #-1,%d1
ef3d9a:  2d41 fff4              movel %d1,%fp@(-12)
ef3d9e:  6000 00d0              braw 0xef3e70                            ; loc_ef3e70
ef3da2:  4879 ec80 0e20         pea 0xec800e20                           ; PME_COLOR_MAPS
ef3da8:  4853                   pea %a3@
ef3daa:  4eba ccb4              jsr %pc@(0xef0a60)                       ; _setpgmap
ef3dae:  504f                   addqw #8,%sp
ef3db0:  2a4b                   moveal %a3,%a5
ef3db2:  49ed 0600              lea %a5@(1536),%a4

loc_ef3db6:
ef3db6:  bbcc                   cmpal %a4,%a5
ef3db8:  6408                   bccs 0xef3dc2
ef3dba:  3afc ffff              movew #-1,%a5@+
ef3dbe:  425d                   clrw %a5@+
ef3dc0:  60f4                   bras 0xef3db6                            ; loc_ef3db6
ef3dc2:  4879 ec80 0e12         pea 0xec800e12                           ; PME_COLOR_STAT
ef3dc8:  4852                   pea %a2@
ef3dca:  4eba cc94              jsr %pc@(0xef0a60)                       ; _setpgmap
ef3dce:  504f                   addqw #8,%sp
ef3dd0:  08ea 0001 0001         bset #1,%a2@(1)
ef3dd6:  082a 0007 0001         btst #7,%a2@(1)
ef3ddc:  66f8                   bnes 0xef3dd6
ef3dde:  082a 0007 0001         btst #7,%a2@(1)
ef3de4:  67f8                   beqs 0xef3dde
ef3de6:  082a 0007 0001         btst #7,%a2@(1)
ef3dec:  66f8                   bnes 0xef3de6
ef3dee:  08aa 0001 0001         bclr #1,%a2@(1)
ef3df4:  4879 ec80 0e18         pea 0xec800e18                           ; PME_COLOR_ZOOM
ef3dfa:  4853                   pea %a3@
ef3dfc:  4eba cc62              jsr %pc@(0xef0a60)                       ; _setpgmap
ef3e00:  504f                   addqw #8,%sp
ef3e02:  4253                   clrw %a3@
ef3e04:  4879 ec80 0e16         pea 0xec800e16                           ; PME_COLOR_WPAN
ef3e0a:  4853                   pea %a3@
ef3e0c:  4eba cc52              jsr %pc@(0xef0a60)                       ; _setpgmap
ef3e10:  504f                   addqw #8,%sp
ef3e12:  4253                   clrw %a3@
ef3e14:  4879 ec80 0e1a         pea 0xec800e1a                           ; PME_COLOR_PPAN
ef3e1a:  4853                   pea %a3@
ef3e1c:  4eba cc42              jsr %pc@(0xef0a60)                       ; _setpgmap
ef3e20:  504f                   addqw #8,%sp
ef3e22:  4253                   clrw %a3@
ef3e24:  4879 ec80 0e1c         pea 0xec800e1c                           ; PME_COLOR_VZOOM
ef3e2a:  4853                   pea %a3@
ef3e2c:  4eba cc32              jsr %pc@(0xef0a60)                       ; _setpgmap
ef3e30:  504f                   addqw #8,%sp
ef3e32:  36bc 00ff              movew #255,%a3@
ef3e36:  4879 ec80 0e12         pea 0xec800e12                           ; PME_COLOR_STAT
ef3e3c:  4852                   pea %a2@
ef3e3e:  4eba cc20              jsr %pc@(0xef0a60)                       ; _setpgmap
ef3e42:  504f                   addqw #8,%sp
ef3e44:  41f9 00ef 75dc         lea 0xef75dc,%a0
ef3e4a:  3490                   movew %a0@,%a2@
ef3e4c:  08ea 0000 0001         bset #0,%a2@(1)
ef3e52:  42ae fff4              clrl %fp@(-12)
ef3e56:  1012                   moveb %a2@,%d0
ef3e58:  720f                   moveq #15,%d1
ef3e5a:  c001                   andb %d1,%d0
ef3e5c:  6706                   beqs 0xef3e64
ef3e5e:  7201                   moveq #1,%d1
ef3e60:  2d41 fff4              movel %d1,%fp@(-12)
ef3e64:  4879 00ef 75c8         pea 0xef75c8
ef3e6a:  4eba ca2a              jsr %pc@(0xef0896)                       ; sub_ef0896
ef3e6e:  584f                   addqw #4,%sp

loc_ef3e70:
ef3e70:  2f2e fffc              movel %fp@(-4),%sp@-
ef3e74:  4eba cc92              jsr %pc@(0xef0b08)                       ; _setusercontext
ef3e78:  584f                   addqw #4,%sp
ef3e7a:  202e fff4              movel %fp@(-12),%d0
ef3e7e:  4cee 3c00 ffe4         moveml %fp@(-28),%a2-%a5
ef3e84:  4e5e                   unlk %fp
ef3e86:  4e75                   rts

sub_ef3e88:
ef3e88:  4e56 fff4              linkw %fp,#-12
ef3e8c:  48d7 3080              moveml %d7/%a4-%a5,%sp@
ef3e90:  302e 000a              movew %fp@(10),%d0
ef3e94:  0280 0000 ffff         andil #65535,%d0
ef3e9a:  d080                   addl %d0,%d0
ef3e9c:  2200                   movel %d0,%d1
ef3e9e:  d281                   addl %d1,%d1
ef3ea0:  d081                   addl %d1,%d0
ef3ea2:  e589                   lsll #2,%d1
ef3ea4:  d081                   addl %d1,%d0
ef3ea6:  d0b8 0696              addl 0x696,%d0
ef3eaa:  2238 068e              movel 0x68e,%d1
ef3eae:  e689                   lsrl #3,%d1
ef3eb0:  c0c1                   muluw %d1,%d0
ef3eb2:  d0b8 05fc              addl 0x5fc,%d0
ef3eb6:  2238 069a              movel 0x69a,%d1
ef3eba:  e889                   lsrl #4,%d1
ef3ebc:  e389                   lsll #1,%d1
ef3ebe:  d081                   addl %d1,%d0
ef3ec0:  2a40                   moveal %d0,%a5
ef3ec2:  287c 00ef 75e0         moveal #15693280,%a4
ef3ec8:  7e40                   moveq #64,%d7

loc_ef3eca:
ef3eca:  3007                   movew %d7,%d0
ef3ecc:  5347                   subqw #1,%d7
ef3ece:  4a40                   tstw %d0
ef3ed0:  672a                   beqs 0xef3efc
ef3ed2:  0cb8 0000 0018 0666    cmpil #24,0x666
ef3eda:  6606                   bnes 0xef3ee2
ef3edc:  2adc                   movel %a4@+,%a5@+
ef3ede:  2adc                   movel %a4@+,%a5@+
ef3ee0:  600c                   bras 0xef3eee                            ; loc_ef3eee
ef3ee2:  201c                   movel %a4@+,%d0
ef3ee4:  4680                   notl %d0
ef3ee6:  2ac0                   movel %d0,%a5@+
ef3ee8:  201c                   movel %a4@+,%d0
ef3eea:  4680                   notl %d0
ef3eec:  2ac0                   movel %d0,%a5@+

loc_ef3eee:
ef3eee:  2038 068e              movel 0x68e,%d0
ef3ef2:  ea88                   lsrl #5,%d0
ef3ef4:  5580                   subql #2,%d0
ef3ef6:  e580                   asll #2,%d0
ef3ef8:  dbc0                   addal %d0,%a5
ef3efa:  60ce                   bras 0xef3eca                            ; loc_ef3eca
ef3efc:  4cee 3080 fff4         moveml %fp@(-12),%d7/%a4-%a5
ef3f02:  4e5e                   unlk %fp
ef3f04:  4e75                   rts
ef3f06:  0000                   .word 0x0000                ; pad to a 4-byte function boundary

fn_ef3f08:
ef3f08:  4e56 ffe0              linkw %fp,#-32
ef3f0c:  486e ffe0              pea %fp@(-32)
ef3f10:  4878 0001              pea 0x1
ef3f14:  4eba daee              jsr %pc@(0xef1a04)                       ; sub_ef1a04
ef3f18:  504f                   addqw #8,%sp
ef3f1a:  7201                   moveq #1,%d1
ef3f1c:  b081                   cmpl %d1,%d0
ef3f1e:  660c                   bnes 0xef3f2c
ef3f20:  0c2e 0002 ffe1         cmpib #2,%fp@(-31)
ef3f26:  6604                   bnes 0xef3f2c
ef3f28:  7000                   moveq #0,%d0
ef3f2a:  6002                   bras 0xef3f2e                            ; loc_ef3f2e
ef3f2c:  70ff                   moveq #-1,%d0

loc_ef3f2e:
ef3f2e:  4e5e                   unlk %fp
ef3f30:  4e75                   rts

fn_ef3f32:
ef3f32:  4e56 fffc              linkw %fp,#-4
ef3f36:  2e87                   movel %d7,%sp@
ef3f38:  206e 0008              moveal %fp@(8),%a0
ef3f3c:  217c 00ef 77e0 002a    movel #15693792,%a0@(42)
ef3f44:  4eba 0a92              jsr %pc@(0xef49d8)                       ; sub_ef49d8
ef3f48:  2f2e 0008              movel %fp@(8),%sp@-
ef3f4c:  612c                   bsrs 0xef3f7a                            ; sub_ef3f7a
ef3f4e:  584f                   addqw #4,%sp
ef3f50:  4a80                   tstl %d0
ef3f52:  660e                   bnes 0xef3f62
ef3f54:  2f2e 0008              movel %fp@(8),%sp@-
ef3f58:  4eba 0abe              jsr %pc@(0xef4a18)                       ; sub_ef4a18
ef3f5c:  584f                   addqw #4,%sp
ef3f5e:  2e00                   movel %d0,%d7
ef3f60:  6c0e                   bges 0xef3f70
ef3f62:  2f2e 0008              movel %fp@(8),%sp@-
ef3f66:  6100 068a              bsrw 0xef45f2                            ; sub_ef45f2
ef3f6a:  584f                   addqw #4,%sp
ef3f6c:  70ff                   moveq #-1,%d0
ef3f6e:  6002                   bras 0xef3f72                            ; loc_ef3f72
ef3f70:  2007                   movel %d7,%d0

loc_ef3f72:
ef3f72:  2e2e fffc              movel %fp@(-4),%d7
ef3f76:  4e5e                   unlk %fp
ef3f78:  4e75                   rts

sub_ef3f7a:
ef3f7a:  4e56 ffd0              linkw %fp,#-48
ef3f7e:  48d7 3000              moveml %a4-%a5,%sp@
ef3f82:  486e ffd8              pea %fp@(-40)
ef3f86:  4878 0001              pea 0x1
ef3f8a:  4eba da78              jsr %pc@(0xef1a04)                       ; sub_ef1a04
ef3f8e:  504f                   addqw #8,%sp
ef3f90:  7201                   moveq #1,%d1
ef3f92:  b081                   cmpl %d1,%d0
ef3f94:  6638                   bnes 0xef3fce
ef3f96:  0c2e 0002 ffd9         cmpib #2,%fp@(-39)
ef3f9c:  6630                   bnes 0xef3fce
ef3f9e:  206e 0008              moveal %fp@(8),%a0
ef3fa2:  4aa8 000a              tstl %a0@(10)
ef3fa6:  6626                   bnes 0xef3fce
ef3fa8:  2a7c 000a 0000         moveal #655360,%a5
ef3fae:  7202                   moveq #2,%d1
ef3fb0:  3b41 0462              movew %d1,%a5@(1122)
ef3fb4:  287c 00ee 3000         moveal #15609856,%a4                     ; ETHER_BASE
ef3fba:  2b4c 045e              movel %a4,%a5@(1118)
ef3fbe:  206e 0008              moveal %fp@(8),%a0
ef3fc2:  214d 0006              movel %a5,%a0@(6)
ef3fc6:  4855                   pea %a5@
ef3fc8:  6110                   bsrs 0xef3fda                            ; sub_ef3fda
ef3fca:  584f                   addqw #4,%sp
ef3fcc:  6002                   bras 0xef3fd0                            ; loc_ef3fd0
ef3fce:  7001                   moveq #1,%d0

loc_ef3fd0:
ef3fd0:  4cee 3000 ffd0         moveml %fp@(-48),%a4-%a5
ef3fd6:  4e5e                   unlk %fp
ef3fd8:  4e75                   rts

sub_ef3fda:
ef3fda:  4e56 ffc4              linkw %fp,#-60
ef3fde:  48d7 3880              moveml %d7/%a3-%a5,%sp@
ef3fe2:  2a6e 0008              moveal %fp@(8),%a5
ef3fe6:  41ed 0400              lea %a5@(1024),%a0
ef3fea:  2d48 fffc              movel %a0,%fp@(-4)
ef3fee:  41ed 0408              lea %a5@(1032),%a0
ef3ff2:  2d48 fff8              movel %a0,%fp@(-8)
ef3ff6:  2d4d fff4              movel %a5,%fp@(-12)
ef3ffa:  2d4d fff0              movel %a5,%fp@(-16)
ef3ffe:  286d 045a              moveal %a5@(1114),%a4
ef4002:  266d 045e              moveal %a5@(1118),%a3
ef4006:  42ae ffe8              clrl %fp@(-24)
ef400a:  6072                   bras 0xef407e                            ; loc_ef407e
ef400c:  52ae ffec              addql #1,%fp@(-20)

L_iereset_poll:    ; iereset() ISCP busy poll, cmpil #100000 (sys/sunif/if_ie.c)
ef4010:  0cae 0001 86a0 ffec    cmpil #100000,%fp@(-20)
ef4018:  6c10                   bges 0xef402a

loc_ef401a:
ef401a:  206e fffc              moveal %fp@(-4),%a0
ef401e:  0c10 0001              cmpib #1,%a0@
ef4022:  67e8                   beqs 0xef400c
ef4024:  7201                   moveq #1,%d1
ef4026:  1d41 ffe7              moveb %d1,%fp@(-25)
ef402a:  0c6d 0002 0462         cmpiw #2,%a5@(1122)
ef4030:  6634                   bnes 0xef4066
ef4032:  4a2e ffe7              tstb %fp@(-25)
ef4036:  6604                   bnes 0xef403c
ef4038:  0893 0007              bclr #7,%a3@
ef403c:  41ee ffdc              lea %fp@(-36),%a0
ef4040:  33e8 0008 00ff fffe    movew %a0@(8),0xfffffe                   ; BUSMEM_BASE+0xffffe
ef4048:  23e8 0004 00ff fffa    movel %a0@(4),0xfffffa                   ; BUSMEM_BASE+0xffffa
ef4050:  23d0 00ff fff6         movel %a0@,0xfffff6                      ; BUSMEM_BASE+0xffff6
ef4056:  2f2e ffd8              movel %fp@(-40),%sp@-
ef405a:  4879 00ff fff6         pea 0xfffff6                             ; BUSMEM_BASE+0xffff6
ef4060:  4eba c9fe              jsr %pc@(0xef0a60)                       ; _setpgmap
ef4064:  504f                   addqw #8,%sp
ef4066:  4a2e ffe7              tstb %fp@(-25)
ef406a:  6600 010e              bnew 0xef417a
ef406e:  52ae ffe8              addql #1,%fp@(-24)
ef4072:  0cae 0000 000a ffe8    cmpil #10,%fp@(-24)
ef407a:  6c00 00fe              bgew 0xef417a

loc_ef407e:
ef407e:  4878 000a              pea 0xa
ef4082:  486d 03f6              pea %a5@(1014)
ef4086:  4eba eaf8              jsr %pc@(0xef2b80)                       ; fn_ef2b80
ef408a:  504f                   addqw #8,%sp
ef408c:  2f2e fffc              movel %fp@(-4),%sp@-
ef4090:  4855                   pea %a5@
ef4092:  6100 0472              bsrw 0xef4506                            ; sub_ef4506
ef4096:  504f                   addqw #8,%sp
ef4098:  2b40 03fc              movel %d0,%a5@(1020)
ef409c:  4878 0008              pea 0x8
ef40a0:  2f2e fffc              movel %fp@(-4),%sp@-
ef40a4:  4eba eada              jsr %pc@(0xef2b80)                       ; fn_ef2b80
ef40a8:  504f                   addqw #8,%sp
ef40aa:  206e fffc              moveal %fp@(-4),%a0
ef40ae:  7201                   moveq #1,%d1
ef40b0:  1081                   moveb %d1,%a0@
ef40b2:  206e fffc              moveal %fp@(-4),%a0
ef40b6:  42a8 0004              clrl %a0@(4)
ef40ba:  2f2e fff8              movel %fp@(-8),%sp@-
ef40be:  4855                   pea %a5@
ef40c0:  6100 0484              bsrw 0xef4546                            ; sub_ef4546
ef40c4:  504f                   addqw #8,%sp
ef40c6:  206e fffc              moveal %fp@(-4),%a0
ef40ca:  3140 0002              movew %d0,%a0@(2)
ef40ce:  4855                   pea %a5@
ef40d0:  4855                   pea %a5@
ef40d2:  6100 0432              bsrw 0xef4506                            ; sub_ef4506
ef40d6:  504f                   addqw #8,%sp
ef40d8:  206e fffc              moveal %fp@(-4),%a0
ef40dc:  2140 0004              movel %d0,%a0@(4)
ef40e0:  4878 0010              pea 0x10
ef40e4:  2f2e fff8              movel %fp@(-8),%sp@-
ef40e8:  4eba ea96              jsr %pc@(0xef2b80)                       ; fn_ef2b80
ef40ec:  504f                   addqw #8,%sp
ef40ee:  0c6d 0002 0462         cmpiw #2,%a5@(1122)
ef40f4:  6670                   bnes 0xef4166
ef40f6:  41f9 00ef 77ec         lea 0xef77ec,%a0
ef40fc:  3690                   movew %a0@,%a3@
ef40fe:  7e0a                   moveq #10,%d7
ef4100:  5387                   subql #1,%d7
ef4102:  6efc                   bgts 0xef4100
ef4104:  08d3 0007              bset #7,%a3@
ef4108:  7e64                   moveq #100,%d7
ef410a:  5387                   subql #1,%d7
ef410c:  6efc                   bgts 0xef410a
ef410e:  4879 00ff fff6         pea 0xfffff6                             ; BUSMEM_BASE+0xffff6
ef4114:  4eba c906              jsr %pc@(0xef0a1c)                       ; _getpgmap
ef4118:  584f                   addqw #4,%sp
ef411a:  2d40 ffd8              movel %d0,%fp@(-40)
ef411e:  486d 03f6              pea %a5@(1014)
ef4122:  4eba c8f8              jsr %pc@(0xef0a1c)                       ; _getpgmap
ef4126:  584f                   addqw #4,%sp
ef4128:  2f00                   movel %d0,%sp@-
ef412a:  4879 00ff fff6         pea 0xfffff6                             ; BUSMEM_BASE+0xffff6
ef4130:  4eba c92e              jsr %pc@(0xef0a60)                       ; _setpgmap
ef4134:  504f                   addqw #8,%sp
ef4136:  41f9 00ff fff6         lea 0xfffff6,%a0                         ; BUSMEM_BASE+0xffff6
ef413c:  3d68 0008 ffe4         movew %a0@(8),%fp@(-28)
ef4142:  2d68 0004 ffe0         movel %a0@(4),%fp@(-32)
ef4148:  2d50 ffdc              movel %a0@,%fp@(-36)
ef414c:  41ed 03f6              lea %a5@(1014),%a0
ef4150:  33e8 0008 00ff fffe    movew %a0@(8),0xfffffe                   ; BUSMEM_BASE+0xffffe
ef4158:  23e8 0004 00ff fffa    movel %a0@(4),0xfffffa                   ; BUSMEM_BASE+0xffffa
ef4160:  23d0 00ff fff6         movel %a0@,0xfffff6                      ; BUSMEM_BASE+0xffff6
ef4166:  4855                   pea %a5@
ef4168:  6100 019e              bsrw 0xef4308                            ; sub_ef4308
ef416c:  584f                   addqw #4,%sp
ef416e:  422e ffe7              clrb %fp@(-25)
ef4172:  42ae ffec              clrl %fp@(-20)
ef4176:  6000 fea2              braw 0xef401a                            ; loc_ef401a
ef417a:  4a2e ffe7              tstb %fp@(-25)
ef417e:  6610                   bnes 0xef4190
ef4180:  4879 00ef 77f0         pea 0xef77f0                             ; "ie: cannot initialize\n"
ef4186:  4eba decc              jsr %pc@(0xef2054)                       ; _printf
ef418a:  584f                   addqw #4,%sp
ef418c:  7001                   moveq #1,%d0
ef418e:  6064                   bras 0xef41f4                            ; loc_ef41f4
ef4190:  4878 000c              pea 0xc
ef4194:  2f2e fff4              movel %fp@(-12),%sp@-
ef4198:  4eba e9e6              jsr %pc@(0xef2b80)                       ; fn_ef2b80
ef419c:  504f                   addqw #8,%sp
ef419e:  206e fff4              moveal %fp@(-12),%a0
ef41a2:  72f8                   moveq #-8,%d1
ef41a4:  c328 0002              andb %d1,%a0@(2)
ef41a8:  7201                   moveq #1,%d1
ef41aa:  8328 0002              orb %d1,%a0@(2)
ef41ae:  202e fff4              movel %fp@(-12),%d0
ef41b2:  5c80                   addql #6,%d0
ef41b4:  2f00                   movel %d0,%sp@-
ef41b6:  42a7                   clrl %sp@-
ef41b8:  4eba 0c9c              jsr %pc@(0xef4e56)                       ; sub_ef4e56
ef41bc:  504f                   addqw #8,%sp
ef41be:  2f2e fff4              movel %fp@(-12),%sp@-
ef41c2:  4855                   pea %a5@
ef41c4:  6100 016c              bsrw 0xef4332                            ; sub_ef4332
ef41c8:  504f                   addqw #8,%sp
ef41ca:  2f2e fff0              movel %fp@(-16),%sp@-
ef41ce:  6100 03a4              bsrw 0xef4574                            ; sub_ef4574
ef41d2:  584f                   addqw #4,%sp
ef41d4:  2f2e fff0              movel %fp@(-16),%sp@-
ef41d8:  4855                   pea %a5@
ef41da:  6100 0156              bsrw 0xef4332                            ; sub_ef4332
ef41de:  504f                   addqw #8,%sp
ef41e0:  0c6d 0002 0462         cmpiw #2,%a5@(1122)
ef41e6:  6604                   bnes 0xef41ec
ef41e8:  08d3 0006              bset #6,%a3@
ef41ec:  4855                   pea %a5@
ef41ee:  610e                   bsrs 0xef41fe                            ; sub_ef41fe
ef41f0:  584f                   addqw #4,%sp
ef41f2:  7000                   moveq #0,%d0

loc_ef41f4:
ef41f4:  4cee 3880 ffc4         moveml %fp@(-60),%d7/%a3-%a5
ef41fa:  4e5e                   unlk %fp
ef41fc:  4e75                   rts

sub_ef41fe:
ef41fe:  4e56 ffec              linkw %fp,#-20
ef4202:  48d7 3c00              moveml %a2-%a5,%sp@
ef4206:  2a6e 0008              moveal %fp@(8),%a5
ef420a:  49ed 0418              lea %a5@(1048),%a4
ef420e:  41ed 0422              lea %a5@(1058),%a0
ef4212:  2d48 fffc              movel %a0,%fp@(-4)
ef4216:  47ed 042c              lea %a5@(1068),%a3
ef421a:  45ed 0408              lea %a5@(1032),%a2

loc_ef421e:
ef421e:  1012                   moveb %a2@,%d0
ef4220:  7270                   moveq #112,%d1
ef4222:  c001                   andb %d1,%d0
ef4224:  7240                   moveq #64,%d1
ef4226:  b001                   cmpb %d1,%d0
ef4228:  6616                   bnes 0xef4240
ef422a:  4a6a 0002              tstw %a2@(2)
ef422e:  66fa                   bnes 0xef422a
ef4230:  357c 4000 0002         movew #16384,%a2@(2)
ef4236:  4855                   pea %a5@
ef4238:  6100 00ce              bsrw 0xef4308                            ; sub_ef4308
ef423c:  584f                   addqw #4,%sp
ef423e:  60de                   bras 0xef421e                            ; loc_ef421e
ef4240:  4a6a 0002              tstw %a2@(2)
ef4244:  66fa                   bnes 0xef4240
ef4246:  4254                   clrw %a4@
ef4248:  2f2e fffc              movel %fp@(-4),%sp@-
ef424c:  4855                   pea %a5@
ef424e:  6100 02f6              bsrw 0xef4546                            ; sub_ef4546
ef4252:  504f                   addqw #8,%sp
ef4254:  3940 0002              movew %d0,%a4@(2)
ef4258:  08ac 0007 0009         bclr #7,%a4@(9)
ef425e:  486d 0464              pea %a5@(1124)
ef4262:  4855                   pea %a5@
ef4264:  6100 02a0              bsrw 0xef4506                            ; sub_ef4506
ef4268:  504f                   addqw #8,%sp
ef426a:  2940 0004              movel %d0,%a4@(4)
ef426e:  72c0                   moveq #-64,%d1
ef4270:  c32c 0009              andb %d1,%a4@(9)
ef4274:  7206                   moveq #6,%d1
ef4276:  832c 0009              orb %d1,%a4@(9)
ef427a:  7240                   moveq #64,%d1
ef427c:  1941 0008              moveb %d1,%a4@(8)
ef4280:  206e fffc              moveal %fp@(-4),%a0
ef4284:  4250                   clrw %a0@
ef4286:  206e fffc              moveal %fp@(-4),%a0
ef428a:  317c ffff 0002         movew #-1,%a0@(2)
ef4290:  206e fffc              moveal %fp@(-4),%a0
ef4294:  08e8 0007 0009         bset #7,%a0@(9)
ef429a:  486d 10e4              pea %a5@(4324)
ef429e:  4855                   pea %a5@
ef42a0:  6100 0264              bsrw 0xef4506                            ; sub_ef4506
ef42a4:  504f                   addqw #8,%sp
ef42a6:  206e fffc              moveal %fp@(-4),%a0
ef42aa:  2140 0004              movel %d0,%a0@(4)
ef42ae:  206e fffc              moveal %fp@(-4),%a0
ef42b2:  72c0                   moveq #-64,%d1
ef42b4:  c328 0009              andb %d1,%a0@(9)
ef42b8:  206e fffc              moveal %fp@(-4),%a0
ef42bc:  720a                   moveq #10,%d1
ef42be:  1141 0008              moveb %d1,%a0@(8)
ef42c2:  4253                   clrw %a3@
ef42c4:  377c ffff 0004         movew #-1,%a3@(4)
ef42ca:  08eb 0007 0003         bset #7,%a3@(3)
ef42d0:  08eb 0006 0003         bset #6,%a3@(3)
ef42d6:  4854                   pea %a4@
ef42d8:  4855                   pea %a5@
ef42da:  6100 026a              bsrw 0xef4546                            ; sub_ef4546
ef42de:  504f                   addqw #8,%sp
ef42e0:  3740 0006              movew %d0,%a3@(6)
ef42e4:  4853                   pea %a3@
ef42e6:  4855                   pea %a5@
ef42e8:  6100 025c              bsrw 0xef4546                            ; sub_ef4546
ef42ec:  504f                   addqw #8,%sp
ef42ee:  3540 0006              movew %d0,%a2@(6)
ef42f2:  357c 1000 0002         movew #4096,%a2@(2)
ef42f8:  4855                   pea %a5@
ef42fa:  610c                   bsrs 0xef4308                            ; sub_ef4308
ef42fc:  584f                   addqw #4,%sp
ef42fe:  4cee 3c00 ffec         moveml %fp@(-20),%a2-%a5
ef4304:  4e5e                   unlk %fp
ef4306:  4e75                   rts

sub_ef4308:
ef4308:  4e56 fffc              linkw %fp,#-4
ef430c:  2e8d                   movel %a5,%sp@
ef430e:  2a6e 0008              moveal %fp@(8),%a5
ef4312:  0c6d 0002 0462         cmpiw #2,%a5@(1122)
ef4318:  6610                   bnes 0xef432a
ef431a:  206d 045e              moveal %a5@(1118),%a0
ef431e:  08d0 0005              bset #5,%a0@
ef4322:  206d 045e              moveal %a5@(1118),%a0
ef4326:  0890 0005              bclr #5,%a0@
ef432a:  2a6e fffc              moveal %fp@(-4),%a5
ef432e:  4e5e                   unlk %fp
ef4330:  4e75                   rts

sub_ef4332:
ef4332:  4e56 fff4              linkw %fp,#-12
ef4336:  48d7 3800              moveml %a3-%a5,%sp@
ef433a:  2a6e 0008              moveal %fp@(8),%a5
ef433e:  286e 000c              moveal %fp@(12),%a4
ef4342:  47ed 0408              lea %a5@(1032),%a3
ef4346:  4254                   clrw %a4@
ef4348:  08ec 0007 0003         bset #7,%a4@(3)
ef434e:  426c 0004              clrw %a4@(4)
ef4352:  4a6b 0002              tstw %a3@(2)
ef4356:  66fa                   bnes 0xef4352
ef4358:  4854                   pea %a4@
ef435a:  4855                   pea %a5@
ef435c:  6100 01e8              bsrw 0xef4546                            ; sub_ef4546
ef4360:  504f                   addqw #8,%sp
ef4362:  3740 0004              movew %d0,%a3@(4)
ef4366:  7201                   moveq #1,%d1
ef4368:  3741 0002              movew %d1,%a3@(2)
ef436c:  4855                   pea %a5@
ef436e:  6198                   bsrs 0xef4308                            ; sub_ef4308
ef4370:  584f                   addqw #4,%sp
ef4372:  082c 0007 0001         btst #7,%a4@(1)
ef4378:  67f8                   beqs 0xef4372
ef437a:  4a6b 0002              tstw %a3@(2)
ef437e:  66fa                   bnes 0xef437a
ef4380:  082b 0007 0001         btst #7,%a3@(1)
ef4386:  6706                   beqs 0xef438e
ef4388:  006b 0080 0002         oriw #128,%a3@(2)
ef438e:  082b 0005 0001         btst #5,%a3@(1)
ef4394:  6706                   beqs 0xef439c
ef4396:  7220                   moveq #32,%d1
ef4398:  836b 0002              orw %d1,%a3@(2)
ef439c:  4855                   pea %a5@
ef439e:  6100 ff68              bsrw 0xef4308                            ; sub_ef4308
ef43a2:  584f                   addqw #4,%sp
ef43a4:  4cee 3800 fff4         moveml %fp@(-12),%a3-%a5
ef43aa:  4e5e                   unlk %fp
ef43ac:  4e75                   rts

fn_ef43ae:
ef43ae:  4e56 fff4              linkw %fp,#-12
ef43b2:  48d7 3800              moveml %a3-%a5,%sp@
ef43b6:  2a6e 0008              moveal %fp@(8),%a5
ef43ba:  49ed 0452              lea %a5@(1106),%a4
ef43be:  47ed 0442              lea %a5@(1090),%a3
ef43c2:  4878 0008              pea 0x8
ef43c6:  4854                   pea %a4@
ef43c8:  4eba e7b6              jsr %pc@(0xef2b80)                       ; fn_ef2b80
ef43cc:  504f                   addqw #8,%sp
ef43ce:  08ec 0007 0001         bset #7,%a4@(1)
ef43d4:  102e 0013              moveb %fp@(19),%d0
ef43d8:  0280 0000 00ff         andil #255,%d0
ef43de:  1880                   moveb %d0,%a4@
ef43e0:  202e 0010              movel %fp@(16),%d0
ef43e4:  e080                   asrl #8,%d0
ef43e6:  72c0                   moveq #-64,%d1
ef43e8:  c32c 0001              andb %d1,%a4@(1)
ef43ec:  723f                   moveq #63,%d1
ef43ee:  c001                   andb %d1,%d0
ef43f0:  812c 0001              orb %d0,%a4@(1)
ef43f4:  0c6d 0002 0462         cmpiw #2,%a5@(1122)
ef43fa:  6610                   bnes 0xef440c
ef43fc:  2f2e 000c              movel %fp@(12),%sp@-
ef4400:  4855                   pea %a5@
ef4402:  6100 0102              bsrw 0xef4506                            ; sub_ef4506
ef4406:  504f                   addqw #8,%sp
ef4408:  2940 0004              movel %d0,%a4@(4)
ef440c:  4854                   pea %a4@
ef440e:  4855                   pea %a5@
ef4410:  6100 0134              bsrw 0xef4546                            ; sub_ef4546
ef4414:  504f                   addqw #8,%sp
ef4416:  3740 0006              movew %d0,%a3@(6)
ef441a:  72f8                   moveq #-8,%d1
ef441c:  c32b 0002              andb %d1,%a3@(2)
ef4420:  7204                   moveq #4,%d1
ef4422:  832b 0002              orb %d1,%a3@(2)
ef4426:  4853                   pea %a3@
ef4428:  4855                   pea %a5@
ef442a:  6100 ff06              bsrw 0xef4332                            ; sub_ef4332
ef442e:  504f                   addqw #8,%sp
ef4430:  082b 0005 0001         btst #5,%a3@(1)
ef4436:  6704                   beqs 0xef443c
ef4438:  7000                   moveq #0,%d0
ef443a:  6014                   bras 0xef4450                            ; loc_ef4450
ef443c:  0813 0005              btst #5,%a3@
ef4440:  670c                   beqs 0xef444e
ef4442:  4879 00ef 7807         pea 0xef7807                             ; "ie: Ethernet cable problem\n"
ef4448:  4eba dc0a              jsr %pc@(0xef2054)                       ; _printf
ef444c:  584f                   addqw #4,%sp
ef444e:  70ff                   moveq #-1,%d0

loc_ef4450:
ef4450:  4cee 3800 fff4         moveml %fp@(-12),%a3-%a5
ef4456:  4e5e                   unlk %fp
ef4458:  4e75                   rts

fn_ef445a:
ef445a:  4e56 ffec              linkw %fp,#-20
ef445e:  48d7 3c00              moveml %a2-%a5,%sp@
ef4462:  2a6e 0008              moveal %fp@(8),%a5
ef4466:  49ed 0418              lea %a5@(1048),%a4
ef446a:  47ed 042c              lea %a5@(1068),%a3
ef446e:  45ed 0408              lea %a5@(1032),%a2
ef4472:  1012                   moveb %a2@,%d0
ef4474:  7270                   moveq #112,%d1
ef4476:  c001                   andb %d1,%d0
ef4478:  7240                   moveq #64,%d1
ef447a:  b001                   cmpb %d1,%d0
ef447c:  6604                   bnes 0xef4482
ef447e:  7000                   moveq #0,%d0
ef4480:  607a                   bras 0xef44fc                            ; loc_ef44fc
ef4482:  082b 0007 0001         btst #7,%a3@(1)
ef4488:  6708                   beqs 0xef4492
ef448a:  082c 0007 0001         btst #7,%a4@(1)
ef4490:  660c                   bnes 0xef449e
ef4492:  4855                   pea %a5@
ef4494:  6100 fd68              bsrw 0xef41fe                            ; sub_ef41fe
ef4498:  584f                   addqw #4,%sp
ef449a:  7000                   moveq #0,%d0
ef449c:  605e                   bras 0xef44fc                            ; loc_ef44fc
ef449e:  7000                   moveq #0,%d0
ef44a0:  102c 0001              moveb %a4@(1),%d0
ef44a4:  723f                   moveq #63,%d1
ef44a6:  c001                   andb %d1,%d0
ef44a8:  e188                   lsll #8,%d0
ef44aa:  7200                   moveq #0,%d1
ef44ac:  1214                   moveb %a4@,%d1
ef44ae:  d081                   addl %d1,%d0
ef44b0:  2d40 fffc              movel %d0,%fp@(-4)
ef44b4:  2f00                   movel %d0,%sp@-
ef44b6:  2f2e 000c              movel %fp@(12),%sp@-
ef44ba:  486d 0464              pea %a5@(1124)
ef44be:  4eba e6e6              jsr %pc@(0xef2ba6)                       ; sub_ef2ba6
ef44c2:  4fef 000c              lea %sp@(12),%sp
ef44c6:  4a6a 0002              tstw %a2@(2)
ef44ca:  66fa                   bnes 0xef44c6
ef44cc:  082a 0006 0001         btst #6,%a2@(1)
ef44d2:  6706                   beqs 0xef44da
ef44d4:  7240                   moveq #64,%d1
ef44d6:  836a 0002              orw %d1,%a2@(2)
ef44da:  082a 0004 0001         btst #4,%a2@(1)
ef44e0:  6706                   beqs 0xef44e8
ef44e2:  7210                   moveq #16,%d1
ef44e4:  836a 0002              orw %d1,%a2@(2)
ef44e8:  4855                   pea %a5@
ef44ea:  6100 fe1c              bsrw 0xef4308                            ; sub_ef4308
ef44ee:  584f                   addqw #4,%sp
ef44f0:  4855                   pea %a5@
ef44f2:  6100 fd0a              bsrw 0xef41fe                            ; sub_ef41fe
ef44f6:  584f                   addqw #4,%sp
ef44f8:  202e fffc              movel %fp@(-4),%d0

loc_ef44fc:
ef44fc:  4cee 3c00 ffec         moveml %fp@(-20),%a2-%a5
ef4502:  4e5e                   unlk %fp
ef4504:  4e75                   rts

sub_ef4506:
ef4506:  4e56 fff8              linkw %fp,#-8
ef450a:  206e 0008              moveal %fp@(8),%a0
ef450e:  0c68 0001 0462         cmpiw #1,%a0@(1122)
ef4514:  660c                   bnes 0xef4522
ef4516:  202e 000c              movel %fp@(12),%d0
ef451a:  9088                   subl %a0,%d0
ef451c:  2d40 fffc              movel %d0,%fp@(-4)
ef4520:  6006                   bras 0xef4528                            ; loc_ef4528
ef4522:  2d6e 000c fffc         movel %fp@(12),%fp@(-4)

loc_ef4528:
ef4528:  1d6e ffff fff8         moveb %fp@(-1),%fp@(-8)
ef452e:  1d6e fffe fff9         moveb %fp@(-2),%fp@(-7)
ef4534:  1d6e fffd fffa         moveb %fp@(-3),%fp@(-6)
ef453a:  422e fffb              clrb %fp@(-5)
ef453e:  202e fff8              movel %fp@(-8),%d0
ef4542:  4e5e                   unlk %fp
ef4544:  4e75                   rts

sub_ef4546:
ef4546:  4e56 fff8              linkw %fp,#-8
ef454a:  2e8d                   movel %a5,%sp@
ef454c:  2a6e 0008              moveal %fp@(8),%a5
ef4550:  202e 000c              movel %fp@(12),%d0
ef4554:  908d                   subl %a5,%d0
ef4556:  3d40 fffe              movew %d0,%fp@(-2)
ef455a:  1d6e ffff fffc         moveb %fp@(-1),%fp@(-4)
ef4560:  1d6e fffe fffd         moveb %fp@(-2),%fp@(-3)
ef4566:  302e fffc              movew %fp@(-4),%d0
ef456a:  48c0                   extl %d0
ef456c:  2a6e fff8              moveal %fp@(-8),%a5
ef4570:  4e5e                   unlk %fp
ef4572:  4e75                   rts

sub_ef4574:
ef4574:  4e56 fffc              linkw %fp,#-4
ef4578:  2e8d                   movel %a5,%sp@
ef457a:  2a6e 0008              moveal %fp@(8),%a5
ef457e:  4878 0012              pea 0x12
ef4582:  4855                   pea %a5@
ef4584:  4eba e5fa              jsr %pc@(0xef2b80)                       ; fn_ef2b80
ef4588:  504f                   addqw #8,%sp
ef458a:  72f8                   moveq #-8,%d1
ef458c:  c32d 0002              andb %d1,%a5@(2)
ef4590:  7202                   moveq #2,%d1
ef4592:  832d 0002              orb %d1,%a5@(2)
ef4596:  72f0                   moveq #-16,%d1
ef4598:  c32d 0006              andb %d1,%a5@(6)
ef459c:  720c                   moveq #12,%d1
ef459e:  832d 0006              orb %d1,%a5@(6)
ef45a2:  72f0                   moveq #-16,%d1
ef45a4:  c32d 0007              andb %d1,%a5@(7)
ef45a8:  7208                   moveq #8,%d1
ef45aa:  832d 0007              orb %d1,%a5@(7)
ef45ae:  72cf                   moveq #-49,%d1
ef45b0:  c32d 0009              andb %d1,%a5@(9)
ef45b4:  7220                   moveq #32,%d1
ef45b6:  832d 0009              orb %d1,%a5@(9)
ef45ba:  72f8                   moveq #-8,%d1
ef45bc:  c32d 0009              andb %d1,%a5@(9)
ef45c0:  7206                   moveq #6,%d1
ef45c2:  832d 0009              orb %d1,%a5@(9)
ef45c6:  08ed 0003 0009         bset #3,%a5@(9)
ef45cc:  7260                   moveq #96,%d1
ef45ce:  1b41 000b              moveb %d1,%a5@(11)
ef45d2:  72f8                   moveq #-8,%d1
ef45d4:  c32d 000d              andb %d1,%a5@(13)
ef45d8:  7202                   moveq #2,%d1
ef45da:  832d 000d              orb %d1,%a5@(13)
ef45de:  7240                   moveq #64,%d1
ef45e0:  1b41 0010              moveb %d1,%a5@(16)
ef45e4:  002d 00f0 000d         orib #-16,%a5@(13)
ef45ea:  2a6e fffc              moveal %fp@(-4),%a5
ef45ee:  4e5e                   unlk %fp
ef45f0:  4e75                   rts

sub_ef45f2:
ef45f2:  4e56 fffc              linkw %fp,#-4
ef45f6:  2e8d                   movel %a5,%sp@
ef45f8:  206e 0008              moveal %fp@(8),%a0
ef45fc:  2a68 0006              moveal %a0@(6),%a5
ef4600:  0c6d 0002 0462         cmpiw #2,%a5@(1122)
ef4606:  660c                   bnes 0xef4614
ef4608:  41f9 00ef 77ec         lea 0xef77ec,%a0
ef460e:  226d 045e              moveal %a5@(1118),%a1
ef4612:  3290                   movew %a0@,%a1@
ef4614:  2a6e fffc              moveal %fp@(-4),%a5
ef4618:  4e5e                   unlk %fp
ef461a:  4e75                   rts

fn_ef461c:
ef461c:  4e56 ffe0              linkw %fp,#-32
ef4620:  48d7 38f0              moveml %d4-%d7/%a3-%a5,%sp@
ef4624:  206e 0008              moveal %fp@(8),%a0
ef4628:  2028 008a              movel %a0@(138),%d0
ef462c:  7c03                   moveq #3,%d6
ef462e:  c086                   andl %d6,%d0
ef4630:  2c00                   movel %d0,%d6
ef4632:  2d68 0086 fffc         movel %a0@(134),%fp@(-4)
ef4638:  0cae 0000 0002 fffc    cmpil #2,%fp@(-4)
ef4640:  6c12                   bges 0xef4654
ef4642:  202e fffc              movel %fp@(-4),%d0
ef4646:  e580                   asll #2,%d0
ef4648:  2040                   moveal %d0,%a0
ef464a:  d1fc 00ef 7824         addal #15693860,%a0
ef4650:  2d50 fffc              movel %a0@,%fp@(-4)
ef4654:  202e fffc              movel %fp@(-4),%d0
ef4658:  0680 00eb 0000         addil #15400960,%d0                      ; BUSIO_BASE
ef465e:  2840                   moveal %d0,%a4
ef4660:  4878 0001              pea 0x1
ef4664:  4854                   pea %a4@
ef4666:  4eba e692              jsr %pc@(0xef2cfa)                       ; sub_ef2cfa
ef466a:  504f                   addqw #8,%sp
ef466c:  4a80                   tstl %d0
ef466e:  6716                   beqs 0xef4686
ef4670:  2f2e fffc              movel %fp@(-4),%sp@-
ef4674:  4879 00ef 700e         pea 0xef700e                             ; "No controller at mbio %x\n"
ef467a:  4eba d9d8              jsr %pc@(0xef2054)                       ; _printf
ef467e:  504f                   addqw #8,%sp
ef4680:  70ff                   moveq #-1,%d0
ef4682:  6000 00aa              braw 0xef472e                            ; loc_ef472e
ef4686:  4854                   pea %a4@
ef4688:  6100 00ae              bsrw 0xef4738                            ; sub_ef4738
ef468c:  584f                   addqw #4,%sp
ef468e:  4a80                   tstl %d0
ef4690:  6612                   bnes 0xef46a4
ef4692:  4879 00ef 783c         pea 0xef783c                             ; "mt: controller does not initialize\n"
ef4698:  4eba d9ba              jsr %pc@(0xef2054)                       ; _printf
ef469c:  584f                   addqw #4,%sp
ef469e:  70ff                   moveq #-1,%d0
ef46a0:  6000 008c              braw 0xef472e                            ; loc_ef472e
ef46a4:  4878 0028              pea 0x28
ef46a8:  2f06                   movel %d6,%sp@-
ef46aa:  4854                   pea %a4@
ef46ac:  6100 0204              bsrw 0xef48b2                            ; sub_ef48b2
ef46b0:  4fef 000c              lea %sp@(12),%sp
ef46b4:  4a80                   tstl %d0
ef46b6:  666c                   bnes 0xef4724
ef46b8:  267c 00f0 1112         moveal #15733010,%a3                     ; BUSMEM_BASE+0x1112
ef46be:  082b 0006 0011         btst #6,%a3@(17)
ef46c4:  6708                   beqs 0xef46ce
ef46c6:  082b 0003 0011         btst #3,%a3@(17)
ef46cc:  6610                   bnes 0xef46de
ef46ce:  4879 00ef 7860         pea 0xef7860                             ; "mt: unit not ready\n"
ef46d4:  4eba d97e              jsr %pc@(0xef2054)                       ; _printf
ef46d8:  584f                   addqw #4,%sp
ef46da:  70ff                   moveq #-1,%d0
ef46dc:  6050                   bras 0xef472e                            ; loc_ef472e
ef46de:  4878 0034              pea 0x34
ef46e2:  2f06                   movel %d6,%sp@-
ef46e4:  4854                   pea %a4@
ef46e6:  6100 01ca              bsrw 0xef48b2                            ; sub_ef48b2
ef46ea:  4fef 000c              lea %sp@(12),%sp
ef46ee:  4a80                   tstl %d0
ef46f0:  6632                   bnes 0xef4724
ef46f2:  2a7c 0000 4000         moveal #16384,%a5
ef46f8:  2f06                   movel %d6,%sp@-
ef46fa:  4854                   pea %a4@
ef46fc:  6100 00fe              bsrw 0xef47fc                            ; sub_ef47fc
ef4700:  504f                   addqw #8,%sp
ef4702:  2e00                   movel %d0,%d7
ef4704:  6f1a                   bles 0xef4720
ef4706:  267c 00f0 2000         moveal #15736832,%a3                     ; BUSMEM_BASE+0x2000
ef470c:  2007                   movel %d7,%d0
ef470e:  5280                   addql #1,%d0
ef4710:  e280                   asrl #1,%d0
ef4712:  2a00                   movel %d0,%d5

loc_ef4714:
ef4714:  5385                   subql #1,%d5
ef4716:  6de0                   blts 0xef46f8
ef4718:  181b                   moveb %a3@+,%d4
ef471a:  1adb                   moveb %a3@+,%a5@+
ef471c:  1ac4                   moveb %d4,%a5@+
ef471e:  60f4                   bras 0xef4714                            ; loc_ef4714
ef4720:  4a87                   tstl %d7
ef4722:  6c04                   bges 0xef4728
ef4724:  70ff                   moveq #-1,%d0
ef4726:  6006                   bras 0xef472e                            ; loc_ef472e
ef4728:  203c 0000 4000         movel #16384,%d0

loc_ef472e:
ef472e:  4cee 38f0 ffe0         moveml %fp@(-32),%d4-%d7/%a3-%a5
ef4734:  4e5e                   unlk %fp
ef4736:  4e75                   rts

sub_ef4738:
ef4738:  4e56 fff0              linkw %fp,#-16
ef473c:  48d7 3880              moveml %d7/%a3-%a5,%sp@
ef4740:  2a6e 0008              moveal %fp@(8),%a5
ef4744:  287c 00f0 1100         moveal #15732992,%a4                     ; BUSMEM_BASE+0x1100
ef474a:  4878 0028              pea 0x28
ef474e:  4854                   pea %a4@
ef4750:  4eba e42e              jsr %pc@(0xef2b80)                       ; fn_ef2b80
ef4754:  504f                   addqw #8,%sp
ef4756:  7e01                   moveq #1,%d7
ef4758:  1a87                   moveb %d7,%a5@
ef475a:  1947 0006              moveb %d7,%a4@(6)
ef475e:  196c 0006 0007         moveb %a4@(6),%a4@(7)
ef4764:  486c 0008              pea %a4@(8)
ef4768:  4854                   pea %a4@
ef476a:  6100 01d8              bsrw 0xef4944                            ; sub_ef4944
ef476e:  504f                   addqw #8,%sp
ef4770:  7e03                   moveq #3,%d7
ef4772:  1887                   moveb %d7,%a4@
ef4774:  1954 0001              moveb %a4@,%a4@(1)
ef4778:  486c 0002              pea %a4@(2)
ef477c:  486c 000c              pea %a4@(12)
ef4780:  6100 01c2              bsrw 0xef4944                            ; sub_ef4944
ef4784:  504f                   addqw #8,%sp
ef4786:  197c 00ff 000c         moveb #-1,%a4@(12)
ef478c:  7e01                   moveq #1,%d7
ef478e:  1b47 0001              moveb %d7,%a5@(1)
ef4792:  2e3c 0001 86a0         movel #100000,%d7
ef4798:  4a2c 000c              tstb %a4@(12)
ef479c:  6708                   beqs 0xef47a6
ef479e:  5387                   subql #1,%d7
ef47a0:  6ef6                   bgts 0xef4798
ef47a2:  7000                   moveq #0,%d0
ef47a4:  604c                   bras 0xef47f2                            ; loc_ef47f2
ef47a6:  7211                   moveq #17,%d1
ef47a8:  1941 000d              moveb %d1,%a4@(13)
ef47ac:  47ec 0012              lea %a4@(18),%a3
ef47b0:  486c 000e              pea %a4@(14)
ef47b4:  4853                   pea %a3@
ef47b6:  6100 018c              bsrw 0xef4944                            ; sub_ef4944
ef47ba:  504f                   addqw #8,%sp
ef47bc:  4878 0016              pea 0x16
ef47c0:  4853                   pea %a3@
ef47c2:  4eba e3bc              jsr %pc@(0xef2b80)                       ; fn_ef2b80
ef47c6:  504f                   addqw #8,%sp
ef47c8:  4253                   clrw %a3@
ef47ca:  426b 0002              clrw %a3@(2)
ef47ce:  08eb 0007 0004         bset #7,%a3@(4)
ef47d4:  4a2c 000c              tstb %a4@(12)
ef47d8:  66fa                   bnes 0xef47d4
ef47da:  13fc 00ff 00f0 110c    moveb #-1,0xf0110c                       ; BUSMEM_BASE+0x110c
ef47e2:  7201                   moveq #1,%d1
ef47e4:  1b41 0001              moveb %d1,%a5@(1)
ef47e8:  4a39 00f0 110c         tstb 0xf0110c                            ; BUSMEM_BASE+0x110c
ef47ee:  66f8                   bnes 0xef47e8
ef47f0:  7001                   moveq #1,%d0

loc_ef47f2:
ef47f2:  4cee 3880 fff0         moveml %fp@(-16),%d7/%a3-%a5
ef47f8:  4e5e                   unlk %fp
ef47fa:  4e75                   rts

sub_ef47fc:
ef47fc:  4e56 fffc              linkw %fp,#-4
ef4800:  2e8d                   movel %a5,%sp@
ef4802:  2a7c 00f0 1112         moveal #15733010,%a5                     ; BUSMEM_BASE+0x1112
ef4808:  4878 0016              pea 0x16
ef480c:  4855                   pea %a5@
ef480e:  4eba e370              jsr %pc@(0xef2b80)                       ; fn_ef2b80
ef4812:  504f                   addqw #8,%sp
ef4814:  722c                   moveq #44,%d1
ef4816:  3a81                   movew %d1,%a5@
ef4818:  08ed 0007 0004         bset #7,%a5@(4)
ef481e:  202e 000c              movel %fp@(12),%d0
ef4822:  72f3                   moveq #-13,%d1
ef4824:  c32d 0005              andb %d1,%a5@(5)
ef4828:  7203                   moveq #3,%d1
ef482a:  c001                   andb %d1,%d0
ef482c:  e588                   lsll #2,%d0
ef482e:  812d 0005              orb %d0,%a5@(5)
ef4832:  3b7c 5000 0008         movew #20480,%a5@(8)
ef4838:  486d 000c              pea %a5@(12)
ef483c:  4878 2000              pea 0x2000
ef4840:  6100 0102              bsrw 0xef4944                            ; sub_ef4944
ef4844:  504f                   addqw #8,%sp
ef4846:  13fc 00ff 00f0 110c    moveb #-1,0xf0110c                       ; BUSMEM_BASE+0x110c
ef484e:  206e 0008              moveal %fp@(8),%a0
ef4852:  7201                   moveq #1,%d1
ef4854:  1141 0001              moveb %d1,%a0@(1)
ef4858:  4a39 00f0 110c         tstb 0xf0110c                            ; BUSMEM_BASE+0x110c
ef485e:  66f8                   bnes 0xef4858
ef4860:  102d 0010              moveb %a5@(16),%d0
ef4864:  721f                   moveq #31,%d1
ef4866:  c001                   andb %d1,%d0
ef4868:  7215                   moveq #21,%d1
ef486a:  b001                   cmpb %d1,%d0
ef486c:  6604                   bnes 0xef4872
ef486e:  7000                   moveq #0,%d0
ef4870:  6038                   bras 0xef48aa                            ; loc_ef48aa
ef4872:  102d 0010              moveb %a5@(16),%d0
ef4876:  721f                   moveq #31,%d1
ef4878:  c001                   andb %d1,%d0
ef487a:  720f                   moveq #15,%d1
ef487c:  b001                   cmpb %d1,%d0
ef487e:  6724                   beqs 0xef48a4
ef4880:  102d 0010              moveb %a5@(16),%d0
ef4884:  721f                   moveq #31,%d1
ef4886:  c001                   andb %d1,%d0
ef4888:  671a                   beqs 0xef48a4
ef488a:  7000                   moveq #0,%d0
ef488c:  102d 0010              moveb %a5@(16),%d0
ef4890:  c001                   andb %d1,%d0
ef4892:  2f00                   movel %d0,%sp@-
ef4894:  4879 00ef 782c         pea 0xef782c                             ; "mt: error 0x%x\n"
ef489a:  4eba d7b8              jsr %pc@(0xef2054)                       ; _printf
ef489e:  504f                   addqw #8,%sp
ef48a0:  70ff                   moveq #-1,%d0
ef48a2:  6006                   bras 0xef48aa                            ; loc_ef48aa
ef48a4:  7000                   moveq #0,%d0
ef48a6:  302d 000a              movew %a5@(10),%d0

loc_ef48aa:
ef48aa:  2a6e fffc              moveal %fp@(-4),%a5
ef48ae:  4e5e                   unlk %fp
ef48b0:  4e75                   rts

sub_ef48b2:
ef48b2:  4e56 fff8              linkw %fp,#-8
ef48b6:  48d7 3000              moveml %a4-%a5,%sp@
ef48ba:  2a7c 00f0 1100         moveal #15732992,%a5                     ; BUSMEM_BASE+0x1100
ef48c0:  49ed 0012              lea %a5@(18),%a4
ef48c4:  4878 0016              pea 0x16
ef48c8:  4854                   pea %a4@
ef48ca:  4eba e2b4              jsr %pc@(0xef2b80)                       ; fn_ef2b80
ef48ce:  504f                   addqw #8,%sp
ef48d0:  38ae 0012              movew %fp@(18),%a4@
ef48d4:  08ec 0007 0004         bset #7,%a4@(4)
ef48da:  202e 000c              movel %fp@(12),%d0
ef48de:  72f3                   moveq #-13,%d1
ef48e0:  c32c 0005              andb %d1,%a4@(5)
ef48e4:  7203                   moveq #3,%d1
ef48e6:  c001                   andb %d1,%d0
ef48e8:  e588                   lsll #2,%d0
ef48ea:  812c 0005              orb %d0,%a4@(5)
ef48ee:  13fc 00ff 00f0 110c    moveb #-1,0xf0110c                       ; BUSMEM_BASE+0x110c
ef48f6:  206e 0008              moveal %fp@(8),%a0
ef48fa:  7201                   moveq #1,%d1
ef48fc:  1141 0001              moveb %d1,%a0@(1)
ef4900:  4a39 00f0 110c         tstb 0xf0110c                            ; BUSMEM_BASE+0x110c
ef4906:  66f8                   bnes 0xef4900
ef4908:  7000                   moveq #0,%d0
ef490a:  102c 0010              moveb %a4@(16),%d0
ef490e:  721f                   moveq #31,%d1
ef4910:  c001                   andb %d1,%d0
ef4912:  4a80                   tstl %d0
ef4914:  6722                   beqs 0xef4938
ef4916:  7215                   moveq #21,%d1
ef4918:  b081                   cmpl %d1,%d0
ef491a:  671c                   beqs 0xef4938
ef491c:  7000                   moveq #0,%d0
ef491e:  102c 0010              moveb %a4@(16),%d0
ef4922:  721f                   moveq #31,%d1
ef4924:  c001                   andb %d1,%d0
ef4926:  2f00                   movel %d0,%sp@-
ef4928:  4879 00ef 782c         pea 0xef782c                             ; "mt: error 0x%x\n"
ef492e:  4eba d724              jsr %pc@(0xef2054)                       ; _printf
ef4932:  504f                   addqw #8,%sp
ef4934:  7001                   moveq #1,%d0
ef4936:  6002                   bras 0xef493a                            ; loc_ef493a
ef4938:  7000                   moveq #0,%d0

loc_ef493a:
ef493a:  4cee 3000 fff8         moveml %fp@(-8),%a4-%a5
ef4940:  4e5e                   unlk %fp
ef4942:  4e75                   rts

sub_ef4944:
ef4944:  4e56 0000              linkw %fp,#0
ef4948:  206e 000c              moveal %fp@(12),%a0
ef494c:  302e 000a              movew %fp@(10),%d0
ef4950:  0280 0000 ffff         andil #65535,%d0
ef4956:  3080                   movew %d0,%a0@
ef4958:  206e 000c              moveal %fp@(12),%a0
ef495c:  202e 0008              movel %fp@(8),%d0
ef4960:  0280 000f 0000         andil #983040,%d0
ef4966:  e880                   asrl #4,%d0
ef4968:  3140 0002              movew %d0,%a0@(2)
ef496c:  4e5e                   unlk %fp
ef496e:  4e75                   rts

fn_ef4970:
ef4970:  4e56 fff0              linkw %fp,#-16
ef4974:  2e8d                   movel %a5,%sp@
ef4976:  2a6e 0008              moveal %fp@(8),%a5
ef497a:  2d6d 0026 fffc         movel %a5@(38),%fp@(-4)
ef4980:  2d6d 001e fff8         movel %a5@(30),%fp@(-8)
ef4986:  2d6d 0022 fff4         movel %a5@(34),%fp@(-12)
ef498c:  0cae 0000 0002 000c    cmpil #2,%fp@(12)
ef4994:  6732                   beqs 0xef49c8

loc_ef4996:
ef4996:  4aae fffc              tstl %fp@(-4)
ef499a:  6f2c                   bles 0xef49c8
ef499c:  2f2e fff4              movel %fp@(-12),%sp@-
ef49a0:  2f2e fff8              movel %fp@(-8),%sp@-
ef49a4:  4855                   pea %a5@
ef49a6:  6100 0388              bsrw 0xef4d30                            ; sub_ef4d30
ef49aa:  4fef 000c              lea %sp@(12),%sp
ef49ae:  4a80                   tstl %d0
ef49b0:  6616                   bnes 0xef49c8
ef49b2:  52ae fff8              addql #1,%fp@(-8)
ef49b6:  06ae 0000 0200 fff4    addil #512,%fp@(-12)
ef49be:  04ae 0000 0200 fffc    subil #512,%fp@(-4)
ef49c6:  60ce                   bras 0xef4996                            ; loc_ef4996
ef49c8:  202d 0026              movel %a5@(38),%d0
ef49cc:  90ae fffc              subl %fp@(-4),%d0
ef49d0:  2a6e fff0              moveal %fp@(-16),%a5
ef49d4:  4e5e                   unlk %fp
ef49d6:  4e75                   rts

sub_ef49d8:
ef49d8:  4e56 ffdc              linkw %fp,#-36
ef49dc:  2e8d                   movel %a5,%sp@
ef49de:  2a7c 0000 3000         moveal #12288,%a5
ef49e4:  4878 0a8e              pea 0xa8e
ef49e8:  4855                   pea %a5@
ef49ea:  4eba e194              jsr %pc@(0xef2b80)                       ; fn_ef2b80
ef49ee:  504f                   addqw #8,%sp
ef49f0:  486e ffe0              pea %fp@(-32)
ef49f4:  4878 0001              pea 0x1
ef49f8:  4eba d00a              jsr %pc@(0xef1a04)                       ; sub_ef1a04
ef49fc:  504f                   addqw #8,%sp
ef49fe:  7201                   moveq #1,%d1
ef4a00:  b081                   cmpl %d1,%d0
ef4a02:  660c                   bnes 0xef4a10
ef4a04:  42a7                   clrl %sp@-
ef4a06:  486e ffe2              pea %fp@(-30)
ef4a0a:  6100 044a              bsrw 0xef4e56                            ; sub_ef4e56
ef4a0e:  504f                   addqw #8,%sp
ef4a10:  2a6e ffdc              moveal %fp@(-36),%a5
ef4a14:  4e5e                   unlk %fp
ef4a16:  4e75                   rts

sub_ef4a18:
ef4a18:  4e56 fdfc              linkw %fp,#-516
ef4a1c:  2e8d                   movel %a5,%sp@
ef4a1e:  2a7c 0000 3000         moveal #12288,%a5
ef4a24:  72f6                   moveq #-10,%d1
ef4a26:  2b41 0042              movel %d1,%a5@(66)
ef4a2a:  2079 00ef 009c         moveal 0xef009c,%a0
ef4a30:  2a90                   movel %a0@,%a5@
ef4a32:  41f9 00ef 7874         lea 0xef7874,%a0
ef4a38:  3b68 0004 0008         movew %a0@(4),%a5@(8)
ef4a3e:  2b50 0004              movel %a0@,%a5@(4)
ef4a42:  206e 0008              moveal %fp@(8),%a0
ef4a46:  2b68 000e 0022         movel %a0@(14),%a5@(34)
ef4a4c:  486d 000a              pea %a5@(10)
ef4a50:  42a7                   clrl %sp@-
ef4a52:  6100 0402              bsrw 0xef4e56                            ; sub_ef4e56
ef4a56:  504f                   addqw #8,%sp
ef4a58:  4878 0003              pea 0x3
ef4a5c:  486d 001f              pea %a5@(31)
ef4a60:  486d 000d              pea %a5@(13)
ef4a64:  4eba e140              jsr %pc@(0xef2ba6)                       ; sub_ef2ba6
ef4a68:  4fef 000c              lea %sp@(12),%sp
ef4a6c:  3b7c 0800 0010         movew #2048,%a5@(16)
ef4a72:  022d ff0f 0012         andib #15,%a5@(18)
ef4a78:  7240                   moveq #64,%d1
ef4a7a:  832d 0012              orb %d1,%a5@(18)
ef4a7e:  72f0                   moveq #-16,%d1
ef4a80:  c32d 0012              andb %d1,%a5@(18)
ef4a84:  7205                   moveq #5,%d1
ef4a86:  832d 0012              orb %d1,%a5@(18)
ef4a8a:  7230                   moveq #48,%d1
ef4a8c:  3b41 0014              movew %d1,%a5@(20)
ef4a90:  7204                   moveq #4,%d1
ef4a92:  1b41 001a              moveb %d1,%a5@(26)
ef4a96:  724d                   moveq #77,%d1
ef4a98:  1b41 001b              moveb %d1,%a5@(27)
ef4a9c:  7209                   moveq #9,%d1
ef4a9e:  1b41 0026              moveb %d1,%a5@(38)
ef4aa2:  206e 0008              moveal %fp@(8),%a0
ef4aa6:  2028 0012              movel %a0@(18),%d0
ef4aaa:  0a80 0000 0040         eoril #64,%d0
ef4ab0:  1b40 0027              moveb %d0,%a5@(39)
ef4ab4:  2b7c 0000 0400 0032    movel #1024,%a5@(50)                     ; gp
ef4abc:  486e fe00              pea %fp@(-512)
ef4ac0:  42a7                   clrl %sp@-
ef4ac2:  2f2e 0008              movel %fp@(8),%sp@-
ef4ac6:  6100 0268              bsrw 0xef4d30                            ; sub_ef4d30
ef4aca:  4fef 000c              lea %sp@(12),%sp
ef4ace:  4a80                   tstl %d0
ef4ad0:  6704                   beqs 0xef4ad6
ef4ad2:  70ff                   moveq #-1,%d0
ef4ad4:  6002                   bras 0xef4ad8                            ; loc_ef4ad8
ef4ad6:  7000                   moveq #0,%d0

loc_ef4ad8:
ef4ad8:  2a6e fdfc              moveal %fp@(-516),%a5
ef4adc:  4e5e                   unlk %fp
ef4ade:  4e75                   rts

sub_ef4ae0:
ef4ae0:  4e56 fff8              linkw %fp,#-8
ef4ae4:  2e8d                   movel %a5,%sp@
ef4ae6:  2a7c 0000 3000         moveal #12288,%a5
ef4aec:  4878 003e              pea 0x3e
ef4af0:  486d 0004              pea %a5@(4)
ef4af4:  206e 0008              moveal %fp@(8),%a0
ef4af8:  2f28 0006              movel %a0@(6),%sp@-
ef4afc:  2068 002a              moveal %a0@(42),%a0
ef4b00:  2050                   moveal %a0@,%a0
ef4b02:  4e90                   jsr %a0@
ef4b04:  4fef 000c              lea %sp@(12),%sp
ef4b08:  2d40 fffc              movel %d0,%fp@(-4)
ef4b0c:  670c                   beqs 0xef4b1a
ef4b0e:  4879 00ef 787c         pea 0xef787c
ef4b14:  4eba d53e              jsr %pc@(0xef2054)                       ; _printf
ef4b18:  584f                   addqw #4,%sp
ef4b1a:  2a6e fff8              moveal %fp@(-8),%a5
ef4b1e:  4e5e                   unlk %fp
ef4b20:  4e75                   rts

sub_ef4b22:
ef4b22:  4e56 ffe0              linkw %fp,#-32
ef4b26:  48d7 3800              moveml %a3-%a5,%sp@
ef4b2a:  2a7c 0000 3000         moveal #12288,%a5
ef4b30:  2079 00ef 009c         moveal 0xef009c,%a0
ef4b36:  2010                   movel %a0@,%d0
ef4b38:  0680 0000 07d0         addil #2000,%d0
ef4b3e:  2d40 fffc              movel %d0,%fp@(-4)
ef4b42:  2079 00ef 009c         moveal 0xef009c,%a0
ef4b48:  2010                   movel %a0@,%d0
ef4b4a:  b0ae fffc              cmpl %fp@(-4),%d0
ef4b4e:  6f1a                   bles 0xef4b6a
ef4b50:  206e 0008              moveal %fp@(8),%a0
ef4b54:  2f28 0006              movel %a0@(6),%sp@-
ef4b58:  2068 002a              moveal %a0@(42),%a0
ef4b5c:  2068 0008              moveal %a0@(8),%a0
ef4b60:  4e90                   jsr %a0@
ef4b62:  584f                   addqw #4,%sp
ef4b64:  70ff                   moveq #-1,%d0
ef4b66:  6000 017a              braw 0xef4ce2                            ; loc_ef4ce2
ef4b6a:  486d 0446              pea %a5@(1094)
ef4b6e:  206e 0008              moveal %fp@(8),%a0
ef4b72:  2f28 0006              movel %a0@(6),%sp@-
ef4b76:  2068 002a              moveal %a0@(42),%a0
ef4b7a:  2068 0004              moveal %a0@(4),%a0
ef4b7e:  4e90                   jsr %a0@
ef4b80:  504f                   addqw #8,%sp
ef4b82:  3d40 fffa              movew %d0,%fp@(-6)
ef4b86:  0c6e 003e fffa         cmpiw #62,%fp@(-6)
ef4b8c:  6db4                   blts 0xef4b42
ef4b8e:  47ed 0446              lea %a5@(1094),%a3
ef4b92:  4878 0006              pea 0x6
ef4b96:  4879 00ef 7874         pea 0xef7874
ef4b9c:  4853                   pea %a3@
ef4b9e:  4eba 1a58              jsr %pc@(0xef65f8)                       ; fn_ef65f8
ef4ba2:  4fef 000c              lea %sp@(12),%sp
ef4ba6:  4a80                   tstl %d0
ef4ba8:  6798                   beqs 0xef4b42
ef4baa:  0c6b 1002 000c         cmpiw #4098,%a3@(12)
ef4bb0:  6624                   bnes 0xef4bd6
ef4bb2:  41eb 000e              lea %a3@(14),%a0
ef4bb6:  2d48 fff2              movel %a0,%fp@(-14)
ef4bba:  2008                   movel %a0,%d0
ef4bbc:  0680 0000 0400         addil #1024,%d0                          ; gp
ef4bc2:  2d40 fff6              movel %d0,%fp@(-10)
ef4bc6:  2040                   moveal %d0,%a0
ef4bc8:  3750 000c              movew %a0@,%a3@(12)
ef4bcc:  202e fff6              movel %fp@(-10),%d0
ef4bd0:  5880                   addql #4,%d0
ef4bd2:  2840                   moveal %d0,%a4
ef4bd4:  600c                   bras 0xef4be2                            ; loc_ef4be2
ef4bd6:  49eb 000e              lea %a3@(14),%a4
ef4bda:  41ec 0030              lea %a4@(48),%a0
ef4bde:  2d48 fff2              movel %a0,%fp@(-14)

loc_ef4be2:
ef4be2:  4aad 0022              tstl %a5@(34)
ef4be6:  6720                   beqs 0xef4c08
ef4be8:  2f2c 000c              movel %a4@(12),%sp@-
ef4bec:  6100 00fe              bsrw 0xef4cec                            ; sub_ef4cec
ef4bf0:  584f                   addqw #4,%sp
ef4bf2:  2d40 ffec              movel %d0,%fp@(-20)
ef4bf6:  2f2d 0022              movel %a5@(34),%sp@-
ef4bfa:  6100 00f0              bsrw 0xef4cec                            ; sub_ef4cec
ef4bfe:  584f                   addqw #4,%sp
ef4c00:  b0ae ffec              cmpl %fp@(-20),%d0
ef4c04:  6600 ff3c              bnew 0xef4b42
ef4c08:  0c6b 0800 000c         cmpiw #2048,%a3@(12)
ef4c0e:  6600 ff32              bnew 0xef4b42
ef4c12:  0c2c 004d 0009         cmpib #77,%a4@(9)
ef4c18:  6600 ff28              bnew 0xef4b42
ef4c1c:  202c 0018              movel %a4@(24),%d0
ef4c20:  b095                   cmpl %a5@,%d0
ef4c22:  6600 ff1e              bnew 0xef4b42
ef4c26:  0c2c 0003 0014         cmpib #3,%a4@(20)
ef4c2c:  6622                   bnes 0xef4c50
ef4c2e:  2f2c 001c              movel %a4@(28),%sp@-
ef4c32:  102c 0016              moveb %a4@(22),%d0
ef4c36:  4880                   extw %d0
ef4c38:  48c0                   extl %d0
ef4c3a:  2f00                   movel %d0,%sp@-
ef4c3c:  4879 00ef 787f         pea 0xef787f                             ; "nd: err %x bn %d\n"
ef4c42:  4eba d410              jsr %pc@(0xef2054)                       ; _printf
ef4c46:  4fef 000c              lea %sp@(12),%sp
ef4c4a:  7000                   moveq #0,%d0
ef4c4c:  6000 0094              braw 0xef4ce2                            ; loc_ef4ce2
ef4c50:  0c2c 0019 0014         cmpib #25,%a4@(20)
ef4c56:  6612                   bnes 0xef4c6a
ef4c58:  0cac 0000 0400 002c    cmpil #1024,%a4@(44)                     ; gp
ef4c60:  6608                   bnes 0xef4c6a
ef4c62:  0c6c 0430 0002         cmpiw #1072,%a4@(2)
ef4c68:  6704                   beqs 0xef4c6e
ef4c6a:  70ff                   moveq #-1,%d0
ef4c6c:  6074                   bras 0xef4ce2                            ; loc_ef4ce2
ef4c6e:  4878 0006              pea 0x6
ef4c72:  4879 00ef 7874         pea 0xef7874
ef4c78:  486d 0004              pea %a5@(4)
ef4c7c:  4eba 197a              jsr %pc@(0xef65f8)                       ; fn_ef65f8
ef4c80:  4fef 000c              lea %sp@(12),%sp
ef4c84:  4a80                   tstl %d0
ef4c86:  661e                   bnes 0xef4ca6
ef4c88:  41eb 0006              lea %a3@(6),%a0
ef4c8c:  3b68 0004 0008         movew %a0@(4),%a5@(8)
ef4c92:  2b50 0004              movel %a0@,%a5@(4)
ef4c96:  41ec 000c              lea %a4@(12),%a0
ef4c9a:  2b50 0022              movel %a0@,%a5@(34)
ef4c9e:  41ec 0010              lea %a4@(16),%a0
ef4ca2:  2b50 001e              movel %a0@,%a5@(30)
ef4ca6:  2015                   movel %a5@,%d0
ef4ca8:  7207                   moveq #7,%d1
ef4caa:  c081                   andl %d1,%d0
ef4cac:  661e                   bnes 0xef4ccc
ef4cae:  2015                   movel %a5@,%d0
ef4cb0:  0800 0003              btst #3,%d0
ef4cb4:  6708                   beqs 0xef4cbe
ef4cb6:  203c 00ef 7891         movel #15693969,%d0
ef4cbc:  6006                   bras 0xef4cc4                            ; loc_ef4cc4
ef4cbe:  203c 00ef 7894         movel #15693972,%d0

loc_ef4cc4:
ef4cc4:  2f00                   movel %d0,%sp@-
ef4cc6:  4eba d38c              jsr %pc@(0xef2054)                       ; _printf
ef4cca:  584f                   addqw #4,%sp
ef4ccc:  4878 0400              pea 0x400                                ; gp
ef4cd0:  486d 0046              pea %a5@(70)
ef4cd4:  2f2e fff2              movel %fp@(-14),%sp@-
ef4cd8:  4eba decc              jsr %pc@(0xef2ba6)                       ; sub_ef2ba6
ef4cdc:  4fef 000c              lea %sp@(12),%sp
ef4ce0:  7001                   moveq #1,%d0

loc_ef4ce2:
ef4ce2:  4cee 3800 ffe0         moveml %fp@(-32),%a3-%a5
ef4ce8:  4e5e                   unlk %fp
ef4cea:  4e75                   rts

sub_ef4cec:
ef4cec:  4e56 fffc              linkw %fp,#-4
ef4cf0:  2e87                   movel %d7,%sp@
ef4cf2:  2e2e 0008              movel %fp@(8),%d7
ef4cf6:  0807 001f              btst #31,%d7
ef4cfa:  660a                   bnes 0xef4d06
ef4cfc:  2007                   movel %d7,%d0
ef4cfe:  0280 00ff ffff         andil #16777215,%d0                      ; BUSMEM_BASE+0xfffff
ef4d04:  6022                   bras 0xef4d28                            ; loc_ef4d28
ef4d06:  2007                   movel %d7,%d0
ef4d08:  0280 c000 0000         andil #-1073741824,%d0
ef4d0e:  0c80 8000 0000         cmpil #-2147483648,%d0
ef4d14:  660a                   bnes 0xef4d20
ef4d16:  3007                   movew %d7,%d0
ef4d18:  0280 0000 ffff         andil #65535,%d0
ef4d1e:  6008                   bras 0xef4d28                            ; loc_ef4d28
ef4d20:  1007                   moveb %d7,%d0
ef4d22:  0280 0000 00ff         andil #255,%d0

loc_ef4d28:
ef4d28:  2e2e fffc              movel %fp@(-4),%d7
ef4d2c:  4e5e                   unlk %fp
ef4d2e:  4e75                   rts

sub_ef4d30:
ef4d30:  4e56 ffec              linkw %fp,#-20
ef4d34:  2e8d                   movel %a5,%sp@
ef4d36:  2a7c 0000 3000         moveal #12288,%a5

L_ndread_limit:    ; ndread() retry limit: movel #500,%fp@(-16), the patched word at ef4d40 (mon/prom2/nd.c)
ef4d3c:  2d7c 0000 01f4 fff0    movel #500,%fp@(-16)
ef4d44:  41ed 0046              lea %a5@(70),%a0
ef4d48:  2d48 fffc              movel %a0,%fp@(-4)
ef4d4c:  202e 000c              movel %fp@(12),%d0
ef4d50:  b0ad 0042              cmpl %a5@(66),%d0
ef4d54:  6700 00a2              beqw 0xef4df8                            ; loc_ef4df8
ef4d58:  202d 0042              movel %a5@(66),%d0
ef4d5c:  5280                   addql #1,%d0
ef4d5e:  222e 000c              movel %fp@(12),%d1
ef4d62:  b280                   cmpl %d0,%d1
ef4d64:  660c                   bnes 0xef4d72
ef4d66:  06ae 0000 0200 fffc    addil #512,%fp@(-4)
ef4d6e:  6000 0088              braw 0xef4df8                            ; loc_ef4df8
ef4d72:  2b6e 000c 002e         movel %fp@(12),%a5@(46)
ef4d78:  5295                   addql #1,%a5@
ef4d7a:  2b55 002a              movel %a5@,%a5@(42)
ef4d7e:  426d 001c              clrw %a5@(28)
ef4d82:  4878 0014              pea 0x14
ef4d86:  486d 0012              pea %a5@(18)
ef4d8a:  6100 008a              bsrw 0xef4e16                            ; sub_ef4e16
ef4d8e:  504f                   addqw #8,%sp
ef4d90:  3b40 001c              movew %d0,%a5@(28)
ef4d94:  42ae fff4              clrl %fp@(-12)

loc_ef4d98:
ef4d98:  202e fff4              movel %fp@(-12),%d0
ef4d9c:  b0ae fff0              cmpl %fp@(-16),%d0
ef4da0:  6c2c                   bges 0xef4dce
ef4da2:  2f2e 0008              movel %fp@(8),%sp@-
ef4da6:  6100 fd38              bsrw 0xef4ae0                            ; sub_ef4ae0
ef4daa:  584f                   addqw #4,%sp
ef4dac:  2f2e 0008              movel %fp@(8),%sp@-
ef4db0:  6100 fd70              bsrw 0xef4b22                            ; sub_ef4b22
ef4db4:  584f                   addqw #4,%sp
ef4db6:  2d40 fff8              movel %d0,%fp@(-8)
ef4dba:  6c12                   bges 0xef4dce
ef4dbc:  4879 00ef 7897         pea 0xef7897
ef4dc2:  4eba d290              jsr %pc@(0xef2054)                       ; _printf
ef4dc6:  584f                   addqw #4,%sp
ef4dc8:  52ae fff4              addql #1,%fp@(-12)
ef4dcc:  60ca                   bras 0xef4d98                            ; loc_ef4d98
ef4dce:  202e fff4              movel %fp@(-12),%d0
ef4dd2:  b0ae fff0              cmpl %fp@(-16),%d0
ef4dd6:  6610                   bnes 0xef4de8
ef4dd8:  4879 00ef 789a         pea 0xef789a                             ; "nd: no file server, giving up.\n"
ef4dde:  4eba d274              jsr %pc@(0xef2054)                       ; _printf
ef4de2:  584f                   addqw #4,%sp
ef4de4:  70ff                   moveq #-1,%d0
ef4de6:  6026                   bras 0xef4e0e                            ; loc_ef4e0e
ef4de8:  4aae fff8              tstl %fp@(-8)
ef4dec:  6604                   bnes 0xef4df2
ef4dee:  70ff                   moveq #-1,%d0
ef4df0:  601c                   bras 0xef4e0e                            ; loc_ef4e0e
ef4df2:  2b6e 000c 0042         movel %fp@(12),%a5@(66)

loc_ef4df8:
ef4df8:  4878 0200              pea 0x200
ef4dfc:  2f2e 0010              movel %fp@(16),%sp@-
ef4e00:  2f2e fffc              movel %fp@(-4),%sp@-
ef4e04:  4eba dda0              jsr %pc@(0xef2ba6)                       ; sub_ef2ba6
ef4e08:  4fef 000c              lea %sp@(12),%sp
ef4e0c:  7000                   moveq #0,%d0

loc_ef4e0e:
ef4e0e:  2a6e ffec              moveal %fp@(-20),%a5
ef4e12:  4e5e                   unlk %fp
ef4e14:  4e75                   rts

sub_ef4e16:
ef4e16:  4e56 fff0              linkw %fp,#-16
ef4e1a:  48d7 20e0              moveml %d5-%d7/%a5,%sp@
ef4e1e:  3e2e 000e              movew %fp@(14),%d7
ef4e22:  2a6e 0008              moveal %fp@(8),%a5
ef4e26:  7c00                   moveq #0,%d6
ef4e28:  2a3c 0001 0000         movel #65536,%d5
ef4e2e:  e24f                   lsrw #1,%d7

loc_ef4e30:
ef4e30:  3007                   movew %d7,%d0
ef4e32:  5347                   subqw #1,%d7
ef4e34:  4a40                   tstw %d0
ef4e36:  6710                   beqs 0xef4e48
ef4e38:  7000                   moveq #0,%d0
ef4e3a:  301d                   movew %a5@+,%d0
ef4e3c:  dc80                   addl %d0,%d6
ef4e3e:  bc85                   cmpl %d5,%d6
ef4e40:  65ee                   bcss 0xef4e30                            ; loc_ef4e30
ef4e42:  9c85                   subl %d5,%d6
ef4e44:  5286                   addql #1,%d6
ef4e46:  60e8                   bras 0xef4e30                            ; loc_ef4e30
ef4e48:  2006                   movel %d6,%d0
ef4e4a:  4680                   notl %d0
ef4e4c:  4cee 20e0 fff0         moveml %fp@(-16),%d5-%d7/%a5
ef4e52:  4e5e                   unlk %fp
ef4e54:  4e75                   rts

sub_ef4e56:
ef4e56:  4e56 fffc              linkw %fp,#-4
ef4e5a:  2e8d                   movel %a5,%sp@
ef4e5c:  2a7c 0000 3000         moveal #12288,%a5
ef4e62:  4a6d 0a86              tstw %a5@(2694)
ef4e66:  661e                   bnes 0xef4e86
ef4e68:  7201                   moveq #1,%d1
ef4e6a:  3b41 0a86              movew %d1,%a5@(2694)
ef4e6e:  4aae 0008              tstl %fp@(8)
ef4e72:  6604                   bnes 0xef4e78
ef4e74:  7000                   moveq #0,%d0
ef4e76:  6026                   bras 0xef4e9e                            ; loc_ef4e9e
ef4e78:  206e 0008              moveal %fp@(8),%a0
ef4e7c:  3b68 0004 0a8c         movew %a0@(4),%a5@(2700)
ef4e82:  2b50 0a88              movel %a0@,%a5@(2696)
ef4e86:  4aae 000c              tstl %fp@(12)
ef4e8a:  6710                   beqs 0xef4e9c
ef4e8c:  41ed 0a88              lea %a5@(2696),%a0
ef4e90:  226e 000c              moveal %fp@(12),%a1
ef4e94:  3368 0004 0004         movew %a0@(4),%a1@(4)
ef4e9a:  2290                   movel %a0@,%a1@
ef4e9c:  7001                   moveq #1,%d0

loc_ef4e9e:
ef4e9e:  2a6e fffc              moveal %fp@(-4),%a5
ef4ea2:  4e5e                   unlk %fp
ef4ea4:  4e75                   rts
ef4ea6:  0000                   .word 0x0000                ; pad to a 4-byte function boundary

fn_ef4ea8:
ef4ea8:  4e56 fff8              linkw %fp,#-8
ef4eac:  48d7 2080              moveml %d7/%a5,%sp@
ef4eb0:  7e00                   moveq #0,%d7
ef4eb2:  6008                   bras 0xef4ebc                            ; loc_ef4ebc
ef4eb4:  5287                   addql #1,%d7
ef4eb6:  7202                   moveq #2,%d1
ef4eb8:  be81                   cmpl %d1,%d7
ef4eba:  6c4a                   bges 0xef4f06

loc_ef4ebc:
ef4ebc:  2007                   movel %d7,%d0
ef4ebe:  e580                   asll #2,%d0
ef4ec0:  2040                   moveal %d0,%a0
ef4ec2:  d1fc 00ef 78bc         addal #15694012,%a0
ef4ec8:  2010                   movel %a0@,%d0
ef4eca:  0680 00eb 0000         addil #15400960,%d0                      ; BUSIO_BASE
ef4ed0:  2a40                   moveal %d0,%a5
ef4ed2:  4878 0067              pea 0x67
ef4ed6:  4855                   pea %a5@
ef4ed8:  4eba de20              jsr %pc@(0xef2cfa)                       ; sub_ef2cfa
ef4edc:  504f                   addqw #8,%sp
ef4ede:  4a80                   tstl %d0
ef4ee0:  66d2                   bnes 0xef4eb4
ef4ee2:  4878 0089              pea 0x89
ef4ee6:  486d 0001              pea %a5@(1)
ef4eea:  4eba de0e              jsr %pc@(0xef2cfa)                       ; sub_ef2cfa
ef4eee:  504f                   addqw #8,%sp
ef4ef0:  4a80                   tstl %d0
ef4ef2:  66c0                   bnes 0xef4eb4
ef4ef4:  0c15 0067              cmpib #103,%a5@
ef4ef8:  66ba                   bnes 0xef4eb4
ef4efa:  0c2d 0089 0001         cmpib #-119,%a5@(1)
ef4f00:  66b2                   bnes 0xef4eb4
ef4f02:  2007                   movel %d7,%d0
ef4f04:  6002                   bras 0xef4f08                            ; loc_ef4f08
ef4f06:  70ff                   moveq #-1,%d0

loc_ef4f08:
ef4f08:  4cee 2080 fff8         moveml %fp@(-8),%d7/%a5
ef4f0e:  4e5e                   unlk %fp
ef4f10:  4e75                   rts

fn_ef4f12:
ef4f12:  4e56 ffc8              linkw %fp,#-56
ef4f16:  48d7 3ce0              moveml %d5-%d7/%a2-%a5,%sp@
ef4f1a:  2a6e 0008              moveal %fp@(8),%a5
ef4f1e:  267c 00f0 0100         moveal #15728896,%a3                     ; BUSMEM_BASE+0x100
ef4f24:  41ee ffee              lea %fp@(-18),%a0
ef4f28:  2d48 ffea              movel %a0,%fp@(-22)
ef4f2c:  202d 008a              movel %a5@(138),%d0
ef4f30:  7203                   moveq #3,%d1
ef4f32:  c081                   andl %d1,%d0
ef4f34:  1080                   moveb %d0,%a0@
ef4f36:  202d 008a              movel %a5@(138),%d0
ef4f3a:  e480                   asrl #2,%d0
ef4f3c:  7201                   moveq #1,%d1
ef4f3e:  c081                   andl %d1,%d0
ef4f40:  3d40 fffe              movew %d0,%fp@(-2)
ef4f44:  2d6d 0086 ffe4         movel %a5@(134),%fp@(-28)
ef4f4a:  0cae 0000 0002 ffe4    cmpil #2,%fp@(-28)
ef4f52:  6c12                   bges 0xef4f66
ef4f54:  202e ffe4              movel %fp@(-28),%d0
ef4f58:  e580                   asll #2,%d0
ef4f5a:  2040                   moveal %d0,%a0
ef4f5c:  d1fc 00ef 78bc         addal #15694012,%a0
ef4f62:  2d50 ffe4              movel %a0@,%fp@(-28)
ef4f66:  206e ffea              moveal %fp@(-22),%a0
ef4f6a:  202e ffe4              movel %fp@(-28),%d0
ef4f6e:  0680 00eb 0000         addil #15400960,%d0                      ; BUSIO_BASE
ef4f74:  2840                   moveal %d0,%a4
ef4f76:  214c 000c              movel %a4,%a0@(12)
ef4f7a:  4878 0067              pea 0x67
ef4f7e:  4854                   pea %a4@
ef4f80:  4eba dd78              jsr %pc@(0xef2cfa)                       ; sub_ef2cfa
ef4f84:  504f                   addqw #8,%sp
ef4f86:  4a80                   tstl %d0
ef4f88:  6620                   bnes 0xef4faa
ef4f8a:  4878 0089              pea 0x89
ef4f8e:  486c 0001              pea %a4@(1)
ef4f92:  4eba dd66              jsr %pc@(0xef2cfa)                       ; sub_ef2cfa
ef4f96:  504f                   addqw #8,%sp
ef4f98:  4a80                   tstl %d0
ef4f9a:  660e                   bnes 0xef4faa
ef4f9c:  0c14 0067              cmpib #103,%a4@
ef4fa0:  6608                   bnes 0xef4faa
ef4fa2:  0c2c 0089 0001         cmpib #-119,%a4@(1)
ef4fa8:  6716                   beqs 0xef4fc0
ef4faa:  2f2e ffe4              movel %fp@(-28),%sp@-
ef4fae:  4879 00ef 700e         pea 0xef700e                             ; "No controller at mbio %x\n"
ef4fb4:  4eba d09e              jsr %pc@(0xef2054)                       ; _printf
ef4fb8:  504f                   addqw #8,%sp
ef4fba:  70ff                   moveq #-1,%d0
ef4fbc:  6000 0220              braw 0xef51de                            ; loc_ef51de
ef4fc0:  206e ffea              moveal %fp@(-22),%a0
ef4fc4:  7e04                   moveq #4,%d7
ef4fc6:  3147 0006              movew %d7,%a0@(6)
ef4fca:  206e ffea              moveal %fp@(-22),%a0
ef4fce:  7e20                   moveq #32,%d7
ef4fd0:  3147 0002              movew %d7,%a0@(2)
ef4fd4:  206e ffea              moveal %fp@(-22),%a0
ef4fd8:  7e02                   moveq #2,%d7
ef4fda:  3147 0004              movew %d7,%a0@(4)
ef4fde:  7000                   moveq #0,%d0
ef4fe0:  102c 0004              moveb %a4@(4),%d0
ef4fe4:  2e00                   movel %d0,%d7
ef4fe6:  42a7                   clrl %sp@-
ef4fe8:  42a7                   clrl %sp@-
ef4fea:  2f2e ffea              movel %fp@(-22),%sp@-
ef4fee:  4878 0006              pea 0x6
ef4ff2:  6100 0230              bsrw 0xef5224                            ; sub_ef5224
ef4ff6:  4fef 0010              lea %sp@(16),%sp
ef4ffa:  2f2e ffea              movel %fp@(-22),%sp@-
ef4ffe:  4854                   pea %a4@
ef5000:  487a 01e6              pea %pc@(0xef51e8)                       ; fn_ef51e8
ef5004:  4eba dc1c              jsr %pc@(0xef2c22)                       ; sub_ef2c22
ef5008:  4fef 000c              lea %sp@(12),%sp
ef500c:  4a80                   tstl %d0
ef500e:  6700 01c4              beqw 0xef51d4
ef5012:  206e ffea              moveal %fp@(-22),%a0
ef5016:  4268 0008              clrw %a0@(8)

loc_ef501a:
ef501a:  206e ffea              moveal %fp@(-22),%a0
ef501e:  0c68 0004 0008         cmpiw #4,%a0@(8)
ef5024:  6400 0176              bccw 0xef519c
ef5028:  4268 000a              clrw %a0@(10)

loc_ef502c:
ef502c:  206e ffea              moveal %fp@(-22),%a0
ef5030:  0c68 0004 000a         cmpiw #4,%a0@(10)
ef5036:  6400 0158              bccw 0xef5190
ef503a:  4279 00f0 03fc         clrw 0xf003fc                            ; BUSMEM_BASE+0x3fc
ef5040:  4879 00f0 0200         pea 0xf00200                             ; BUSMEM_BASE+0x200
ef5046:  3028 0008              movew %a0@(8),%d0
ef504a:  3228 0002              movew %a0@(2),%d1
ef504e:  c0c1                   muluw %d1,%d0
ef5050:  2f00                   movel %d0,%sp@-
ef5052:  2f08                   movel %a0,%sp@-
ef5054:  4878 0002              pea 0x2
ef5058:  6100 01ca              bsrw 0xef5224                            ; sub_ef5224
ef505c:  4fef 0010              lea %sp@(16),%sp
ef5060:  4a80                   tstl %d0
ef5062:  6600 0120              bnew 0xef5184
ef5066:  4879 00f0 0200         pea 0xf00200                             ; BUSMEM_BASE+0x200
ef506c:  4eba db62              jsr %pc@(0xef2bd0)                       ; sub_ef2bd0
ef5070:  584f                   addqw #4,%sp
ef5072:  4a80                   tstl %d0
ef5074:  6600 010e              bnew 0xef5184
ef5078:  302e fffe              movew %fp@(-2),%d0
ef507c:  b079 00f0 03ba         cmpw 0xf003ba,%d0                        ; BUSMEM_BASE+0x3ba
ef5082:  6600 0100              bnew 0xef5184
ef5086:  206e ffea              moveal %fp@(-22),%a0
ef508a:  3028 0008              movew %a0@(8),%d0
ef508e:  b079 00f0 03b8         cmpw 0xf003b8,%d0                        ; BUSMEM_BASE+0x3b8
ef5094:  6600 00ee              bnew 0xef5184
ef5098:  3179 00f0 03b4 0006    movew 0xf003b4,%a0@(6)                   ; BUSMEM_BASE+0x3b4
ef50a0:  206e ffea              moveal %fp@(-22),%a0
ef50a4:  3179 00f0 03b6 0002    movew 0xf003b6,%a0@(2)                   ; BUSMEM_BASE+0x3b6
ef50ac:  206e ffea              moveal %fp@(-22),%a0
ef50b0:  3039 00f0 03b0         movew 0xf003b0,%d0                       ; BUSMEM_BASE+0x3b0
ef50b6:  d079 00f0 03b2         addw 0xf003b2,%d0                        ; BUSMEM_BASE+0x3b2
ef50bc:  3140 0004              movew %d0,%a0@(4)
ef50c0:  102b 0003              moveb %a3@(3),%d0
ef50c4:  7e1c                   moveq #28,%d7
ef50c6:  c007                   andb %d7,%d0
ef50c8:  7e04                   moveq #4,%d7
ef50ca:  b007                   cmpb %d7,%d0
ef50cc:  6600 00da              bnew 0xef51a8                            ; loc_ef51a8
ef50d0:  4878 0018              pea 0x18
ef50d4:  4879 00f0 0100         pea 0xf00100                             ; BUSMEM_BASE+0x100
ef50da:  4eba daa4              jsr %pc@(0xef2b80)                       ; fn_ef2b80
ef50de:  504f                   addqw #8,%sp
ef50e0:  08eb 0006 0001         bset #6,%a3@(1)
ef50e6:  08eb 0007 0001         bset #7,%a3@(1)
ef50ec:  7ef0                   moveq #-16,%d7
ef50ee:  cf2b 0001              andb %d7,%a3@(1)
ef50f2:  7e0b                   moveq #11,%d7
ef50f4:  8f2b 0001              orb %d7,%a3@(1)
ef50f8:  206e ffea              moveal %fp@(-22),%a0
ef50fc:  1010                   moveb %a0@,%d0
ef50fe:  0280 0000 00ff         andil #255,%d0
ef5104:  7e03                   moveq #3,%d7
ef5106:  c087                   andl %d7,%d0
ef5108:  7efc                   moveq #-4,%d7
ef510a:  cf2b 0004              andb %d7,%a3@(4)
ef510e:  7e03                   moveq #3,%d7
ef5110:  c007                   andb %d7,%d0
ef5112:  812b 0004              orb %d0,%a3@(4)
ef5116:  206e ffea              moveal %fp@(-22),%a0
ef511a:  3028 0004              movew %a0@(4),%d0
ef511e:  5340                   subqw #1,%d0
ef5120:  3740 0008              movew %d0,%a3@(8)
ef5124:  206e ffea              moveal %fp@(-22),%a0
ef5128:  3028 0006              movew %a0@(6),%d0
ef512c:  5340                   subqw #1,%d0
ef512e:  1740 0007              moveb %d0,%a3@(7)
ef5132:  206e ffea              moveal %fp@(-22),%a0
ef5136:  3028 0002              movew %a0@(2),%d0
ef513a:  5340                   subqw #1,%d0
ef513c:  1740 0006              moveb %d0,%a3@(6)
ef5140:  206e ffea              moveal %fp@(-22),%a0
ef5144:  3028 0008              movew %a0@(8),%d0
ef5148:  1740 0011              moveb %d0,%a3@(17)
ef514c:  0f2c 0005              btst %d7,%a4@(5)
ef5150:  7000                   moveq #0,%d0
ef5152:  1c00                   moveb %d0,%d6
ef5154:  e080                   asrl #8,%d0
ef5156:  1880                   moveb %d0,%a4@
ef5158:  1946 0001              moveb %d6,%a4@(1)
ef515c:  2c3c 0000 0100         movel #256,%d6
ef5162:  2006                   movel %d6,%d0
ef5164:  e080                   asrl #8,%d0
ef5166:  1940 0002              moveb %d0,%a4@(2)
ef516a:  1946 0003              moveb %d6,%a4@(3)
ef516e:  197c 0080 0005         moveb #-128,%a4@(5)
ef5174:  7a0f                   moveq #15,%d5
ef5176:  5385                   subql #1,%d5
ef5178:  6efc                   bgts 0xef5176
ef517a:  082c 0007 0005         btst #7,%a4@(5)
ef5180:  66f2                   bnes 0xef5174
ef5182:  6024                   bras 0xef51a8                            ; loc_ef51a8
ef5184:  206e ffea              moveal %fp@(-22),%a0
ef5188:  5268 000a              addqw #1,%a0@(10)
ef518c:  6000 fe9e              braw 0xef502c                            ; loc_ef502c
ef5190:  206e ffea              moveal %fp@(-22),%a0
ef5194:  5268 0008              addqw #1,%a0@(8)
ef5198:  6000 fe80              braw 0xef501a                            ; loc_ef501a
ef519c:  4879 00ef 6fe4         pea 0xef6fe4                             ; "No label found - attempting boot anyway.\n"
ef51a2:  4eba ceb0              jsr %pc@(0xef2054)                       ; _printf
ef51a6:  584f                   addqw #4,%sp

loc_ef51a8:
ef51a8:  247c 0000 4000         moveal #16384,%a2
ef51ae:  7e01                   moveq #1,%d7
ef51b0:  600c                   bras 0xef51be                            ; loc_ef51be
ef51b2:  45ea 0200              lea %a2@(512),%a2
ef51b6:  5287                   addql #1,%d7
ef51b8:  7210                   moveq #16,%d1
ef51ba:  be81                   cmpl %d1,%d7
ef51bc:  6c1a                   bges 0xef51d8

loc_ef51be:
ef51be:  4852                   pea %a2@
ef51c0:  2f07                   movel %d7,%sp@-
ef51c2:  2f2e ffea              movel %fp@(-22),%sp@-
ef51c6:  4878 0002              pea 0x2
ef51ca:  6158                   bsrs 0xef5224                            ; sub_ef5224
ef51cc:  4fef 0010              lea %sp@(16),%sp
ef51d0:  4a80                   tstl %d0
ef51d2:  67de                   beqs 0xef51b2
ef51d4:  70ff                   moveq #-1,%d0
ef51d6:  6006                   bras 0xef51de                            ; loc_ef51de
ef51d8:  203c 0000 4000         movel #16384,%d0

loc_ef51de:
ef51de:  4cee 3ce0 ffc8         moveml %fp@(-56),%d5-%d7/%a2-%a5
ef51e4:  4e5e                   unlk %fp
ef51e6:  4e75                   rts

fn_ef51e8:
ef51e8:  4e56 fff8              linkw %fp,#-8
ef51ec:  48d7 3000              moveml %a4-%a5,%sp@
ef51f0:  2a6e 000c              moveal %fp@(12),%a5
ef51f4:  287c 00f0 0100         moveal #15728896,%a4                     ; BUSMEM_BASE+0x100
ef51fa:  42a7                   clrl %sp@-
ef51fc:  42a7                   clrl %sp@-
ef51fe:  4855                   pea %a5@
ef5200:  4878 0009              pea 0x9
ef5204:  611e                   bsrs 0xef5224                            ; sub_ef5224
ef5206:  4fef 0010              lea %sp@(16),%sp
ef520a:  302c 000a              movew %a4@(10),%d0
ef520e:  0800 0006              btst #6,%d0
ef5212:  6704                   beqs 0xef5218
ef5214:  7000                   moveq #0,%d0
ef5216:  6002                   bras 0xef521a                            ; loc_ef521a
ef5218:  7001                   moveq #1,%d0

loc_ef521a:
ef521a:  4cee 3000 fff8         moveml %fp@(-8),%a4-%a5
ef5220:  4e5e                   unlk %fp
ef5222:  4e75                   rts

sub_ef5224:
ef5224:  4e56 ffcc              linkw %fp,#-52
ef5228:  48d7 3cf0              moveml %d4-%d7/%a2-%a5,%sp@
ef522c:  2e2e 0008              movel %fp@(8),%d7
ef5230:  2a6e 000c              moveal %fp@(12),%a5
ef5234:  2c2e 0010              movel %fp@(16),%d6
ef5238:  287c 00f0 0100         moveal #15728896,%a4                     ; BUSMEM_BASE+0x100
ef523e:  266d 000c              moveal %a5@(12),%a3
ef5242:  42ae fff4              clrl %fp@(-12)
ef5246:  247c 00f0 0200         moveal #15729152,%a2                     ; BUSMEM_BASE+0x200
ef524c:  7200                   moveq #0,%d1
ef524e:  322d 0002              movew %a5@(2),%d1
ef5252:  2006                   movel %d6,%d0
ef5254:  4eba d088              jsr %pc@(0xef22de)                       ; sub_ef22de
ef5258:  3a00                   movew %d0,%d5
ef525a:  c0ed 0002              muluw %a5@(2),%d0
ef525e:  2206                   movel %d6,%d1
ef5260:  9280                   subl %d0,%d1
ef5262:  3d41 fff0              movew %d1,%fp@(-16)
ef5266:  3005                   movew %d5,%d0
ef5268:  0280 0000 ffff         andil #65535,%d0
ef526e:  80ed 0006              divuw %a5@(6),%d0
ef5272:  0280 0000 ffff         andil #65535,%d0
ef5278:  3d40 fff2              movew %d0,%fp@(-14)
ef527c:  c0ed 0006              muluw %a5@(6),%d0
ef5280:  7200                   moveq #0,%d1
ef5282:  3205                   movew %d5,%d1
ef5284:  9280                   subl %d0,%d1
ef5286:  3d41 ffee              movew %d1,%fp@(-18)
ef528a:  4878 0018              pea 0x18
ef528e:  4879 00f0 0100         pea 0xf00100                             ; BUSMEM_BASE+0x100
ef5294:  4eba d8ea              jsr %pc@(0xef2b80)                       ; fn_ef2b80
ef5298:  504f                   addqw #8,%sp
ef529a:  08ec 0006 0001         bset #6,%a4@(1)
ef52a0:  08ec 0007 0001         bset #7,%a4@(1)
ef52a6:  78fc                   moveq #-4,%d4
ef52a8:  c914                   andb %d4,%a4@
ef52aa:  7802                   moveq #2,%d4
ef52ac:  8914                   orb %d4,%a4@
ef52ae:  1007                   moveb %d7,%d0
ef52b0:  78f0                   moveq #-16,%d4
ef52b2:  c92c 0001              andb %d4,%a4@(1)
ef52b6:  780f                   moveq #15,%d4
ef52b8:  c004                   andb %d4,%d0
ef52ba:  812c 0001              orb %d0,%a4@(1)
ef52be:  102d 000b              moveb %a5@(11),%d0
ef52c2:  022c ff3f 0004         andib #63,%a4@(4)
ef52c8:  7803                   moveq #3,%d4
ef52ca:  c004                   andb %d4,%d0
ef52cc:  ed88                   lsll #6,%d0
ef52ce:  812c 0004              orb %d0,%a4@(4)
ef52d2:  1015                   moveb %a5@,%d0
ef52d4:  c084                   andl %d4,%d0
ef52d6:  78fc                   moveq #-4,%d4
ef52d8:  c92c 0004              andb %d4,%a4@(4)
ef52dc:  7803                   moveq #3,%d4
ef52de:  c004                   andb %d4,%d0
ef52e0:  812c 0004              orb %d0,%a4@(4)
ef52e4:  78f8                   moveq #-8,%d4
ef52e6:  c92c 0005              andb %d4,%a4@(5)
ef52ea:  7804                   moveq #4,%d4
ef52ec:  892c 0005              orb %d4,%a4@(5)
ef52f0:  196e fff1 0006         moveb %fp@(-15),%a4@(6)
ef52f6:  196e ffef 0007         moveb %fp@(-17),%a4@(7)
ef52fc:  396e fff2 0008         movew %fp@(-14),%a4@(8)
ef5302:  7801                   moveq #1,%d4
ef5304:  3944 000a              movew %d4,%a4@(10)
ef5308:  397c 0200 000c         movew #512,%a4@(12)
ef530e:  082b 0003 0005         btst #3,%a3@(5)
ef5314:  7000                   moveq #0,%d0
ef5316:  3940 000e              movew %d0,%a4@(14)
ef531a:  082b 0003 0005         btst #3,%a3@(5)
ef5320:  7000                   moveq #0,%d0
ef5322:  2d40 fffc              movel %d0,%fp@(-4)
ef5326:  e080                   asrl #8,%d0
ef5328:  1680                   moveb %d0,%a3@
ef532a:  176e ffff 0001         moveb %fp@(-1),%a3@(1)
ef5330:  2d7c 0000 0100 fffc    movel #256,%fp@(-4)
ef5338:  202e fffc              movel %fp@(-4),%d0
ef533c:  e080                   asrl #8,%d0
ef533e:  1740 0002              moveb %d0,%a3@(2)
ef5342:  176e ffff 0003         moveb %fp@(-1),%a3@(3)
ef5348:  177c 0080 0005         moveb #-128,%a3@(5)
ef534e:  780f                   moveq #15,%d4
ef5350:  5384                   subql #1,%d4
ef5352:  6efc                   bgts 0xef5350
ef5354:  082b 0007 0005         btst #7,%a3@(5)
ef535a:  66f2                   bnes 0xef534e
ef535c:  7209                   moveq #9,%d1
ef535e:  be81                   cmpl %d1,%d7
ef5360:  660e                   bnes 0xef5370
ef5362:  082b 0000 0005         btst #0,%a3@(5)
ef5368:  6606                   bnes 0xef5370
ef536a:  7240                   moveq #64,%d1
ef536c:  836c 000a              orw %d1,%a4@(10)
ef5370:  7000                   moveq #0,%d0
ef5372:  102b 0004              moveb %a3@(4),%d0
ef5376:  3a00                   movew %d0,%d5
ef5378:  082c 0007 0003         btst #7,%a4@(3)
ef537e:  6758                   beqs 0xef53d8
ef5380:  7000                   moveq #0,%d0
ef5382:  102c 0002              moveb %a4@(2),%d0
ef5386:  2d40 fff8              movel %d0,%fp@(-8)
ef538a:  7206                   moveq #6,%d1
ef538c:  be81                   cmpl %d1,%d7
ef538e:  6712                   beqs 0xef53a2
ef5390:  42a7                   clrl %sp@-
ef5392:  42a7                   clrl %sp@-
ef5394:  4855                   pea %a5@
ef5396:  4878 0006              pea 0x6
ef539a:  6100 fe88              bsrw 0xef5224                            ; sub_ef5224
ef539e:  4fef 0010              lea %sp@(16),%sp
ef53a2:  52ae fff4              addql #1,%fp@(-12)
ef53a6:  0cae 0000 000a fff4    cmpil #10,%fp@(-12)
ef53ae:  6d00 feda              bltw 0xef528a
ef53b2:  4a86                   tstl %d6
ef53b4:  660a                   bnes 0xef53c0
ef53b6:  0cae 0000 0005 fff8    cmpil #5,%fp@(-8)
ef53be:  6714                   beqs 0xef53d4
ef53c0:  2f07                   movel %d7,%sp@-
ef53c2:  2f2e fff8              movel %fp@(-8),%sp@-
ef53c6:  4879 00ef 78c4         pea 0xef78c4
ef53cc:  4eba cc86              jsr %pc@(0xef2054)                       ; _printf
ef53d0:  4fef 000c              lea %sp@(12),%sp
ef53d4:  70ff                   moveq #-1,%d0
ef53d6:  6024                   bras 0xef53fc                            ; loc_ef53fc
ef53d8:  7202                   moveq #2,%d1
ef53da:  be81                   cmpl %d1,%d7
ef53dc:  661c                   bnes 0xef53fa
ef53de:  202e 0014              movel %fp@(20),%d0
ef53e2:  b08a                   cmpl %a2,%d0
ef53e4:  6714                   beqs 0xef53fa
ef53e6:  7a00                   moveq #0,%d5
ef53e8:  206e 0014              moveal %fp@(20),%a0
ef53ec:  109a                   moveb %a2@+,%a0@
ef53ee:  52ae 0014              addql #1,%fp@(20)
ef53f2:  5245                   addqw #1,%d5
ef53f4:  0c45 0200              cmpiw #512,%d5
ef53f8:  65ee                   bcss 0xef53e8
ef53fa:  7000                   moveq #0,%d0

loc_ef53fc:
ef53fc:  4cee 3cf0 ffcc         moveml %fp@(-52),%d4-%d7/%a2-%a5
ef5402:  4e5e                   unlk %fp
ef5404:  4e75                   rts
ef5406:  0000                   .word 0x0000                ; pad to a 4-byte function boundary

fn_ef5408:
ef5408:  4e56 0000              linkw %fp,#0
ef540c:  2f2e 0008              movel %fp@(8),%sp@-
ef5410:  4879 00ef 78ec         pea 0xef78ec                             ; "scsi: %s\n"
ef5416:  4eba cc3c              jsr %pc@(0xef2054)                       ; _printf
ef541a:  504f                   addqw #8,%sp
ef541c:  4e5e                   unlk %fp
ef541e:  4e75                   rts

sub_ef5420:
ef5420:  4e56 ffec              linkw %fp,#-20
ef5424:  48d7 30e0              moveml %d5-%d7/%a4-%a5,%sp@
ef5428:  2a6e 0018              moveal %fp@(24),%a5
ef542c:  1aae 001f              moveb %fp@(31),%a5@
ef5430:  2e3c 0001 86a0         movel #100000,%d7
ef5436:  302d 0004              movew %a5@(4),%d0
ef543a:  0800 0006              btst #6,%d0
ef543e:  6728                   beqs 0xef5468
ef5440:  2007                   movel %d7,%d0
ef5442:  5387                   subql #1,%d7
ef5444:  4a80                   tstl %d0
ef5446:  6eee                   bgts 0xef5436
ef5448:  7a10                   moveq #16,%d5
ef544a:  3b45 0004              movew %d5,%a5@(4)
ef544e:  7a19                   moveq #25,%d5
ef5450:  5385                   subql #1,%d5
ef5452:  6efc                   bgts 0xef5450
ef5454:  426d 0004              clrw %a5@(4)
ef5458:  4879 00ef 78f6         pea 0xef78f6                             ; "bus continuously busy"
ef545e:  61a8                   bsrs 0xef5408                            ; fn_ef5408
ef5460:  584f                   addqw #4,%sp
ef5462:  70ff                   moveq #-1,%d0
ef5464:  6000 00dc              braw 0xef5542                            ; loc_ef5542
ef5468:  7220                   moveq #32,%d1
ef546a:  3b41 0004              movew %d1,%a5@(4)
ef546e:  4878 0040              pea 0x40
ef5472:  4855                   pea %a5@
ef5474:  6100 00d6              bsrw 0xef554c                            ; sub_ef554c
ef5478:  504f                   addqw #8,%sp
ef547a:  4a80                   tstl %d0
ef547c:  6610                   bnes 0xef548e
ef547e:  4879 00ef 790c         pea 0xef790c                             ; "cannot select"
ef5484:  6182                   bsrs 0xef5408                            ; fn_ef5408
ef5486:  584f                   addqw #4,%sp
ef5488:  70ff                   moveq #-1,%d0
ef548a:  6000 00b6              braw 0xef5542                            ; loc_ef5542
ef548e:  7e06                   moveq #6,%d7
ef5490:  3b47 0004              movew %d7,%a5@(4)
ef5494:  202e 0014              movel %fp@(20),%d0
ef5498:  0280 000f ffff         andil #1048575,%d0
ef549e:  2b40 0008              movel %d0,%a5@(8)
ef54a2:  202e 0010              movel %fp@(16),%d0
ef54a6:  4680                   notl %d0
ef54a8:  3b40 000c              movew %d0,%a5@(12)
ef54ac:  286e 0008              moveal %fp@(8),%a4
ef54b0:  7e00                   moveq #0,%d7
ef54b2:  101c                   moveb %a4@+,%d0
ef54b4:  4880                   extw %d0
ef54b6:  48c0                   extl %d0
ef54b8:  2f00                   movel %d0,%sp@-
ef54ba:  4878 0200              pea 0x200
ef54be:  4855                   pea %a5@
ef54c0:  6100 00fe              bsrw 0xef55c0                            ; sub_ef55c0
ef54c4:  4fef 000c              lea %sp@(12),%sp
ef54c8:  4a80                   tstl %d0
ef54ca:  675e                   beqs 0xef552a
ef54cc:  5287                   addql #1,%d7
ef54ce:  7206                   moveq #6,%d1
ef54d0:  be81                   cmpl %d1,%d7
ef54d2:  6dde                   blts 0xef54b2
ef54d4:  4878 1000              pea 0x1000
ef54d8:  4855                   pea %a5@
ef54da:  6170                   bsrs 0xef554c                            ; sub_ef554c
ef54dc:  504f                   addqw #8,%sp
ef54de:  4a80                   tstl %d0
ef54e0:  6748                   beqs 0xef552a
ef54e2:  286e 000c              moveal %fp@(12),%a4
ef54e6:  7e00                   moveq #0,%d7

loc_ef54e8:
ef54e8:  4878 0300              pea 0x300
ef54ec:  4855                   pea %a5@
ef54ee:  6100 011e              bsrw 0xef560e                            ; sub_ef560e
ef54f2:  504f                   addqw #8,%sp
ef54f4:  2c00                   movel %d0,%d6
ef54f6:  72ff                   moveq #-1,%d1
ef54f8:  bc81                   cmpl %d1,%d6
ef54fa:  670e                   beqs 0xef550a
ef54fc:  7203                   moveq #3,%d1
ef54fe:  be81                   cmpl %d1,%d7
ef5500:  6ce6                   bges 0xef54e8                            ; loc_ef54e8
ef5502:  1986 7800              moveb %d6,%a4@(0,%d7:l)
ef5506:  5287                   addql #1,%d7
ef5508:  60de                   bras 0xef54e8                            ; loc_ef54e8
ef550a:  4878 0700              pea 0x700
ef550e:  4855                   pea %a5@
ef5510:  6100 00fc              bsrw 0xef560e                            ; sub_ef560e
ef5514:  504f                   addqw #8,%sp
ef5516:  2c00                   movel %d0,%d6
ef5518:  6714                   beqs 0xef552e
ef551a:  4a86                   tstl %d6
ef551c:  6d0c                   blts 0xef552a
ef551e:  4879 00ef 791a         pea 0xef791a                             ; "invalid message"
ef5524:  6100 fee2              bsrw 0xef5408                            ; fn_ef5408
ef5528:  584f                   addqw #4,%sp
ef552a:  70ff                   moveq #-1,%d0
ef552c:  6014                   bras 0xef5542                            ; loc_ef5542
ef552e:  302d 000c              movew %a5@(12),%d0
ef5532:  4640                   notw %d0
ef5534:  0280 0000 ffff         andil #65535,%d0
ef553a:  222e 0010              movel %fp@(16),%d1
ef553e:  9280                   subl %d0,%d1
ef5540:  2001                   movel %d1,%d0

loc_ef5542:
ef5542:  4cee 30e0 ffec         moveml %fp@(-20),%d5-%d7/%a4-%a5
ef5548:  4e5e                   unlk %fp
ef554a:  4e75                   rts

sub_ef554c:
ef554c:  4e56 fff0              linkw %fp,#-16
ef5550:  48d7 20e0              moveml %d5-%d7/%a5,%sp@
ef5554:  2a6e 0008              moveal %fp@(8),%a5
ef5558:  0cae 0000 1000 000c    cmpil #4096,%fp@(12)
ef5560:  6608                   bnes 0xef556a
ef5562:  2c3c 0098 9680         movel #10000000,%d6
ef5568:  6006                   bras 0xef5570                            ; loc_ef5570
ef556a:  2c3c 0001 86a0         movel #100000,%d6

loc_ef5570:
ef5570:  7000                   moveq #0,%d0
ef5572:  302d 0004              movew %a5@(4),%d0
ef5576:  2e00                   movel %d0,%d7
ef5578:  c0ae 000c              andl %fp@(12),%d0
ef557c:  b0ae 000c              cmpl %fp@(12),%d0
ef5580:  6732                   beqs 0xef55b4
ef5582:  5386                   subql #1,%d6
ef5584:  6e10                   bgts 0xef5596
ef5586:  4879 00ef 792a         pea 0xef792a                             ; "timeout"
ef558c:  6100 fe7a              bsrw 0xef5408                            ; fn_ef5408
ef5590:  584f                   addqw #4,%sp
ef5592:  7000                   moveq #0,%d0
ef5594:  6020                   bras 0xef55b6                            ; loc_ef55b6
ef5596:  0807 000e              btst #14,%d7
ef559a:  6710                   beqs 0xef55ac
ef559c:  4879 00ef 7932         pea 0xef7932                             ; "bus error"
ef55a2:  6100 fe64              bsrw 0xef5408                            ; fn_ef5408
ef55a6:  584f                   addqw #4,%sp
ef55a8:  7000                   moveq #0,%d0
ef55aa:  600a                   bras 0xef55b6                            ; loc_ef55b6
ef55ac:  7a32                   moveq #50,%d5

loc_ef55ae:
ef55ae:  5385                   subql #1,%d5
ef55b0:  6fbe                   bles 0xef5570                            ; loc_ef5570
ef55b2:  60fa                   bras 0xef55ae                            ; loc_ef55ae
ef55b4:  7001                   moveq #1,%d0

loc_ef55b6:
ef55b6:  4cee 20e0 fff0         moveml %fp@(-16),%d5-%d7/%a5
ef55bc:  4e5e                   unlk %fp
ef55be:  4e75                   rts

sub_ef55c0:
ef55c0:  4e56 fffc              linkw %fp,#-4
ef55c4:  2e8d                   movel %a5,%sp@
ef55c6:  2a6e 0008              moveal %fp@(8),%a5
ef55ca:  4878 0800              pea 0x800
ef55ce:  4855                   pea %a5@
ef55d0:  6100 ff7a              bsrw 0xef554c                            ; sub_ef554c
ef55d4:  504f                   addqw #8,%sp
ef55d6:  4a80                   tstl %d0
ef55d8:  6604                   bnes 0xef55de
ef55da:  7000                   moveq #0,%d0
ef55dc:  6028                   bras 0xef5606                            ; loc_ef5606
ef55de:  302d 0004              movew %a5@(4),%d0
ef55e2:  0280 0000 0700         andil #1792,%d0
ef55e8:  b0ae 000c              cmpl %fp@(12),%d0
ef55ec:  6710                   beqs 0xef55fe
ef55ee:  4879 00ef 78dc         pea 0xef78dc                             ; "sequence error"
ef55f4:  6100 fe12              bsrw 0xef5408                            ; fn_ef5408
ef55f8:  584f                   addqw #4,%sp
ef55fa:  7000                   moveq #0,%d0
ef55fc:  6008                   bras 0xef5606                            ; loc_ef5606
ef55fe:  1b6e 0013 0002         moveb %fp@(19),%a5@(2)
ef5604:  7001                   moveq #1,%d0

loc_ef5606:
ef5606:  2a6e fffc              moveal %fp@(-4),%a5
ef560a:  4e5e                   unlk %fp
ef560c:  4e75                   rts

sub_ef560e:
ef560e:  4e56 0000              linkw %fp,#0
ef5612:  4878 0800              pea 0x800
ef5616:  2f2e 0008              movel %fp@(8),%sp@-
ef561a:  6100 ff30              bsrw 0xef554c                            ; sub_ef554c
ef561e:  504f                   addqw #8,%sp
ef5620:  4a80                   tstl %d0
ef5622:  6730                   beqs 0xef5654
ef5624:  206e 0008              moveal %fp@(8),%a0
ef5628:  3028 0004              movew %a0@(4),%d0
ef562c:  0280 0000 ffff         andil #65535,%d0
ef5632:  0280 0000 0700         andil #1792,%d0
ef5638:  b0ae 000c              cmpl %fp@(12),%d0
ef563c:  671a                   beqs 0xef5658
ef563e:  0cae 0000 0300 000c    cmpil #768,%fp@(12)
ef5646:  670c                   beqs 0xef5654
ef5648:  4879 00ef 78dc         pea 0xef78dc                             ; "sequence error"
ef564e:  6100 fdb8              bsrw 0xef5408                            ; fn_ef5408
ef5652:  584f                   addqw #4,%sp
ef5654:  70ff                   moveq #-1,%d0
ef5656:  600e                   bras 0xef5666                            ; loc_ef5666
ef5658:  206e 0008              moveal %fp@(8),%a0
ef565c:  1028 0002              moveb %a0@(2),%d0
ef5660:  0280 0000 00ff         andil #255,%d0

loc_ef5666:
ef5666:  4e5e                   unlk %fp
ef5668:  4e75                   rts
ef566a:  0000                   .word 0x0000                ; pad to a 4-byte function boundary

fn_ef566c:
ef566c:  4e56 fff8              linkw %fp,#-8
ef5670:  42ae fff8              clrl %fp@(-8)
ef5674:  600e                   bras 0xef5684                            ; loc_ef5684
ef5676:  52ae fff8              addql #1,%fp@(-8)
ef567a:  0cae 0000 0002 fff8    cmpil #2,%fp@(-8)
ef5682:  6c44                   bges 0xef56c8

loc_ef5684:
ef5684:  202e fff8              movel %fp@(-8),%d0
ef5688:  e580                   asll #2,%d0
ef568a:  2040                   moveal %d0,%a0
ef568c:  d1fc 00ef 793c         addal #15694140,%a0
ef5692:  2d50 fffc              movel %a0@,%fp@(-4)
ef5696:  202e fffc              movel %fp@(-4),%d0
ef569a:  720c                   moveq #12,%d1
ef569c:  d081                   addl %d1,%d0
ef569e:  2f00                   movel %d0,%sp@-
ef56a0:  4eba d62a              jsr %pc@(0xef2ccc)                       ; sub_ef2ccc
ef56a4:  584f                   addqw #4,%sp
ef56a6:  72ff                   moveq #-1,%d1
ef56a8:  b081                   cmpl %d1,%d0
ef56aa:  67ca                   beqs 0xef5676
ef56ac:  206e fffc              moveal %fp@(-4),%a0
ef56b0:  317c 6789 000c         movew #26505,%a0@(12)
ef56b6:  206e fffc              moveal %fp@(-4),%a0
ef56ba:  0c68 6789 000c         cmpiw #26505,%a0@(12)
ef56c0:  66b4                   bnes 0xef5676
ef56c2:  202e fff8              movel %fp@(-8),%d0
ef56c6:  6002                   bras 0xef56ca                            ; loc_ef56ca
ef56c8:  70ff                   moveq #-1,%d0

loc_ef56ca:
ef56ca:  4e5e                   unlk %fp
ef56cc:  4e75                   rts

fn_ef56ce:
ef56ce:  4e56 fffc              linkw %fp,#-4
ef56d2:  2e8d                   movel %a5,%sp@
ef56d4:  2a6e 0008              moveal %fp@(8),%a5
ef56d8:  42a7                   clrl %sp@-
ef56da:  42a7                   clrl %sp@-
ef56dc:  42a7                   clrl %sp@-
ef56de:  42a7                   clrl %sp@-
ef56e0:  4855                   pea %a5@
ef56e2:  42a7                   clrl %sp@-
ef56e4:  6100 0172              bsrw 0xef5858                            ; sub_ef5858
ef56e8:  4fef 0018              lea %sp@(24),%sp
ef56ec:  2a6e fffc              moveal %fp@(-4),%a5
ef56f0:  4e5e                   unlk %fp
ef56f2:  4e75                   rts

fn_ef56f4:
ef56f4:  4e56 ffe4              linkw %fp,#-28
ef56f8:  48d7 38c4              moveml %d2/%d6-%d7/%a3-%a5,%sp@
ef56fc:  2a6e 0008              moveal %fp@(8),%a5
ef5700:  287c 00f0 0200         moveal #15729152,%a4                     ; BUSMEM_BASE+0x200
ef5706:  4878 0010              pea 0x10
ef570a:  4854                   pea %a4@
ef570c:  4eba d472              jsr %pc@(0xef2b80)                       ; fn_ef2b80
ef5710:  504f                   addqw #8,%sp
ef5712:  2b4c 0006              movel %a4,%a5@(6)
ef5716:  202d 000e              movel %a5@(14),%d0
ef571a:  e480                   asrl #2,%d0
ef571c:  2880                   movel %d0,%a4@
ef571e:  202d 000e              movel %a5@(14),%d0
ef5722:  7203                   moveq #3,%d1
ef5724:  c081                   andl %d1,%d0
ef5726:  2940 0004              movel %d0,%a4@(4)
ef572a:  0cad 0000 0002 000a    cmpil #2,%a5@(10)
ef5732:  6c14                   bges 0xef5748
ef5734:  202d 000a              movel %a5@(10),%d0
ef5738:  e580                   asll #2,%d0
ef573a:  2040                   moveal %d0,%a0
ef573c:  d1fc 00ef 793c         addal #15694140,%a0
ef5742:  2950 000c              movel %a0@,%a4@(12)
ef5746:  600e                   bras 0xef5756                            ; loc_ef5756
ef5748:  202d 000a              movel %a5@(10),%d0
ef574c:  0680 00f0 0000         addil #15728640,%d0                      ; BUSMEM_BASE
ef5752:  2940 000c              movel %d0,%a4@(12)

loc_ef5756:
ef5756:  206c 000c              moveal %a4@(12),%a0
ef575a:  4268 0004              clrw %a0@(4)
ef575e:  4279 00f0 21fc         clrw 0xf021fc                            ; BUSMEM_BASE+0x21fc
ef5764:  42a7                   clrl %sp@-
ef5766:  4854                   pea %a4@
ef5768:  487a ff64              pea %pc@(0xef56ce)                       ; fn_ef56ce
ef576c:  4eba d4b4              jsr %pc@(0xef2c22)                       ; sub_ef2c22
ef5770:  4fef 000c              lea %sp@(12),%sp
ef5774:  4a80                   tstl %d0
ef5776:  6712                   beqs 0xef578a
ef5778:  7201                   moveq #1,%d1
ef577a:  b081                   cmpl %d1,%d0
ef577c:  6712                   beqs 0xef5790
ef577e:  2c3c 0007 a120         movel #500000,%d6

loc_ef5784:
ef5784:  5386                   subql #1,%d6
ef5786:  6f08                   bles 0xef5790
ef5788:  60fa                   bras 0xef5784                            ; loc_ef5784
ef578a:  70ff                   moveq #-1,%d0
ef578c:  6000 0082              braw 0xef5810                            ; loc_ef5810
ef5790:  4878 0001              pea 0x1
ef5794:  4879 00f0 2000         pea 0xf02000                             ; BUSMEM_BASE+0x2000
ef579a:  4878 0200              pea 0x200
ef579e:  42a7                   clrl %sp@-
ef57a0:  4854                   pea %a4@
ef57a2:  4878 0008              pea 0x8
ef57a6:  6100 00b0              bsrw 0xef5858                            ; sub_ef5858
ef57aa:  4fef 0018              lea %sp@(24),%sp
ef57ae:  4a80                   tstl %d0
ef57b0:  67d8                   beqs 0xef578a
ef57b2:  7e00                   moveq #0,%d7
ef57b4:  2d7c 0000 0100 fffc    movel #256,%fp@(-4)
ef57bc:  267c 00f0 2000         moveal #15736832,%a3                     ; BUSMEM_BASE+0x2000

loc_ef57c2:
ef57c2:  202e fffc              movel %fp@(-4),%d0
ef57c6:  53ae fffc              subql #1,%fp@(-4)
ef57ca:  4a80                   tstl %d0
ef57cc:  6706                   beqs 0xef57d4
ef57ce:  301b                   movew %a3@+,%d0
ef57d0:  b147                   eorw %d0,%d7
ef57d2:  60ee                   bras 0xef57c2                            ; loc_ef57c2
ef57d4:  4a47                   tstw %d7
ef57d6:  6710                   beqs 0xef57e8
ef57d8:  4879 00ef 7948         pea 0xef7948                             ; "sd: bad label\n"
ef57de:  4eba c874              jsr %pc@(0xef2054)                       ; _printf
ef57e2:  584f                   addqw #4,%sp
ef57e4:  70ff                   moveq #-1,%d0
ef57e6:  6028                   bras 0xef5810                            ; loc_ef5810
ef57e8:  242d 0012              movel %a5@(18),%d2
ef57ec:  e782                   asll #3,%d2
ef57ee:  2042                   moveal %d2,%a0
ef57f0:  d1fc 00f0 21bc         addal #15737276,%a0                      ; BUSMEM_BASE+0x21bc
ef57f6:  2410                   movel %a0@,%d2
ef57f8:  3039 00f0 21b4         movew 0xf021b4,%d0                       ; BUSMEM_BASE+0x21b4
ef57fe:  c0f9 00f0 21b6         muluw 0xf021b6,%d0                       ; BUSMEM_BASE+0x21b6
ef5804:  3200                   movew %d0,%d1
ef5806:  3002                   movew %d2,%d0
ef5808:  c0c1                   muluw %d1,%d0
ef580a:  2940 0008              movel %d0,%a4@(8)
ef580e:  7000                   moveq #0,%d0

loc_ef5810:
ef5810:  4cee 38c4 ffe4         moveml %fp@(-28),%d2/%d6-%d7/%a3-%a5
ef5816:  4e5e                   unlk %fp
ef5818:  4e75                   rts

fn_ef581a:
ef581a:  4e56 fffc              linkw %fp,#-4
ef581e:  2e8d                   movel %a5,%sp@
ef5820:  2a6e 0008              moveal %fp@(8),%a5
ef5824:  4878 0001              pea 0x1
ef5828:  2f2d 0022              movel %a5@(34),%sp@-
ef582c:  2f2d 0026              movel %a5@(38),%sp@-
ef5830:  2f2d 001e              movel %a5@(30),%sp@-
ef5834:  2f2d 0006              movel %a5@(6),%sp@-
ef5838:  0cae 0000 0002 000c    cmpil #2,%fp@(12)
ef5840:  6604                   bnes 0xef5846
ef5842:  700a                   moveq #10,%d0
ef5844:  6002                   bras 0xef5848                            ; loc_ef5848
ef5846:  7008                   moveq #8,%d0

loc_ef5848:
ef5848:  2f00                   movel %d0,%sp@-
ef584a:  610c                   bsrs 0xef5858                            ; sub_ef5858
ef584c:  4fef 0018              lea %sp@(24),%sp
ef5850:  2a6e fffc              moveal %fp@(-4),%a5
ef5854:  4e5e                   unlk %fp
ef5856:  4e75                   rts

sub_ef5858:
ef5858:  4e56 ffd0              linkw %fp,#-48
ef585c:  48d7 3080              moveml %d7/%a4-%a5,%sp@
ef5860:  2a6e 000c              moveal %fp@(12),%a5
ef5864:  286e 0018              moveal %fp@(24),%a4
ef5868:  0cae 0000 000a 0008    cmpil #10,%fp@(8)
ef5870:  661c                   bnes 0xef588e
ef5872:  b9fc 00f0 2000         cmpal #15736832,%a4                      ; BUSMEM_BASE+0x2000
ef5878:  6714                   beqs 0xef588e
ef587a:  2f2e 0014              movel %fp@(20),%sp@-
ef587e:  4879 00f0 2000         pea 0xf02000                             ; BUSMEM_BASE+0x2000
ef5884:  4854                   pea %a4@
ef5886:  4eba d31e              jsr %pc@(0xef2ba6)                       ; sub_ef2ba6
ef588a:  4fef 000c              lea %sp@(12),%sp
ef588e:  4878 0006              pea 0x6
ef5892:  486e fffa              pea %fp@(-6)
ef5896:  4eba d2e8              jsr %pc@(0xef2b80)                       ; fn_ef2b80
ef589a:  504f                   addqw #8,%sp
ef589c:  1d6e 000b fffa         moveb %fp@(11),%fp@(-6)
ef58a2:  102d 0007              moveb %a5@(7),%d0
ef58a6:  022e ff1f fffb         andib #31,%fp@(-5)
ef58ac:  7207                   moveq #7,%d1
ef58ae:  c001                   andb %d1,%d0
ef58b0:  eb88                   lsll #5,%d0
ef58b2:  812e fffb              orb %d0,%fp@(-5)
ef58b6:  202d 0008              movel %a5@(8),%d0
ef58ba:  d1ae 0010              addl %d0,%fp@(16)
ef58be:  202e 0010              movel %fp@(16),%d0
ef58c2:  7210                   moveq #16,%d1
ef58c4:  e2a0                   asrl %d1,%d0
ef58c6:  72e0                   moveq #-32,%d1
ef58c8:  c32e fffb              andb %d1,%fp@(-5)
ef58cc:  721f                   moveq #31,%d1
ef58ce:  c001                   andb %d1,%d0
ef58d0:  812e fffb              orb %d0,%fp@(-5)
ef58d4:  202e 0010              movel %fp@(16),%d0
ef58d8:  e080                   asrl #8,%d0
ef58da:  0280 0000 00ff         andil #255,%d0
ef58e0:  1d40 fffc              moveb %d0,%fp@(-4)
ef58e4:  102e 0013              moveb %fp@(19),%d0
ef58e8:  0280 0000 00ff         andil #255,%d0
ef58ee:  1d40 fffd              moveb %d0,%fp@(-3)
ef58f2:  202e 0014              movel %fp@(20),%d0
ef58f6:  0680 0000 01ff         addil #511,%d0
ef58fc:  0280 ffff fe00         andil #-512,%d0
ef5902:  2d40 ffdc              movel %d0,%fp@(-36)
ef5906:  4a80                   tstl %d0
ef5908:  6c06                   bges 0xef5910
ef590a:  0680 0000 01ff         addil #511,%d0
ef5910:  e080                   asrl #8,%d0
ef5912:  e280                   asrl #1,%d0
ef5914:  1d40 fffe              moveb %d0,%fp@(-2)
ef5918:  42ae ffe8              clrl %fp@(-24)
ef591c:  7001                   moveq #1,%d0
ef591e:  2215                   movel %a5@,%d1
ef5920:  e3a0                   asll %d1,%d0
ef5922:  2f00                   movel %d0,%sp@-
ef5924:  2f2d 000c              movel %a5@(12),%sp@-
ef5928:  4879 00f0 2000         pea 0xf02000                             ; BUSMEM_BASE+0x2000
ef592e:  2f2e ffdc              movel %fp@(-36),%sp@-
ef5932:  486e fff0              pea %fp@(-16)
ef5936:  486e fffa              pea %fp@(-6)
ef593a:  4eba fae4              jsr %pc@(0xef5420)                       ; sub_ef5420
ef593e:  4fef 0018              lea %sp@(24),%sp
ef5942:  2d40 ffe4              movel %d0,%fp@(-28)
ef5946:  082e 0001 fff0         btst #1,%fp@(-16)
ef594c:  6700 00a0              beqw 0xef59ee
ef5950:  4878 0006              pea 0x6
ef5954:  486e fff4              pea %fp@(-12)
ef5958:  4eba d226              jsr %pc@(0xef2b80)                       ; fn_ef2b80
ef595c:  504f                   addqw #8,%sp
ef595e:  7203                   moveq #3,%d1
ef5960:  1d41 fff4              moveb %d1,%fp@(-12)
ef5964:  102d 0007              moveb %a5@(7),%d0
ef5968:  022e ff1f fff5         andib #31,%fp@(-11)
ef596e:  7207                   moveq #7,%d1
ef5970:  c001                   andb %d1,%d0
ef5972:  eb88                   lsll #5,%d0
ef5974:  812e fff5              orb %d0,%fp@(-11)
ef5978:  7210                   moveq #16,%d1
ef597a:  1d41 fff8              moveb %d1,%fp@(-8)
ef597e:  7001                   moveq #1,%d0
ef5980:  2215                   movel %a5@,%d1
ef5982:  e3a0                   asll %d1,%d0
ef5984:  2f00                   movel %d0,%sp@-
ef5986:  2f2d 000c              movel %a5@(12),%sp@-
ef598a:  4879 00f0 2000         pea 0xf02000                             ; BUSMEM_BASE+0x2000
ef5990:  7000                   moveq #0,%d0
ef5992:  102e fff8              moveb %fp@(-8),%d0
ef5996:  2f00                   movel %d0,%sp@-
ef5998:  486e ffec              pea %fp@(-20)
ef599c:  486e fff4              pea %fp@(-12)
ef59a0:  4eba fa7e              jsr %pc@(0xef5420)                       ; sub_ef5420
ef59a4:  4fef 0018              lea %sp@(24),%sp
ef59a8:  2d40 ffe0              movel %d0,%fp@(-32)
ef59ac:  0cae 0000 0004 ffe0    cmpil #4,%fp@(-32)
ef59b4:  6d1a                   blts 0xef59d0
ef59b6:  4aae 001c              tstl %fp@(28)
ef59ba:  6700 00ae              beqw 0xef5a6a                            ; loc_ef5a6a
ef59be:  2f00                   movel %d0,%sp@-
ef59c0:  4879 00f0 2000         pea 0xf02000                             ; BUSMEM_BASE+0x2000
ef59c6:  6100 00be              bsrw 0xef5a86                            ; sub_ef5a86
ef59ca:  504f                   addqw #8,%sp
ef59cc:  6000 009c              braw 0xef5a6a                            ; loc_ef5a6a
ef59d0:  4aae 001c              tstl %fp@(28)
ef59d4:  6700 00a4              beqw 0xef5a7a                            ; loc_ef5a7a
ef59d8:  4879 00ef 7964         pea 0xef7964                             ; "sense failed"
ef59de:  4879 00ef 7957         pea 0xef7957                             ; "sd: scsi %s\n"
ef59e4:  4eba c66e              jsr %pc@(0xef2054)                       ; _printf
ef59e8:  504f                   addqw #8,%sp
ef59ea:  6000 008e              braw 0xef5a7a                            ; loc_ef5a7a
ef59ee:  082e 0003 fff0         btst #3,%fp@(-16)
ef59f4:  6718                   beqs 0xef5a0e
ef59f6:  4879 00ef 7971         pea 0xef7971                             ; "disk busy"
ef59fc:  4eba fa0a              jsr %pc@(0xef5408)                       ; fn_ef5408
ef5a00:  584f                   addqw #4,%sp
ef5a02:  2e3c 0000 c350         movel #50000,%d7

loc_ef5a08:
ef5a08:  5387                   subql #1,%d7
ef5a0a:  6f5e                   bles 0xef5a6a                            ; loc_ef5a6a
ef5a0c:  60fa                   bras 0xef5a08                            ; loc_ef5a08
ef5a0e:  202e ffe4              movel %fp@(-28),%d0
ef5a12:  b0ae ffdc              cmpl %fp@(-36),%d0
ef5a16:  671c                   beqs 0xef5a34
ef5a18:  4aae 001c              tstl %fp@(28)
ef5a1c:  674c                   beqs 0xef5a6a                            ; loc_ef5a6a
ef5a1e:  2f2e ffdc              movel %fp@(-36),%sp@-
ef5a22:  2f00                   movel %d0,%sp@-
ef5a24:  4879 00ef 797b         pea 0xef797b                             ; "sd: dma count is %d wanted %d\n"
ef5a2a:  4eba c628              jsr %pc@(0xef2054)                       ; _printf
ef5a2e:  4fef 000c              lea %sp@(12),%sp
ef5a32:  6036                   bras 0xef5a6a                            ; loc_ef5a6a
ef5a34:  0cae 0000 0008 0008    cmpil #8,%fp@(8)
ef5a3c:  661c                   bnes 0xef5a5a
ef5a3e:  b9fc 00f0 2000         cmpal #15736832,%a4                      ; BUSMEM_BASE+0x2000
ef5a44:  6714                   beqs 0xef5a5a
ef5a46:  2f2e 0014              movel %fp@(20),%sp@-
ef5a4a:  4854                   pea %a4@
ef5a4c:  4879 00f0 2000         pea 0xf02000                             ; BUSMEM_BASE+0x2000
ef5a52:  4eba d152              jsr %pc@(0xef2ba6)                       ; sub_ef2ba6
ef5a56:  4fef 000c              lea %sp@(12),%sp
ef5a5a:  4aae ffdc              tstl %fp@(-36)
ef5a5e:  6706                   beqs 0xef5a66
ef5a60:  202e ffdc              movel %fp@(-36),%d0
ef5a64:  6016                   bras 0xef5a7c                            ; loc_ef5a7c
ef5a66:  7001                   moveq #1,%d0
ef5a68:  6012                   bras 0xef5a7c                            ; loc_ef5a7c

loc_ef5a6a:
ef5a6a:  202e ffe8              movel %fp@(-24),%d0
ef5a6e:  52ae ffe8              addql #1,%fp@(-24)
ef5a72:  7210                   moveq #16,%d1
ef5a74:  b081                   cmpl %d1,%d0
ef5a76:  6d00 fea4              bltw 0xef591c

loc_ef5a7a:
ef5a7a:  7000                   moveq #0,%d0

loc_ef5a7c:
ef5a7c:  4cee 3080 ffd0         moveml %fp@(-48),%d7/%a4-%a5
ef5a82:  4e5e                   unlk %fp
ef5a84:  4e75                   rts

sub_ef5a86:
ef5a86:  4e56 0000              linkw %fp,#0
ef5a8a:  4879 00ef 799a         pea 0xef799a                             ; "sd: error"
ef5a90:  4eba c5c2              jsr %pc@(0xef2054)                       ; _printf
ef5a94:  584f                   addqw #4,%sp

loc_ef5a96:
ef5a96:  53ae 000c              subql #1,%fp@(12)
ef5a9a:  6d20                   blts 0xef5abc
ef5a9c:  206e 0008              moveal %fp@(8),%a0
ef5aa0:  52ae 0008              addql #1,%fp@(8)
ef5aa4:  1010                   moveb %a0@,%d0
ef5aa6:  0280 0000 00ff         andil #255,%d0
ef5aac:  2f00                   movel %d0,%sp@-
ef5aae:  4879 00ef 79a4         pea 0xef79a4                             ; " %x"
ef5ab4:  4eba c59e              jsr %pc@(0xef2054)                       ; _printf
ef5ab8:  504f                   addqw #8,%sp
ef5aba:  60da                   bras 0xef5a96                            ; loc_ef5a96
ef5abc:  4879 00ef 79a8         pea 0xef79a8
ef5ac2:  4eba c590              jsr %pc@(0xef2054)                       ; _printf
ef5ac6:  584f                   addqw #4,%sp
ef5ac8:  4e5e                   unlk %fp
ef5aca:  4e75                   rts

fn_ef5acc:
ef5acc:  4e56 fff4              linkw %fp,#-12
ef5ad0:  48d7 3000              moveml %a4-%a5,%sp@
ef5ad4:  2a6e 0008              moveal %fp@(8),%a5
ef5ad8:  287c 00f0 0200         moveal #15729152,%a4                     ; BUSMEM_BASE+0x200
ef5ade:  4878 0014              pea 0x14
ef5ae2:  4854                   pea %a4@
ef5ae4:  4eba d09a              jsr %pc@(0xef2b80)                       ; fn_ef2b80
ef5ae8:  504f                   addqw #8,%sp
ef5aea:  2b4c 0006              movel %a4,%a5@(6)
ef5aee:  202d 000e              movel %a5@(14),%d0
ef5af2:  e680                   asrl #3,%d0
ef5af4:  2880                   movel %d0,%a4@
ef5af6:  4a94                   tstl %a4@
ef5af8:  6604                   bnes 0xef5afe
ef5afa:  7204                   moveq #4,%d1
ef5afc:  2881                   movel %d1,%a4@
ef5afe:  202d 000e              movel %a5@(14),%d0
ef5b02:  7207                   moveq #7,%d1
ef5b04:  c081                   andl %d1,%d0
ef5b06:  2940 0004              movel %d0,%a4@(4)
ef5b0a:  0cad 0000 0002 000a    cmpil #2,%a5@(10)
ef5b12:  6c14                   bges 0xef5b28
ef5b14:  202d 000a              movel %a5@(10),%d0
ef5b18:  e580                   asll #2,%d0
ef5b1a:  2040                   moveal %d0,%a0
ef5b1c:  d1fc 00ef 79ac         addal #15694252,%a0
ef5b22:  2950 0010              movel %a0@,%a4@(16)
ef5b26:  600e                   bras 0xef5b36                            ; loc_ef5b36
ef5b28:  202d 000a              movel %a5@(10),%d0
ef5b2c:  0680 00f0 0000         addil #15728640,%d0                      ; BUSMEM_BASE
ef5b32:  2940 0010              movel %d0,%a4@(16)

loc_ef5b36:
ef5b36:  206c 0010              moveal %a4@(16),%a0
ef5b3a:  4268 0004              clrw %a0@(4)
ef5b3e:  42a7                   clrl %sp@-
ef5b40:  42a7                   clrl %sp@-
ef5b42:  42a7                   clrl %sp@-
ef5b44:  4854                   pea %a4@
ef5b46:  4878 0001              pea 0x1
ef5b4a:  6100 0148              bsrw 0xef5c94                            ; sub_ef5c94
ef5b4e:  4fef 0014              lea %sp@(20),%sp
ef5b52:  4a80                   tstl %d0
ef5b54:  6632                   bnes 0xef5b88
ef5b56:  42a7                   clrl %sp@-
ef5b58:  42a7                   clrl %sp@-
ef5b5a:  42a7                   clrl %sp@-
ef5b5c:  4854                   pea %a4@
ef5b5e:  4878 0001              pea 0x1
ef5b62:  6100 0130              bsrw 0xef5c94                            ; sub_ef5c94
ef5b66:  4fef 0014              lea %sp@(20),%sp
ef5b6a:  4a80                   tstl %d0
ef5b6c:  661a                   bnes 0xef5b88
ef5b6e:  4878 0001              pea 0x1
ef5b72:  42a7                   clrl %sp@-
ef5b74:  42a7                   clrl %sp@-
ef5b76:  4854                   pea %a4@
ef5b78:  4878 0001              pea 0x1
ef5b7c:  6100 0116              bsrw 0xef5c94                            ; sub_ef5c94
ef5b80:  4fef 0014              lea %sp@(20),%sp
ef5b84:  4a80                   tstl %d0
ef5b86:  672a                   beqs 0xef5bb2
ef5b88:  2d6d 0012 fffc         movel %a5@(18),%fp@(-4)
ef5b8e:  0cae 0000 0100 fffc    cmpil #256,%fp@(-4)
ef5b96:  6d26                   blts 0xef5bbe
ef5b98:  4878 0001              pea 0x1
ef5b9c:  42a7                   clrl %sp@-
ef5b9e:  42a7                   clrl %sp@-
ef5ba0:  4854                   pea %a4@
ef5ba2:  4878 0101              pea 0x101
ef5ba6:  6100 00ec              bsrw 0xef5c94                            ; sub_ef5c94
ef5baa:  4fef 0014              lea %sp@(20),%sp
ef5bae:  4a80                   tstl %d0
ef5bb0:  6604                   bnes 0xef5bb6
ef5bb2:  70ff                   moveq #-1,%d0
ef5bb4:  603c                   bras 0xef5bf2                            ; loc_ef5bf2
ef5bb6:  04ae 0000 0100 fffc    subil #256,%fp@(-4)
ef5bbe:  202e fffc              movel %fp@(-4),%d0
ef5bc2:  53ae fffc              subql #1,%fp@(-4)
ef5bc6:  4a80                   tstl %d0
ef5bc8:  671e                   beqs 0xef5be8
ef5bca:  4878 0001              pea 0x1
ef5bce:  42a7                   clrl %sp@-
ef5bd0:  42a7                   clrl %sp@-
ef5bd2:  4854                   pea %a4@
ef5bd4:  4878 0081              pea 0x81
ef5bd8:  6100 00ba              bsrw 0xef5c94                            ; sub_ef5c94
ef5bdc:  4fef 0014              lea %sp@(20),%sp
ef5be0:  4a80                   tstl %d0
ef5be2:  66da                   bnes 0xef5bbe
ef5be4:  70ff                   moveq #-1,%d0
ef5be6:  600a                   bras 0xef5bf2                            ; loc_ef5bf2
ef5be8:  42ac 0008              clrl %a4@(8)
ef5bec:  42ac 000c              clrl %a4@(12)
ef5bf0:  7000                   moveq #0,%d0

loc_ef5bf2:
ef5bf2:  4cee 3000 fff4         moveml %fp@(-12),%a4-%a5
ef5bf8:  4e5e                   unlk %fp
ef5bfa:  4e75                   rts

fn_ef5bfc:
ef5bfc:  4e56 fff8              linkw %fp,#-8
ef5c00:  48d7 3000              moveml %a4-%a5,%sp@
ef5c04:  2a6e 0008              moveal %fp@(8),%a5
ef5c08:  286d 0006              moveal %a5@(6),%a4
ef5c0c:  0cac 0000 000a 000c    cmpil #10,%a4@(12)
ef5c14:  6614                   bnes 0xef5c2a
ef5c16:  42a7                   clrl %sp@-
ef5c18:  42a7                   clrl %sp@-
ef5c1a:  4878 0200              pea 0x200
ef5c1e:  4854                   pea %a4@
ef5c20:  4878 0010              pea 0x10
ef5c24:  616e                   bsrs 0xef5c94                            ; sub_ef5c94
ef5c26:  4fef 0014              lea %sp@(20),%sp
ef5c2a:  42a7                   clrl %sp@-
ef5c2c:  42a7                   clrl %sp@-
ef5c2e:  42a7                   clrl %sp@-
ef5c30:  4854                   pea %a4@
ef5c32:  4878 0001              pea 0x1
ef5c36:  615c                   bsrs 0xef5c94                            ; sub_ef5c94
ef5c38:  4fef 0014              lea %sp@(20),%sp
ef5c3c:  4cee 3000 fff8         moveml %fp@(-8),%a4-%a5
ef5c42:  4e5e                   unlk %fp
ef5c44:  4e75                   rts

fn_ef5c46:
ef5c46:  4e56 fff8              linkw %fp,#-8
ef5c4a:  48d7 3000              moveml %a4-%a5,%sp@
ef5c4e:  2a6e 0008              moveal %fp@(8),%a5
ef5c52:  286d 0006              moveal %a5@(6),%a4
ef5c56:  4aac 0008              tstl %a4@(8)
ef5c5a:  6708                   beqs 0xef5c64
ef5c5c:  42ac 0008              clrl %a4@(8)
ef5c60:  7000                   moveq #0,%d0
ef5c62:  6026                   bras 0xef5c8a                            ; loc_ef5c8a
ef5c64:  4878 0001              pea 0x1
ef5c68:  2f2d 0022              movel %a5@(34),%sp@-
ef5c6c:  2f2d 0026              movel %a5@(38),%sp@-
ef5c70:  4854                   pea %a4@
ef5c72:  0cae 0000 0002 000c    cmpil #2,%fp@(12)
ef5c7a:  6604                   bnes 0xef5c80
ef5c7c:  700a                   moveq #10,%d0
ef5c7e:  6002                   bras 0xef5c82                            ; loc_ef5c82
ef5c80:  7008                   moveq #8,%d0

loc_ef5c82:
ef5c82:  2f00                   movel %d0,%sp@-
ef5c84:  610e                   bsrs 0xef5c94                            ; sub_ef5c94
ef5c86:  4fef 0014              lea %sp@(20),%sp

loc_ef5c8a:
ef5c8a:  4cee 3000 fff8         moveml %fp@(-8),%a4-%a5
ef5c90:  4e5e                   unlk %fp
ef5c92:  4e75                   rts

sub_ef5c94:
ef5c94:  4e56 ffd8              linkw %fp,#-40
ef5c98:  48d7 30e0              moveml %d5-%d7/%a4-%a5,%sp@
ef5c9c:  2a6e 000c              moveal %fp@(12),%a5
ef5ca0:  286e 0014              moveal %fp@(20),%a4
ef5ca4:  0cae 0000 000a 0008    cmpil #10,%fp@(8)
ef5cac:  661c                   bnes 0xef5cca
ef5cae:  b9fc 00f0 2010         cmpal #15736848,%a4                      ; BUSMEM_BASE+0x2010
ef5cb4:  6714                   beqs 0xef5cca
ef5cb6:  2f2e 0010              movel %fp@(16),%sp@-
ef5cba:  4879 00f0 2010         pea 0xf02010                             ; BUSMEM_BASE+0x2010
ef5cc0:  4854                   pea %a4@
ef5cc2:  4eba cee2              jsr %pc@(0xef2ba6)                       ; sub_ef2ba6
ef5cc6:  4fef 000c              lea %sp@(12),%sp
ef5cca:  4878 0006              pea 0x6
ef5cce:  486e fffa              pea %fp@(-6)
ef5cd2:  4eba ceac              jsr %pc@(0xef2b80)                       ; fn_ef2b80
ef5cd6:  504f                   addqw #8,%sp
ef5cd8:  1d6e 000b fffa         moveb %fp@(11),%fp@(-6)
ef5cde:  102d 0007              moveb %a5@(7),%d0
ef5ce2:  022e ff1f fffb         andib #31,%fp@(-5)
ef5ce8:  7e07                   moveq #7,%d7
ef5cea:  c007                   andb %d7,%d0
ef5cec:  eb88                   lsll #5,%d0
ef5cee:  812e fffb              orb %d0,%fp@(-5)
ef5cf2:  202e 0010              movel %fp@(16),%d0
ef5cf6:  0680 0000 01ff         addil #511,%d0
ef5cfc:  0280 ffff fe00         andil #-512,%d0
ef5d02:  4a80                   tstl %d0
ef5d04:  6c06                   bges 0xef5d0c
ef5d06:  0680 0000 01ff         addil #511,%d0
ef5d0c:  e080                   asrl #8,%d0
ef5d0e:  e280                   asrl #1,%d0
ef5d10:  2a00                   movel %d0,%d5
ef5d12:  7210                   moveq #16,%d1
ef5d14:  e2a0                   asrl %d1,%d0
ef5d16:  1d40 fffc              moveb %d0,%fp@(-4)
ef5d1a:  2005                   movel %d5,%d0
ef5d1c:  e080                   asrl #8,%d0
ef5d1e:  0280 0000 00ff         andil #255,%d0
ef5d24:  1d40 fffd              moveb %d0,%fp@(-3)
ef5d28:  1005                   moveb %d5,%d0
ef5d2a:  0280 0000 00ff         andil #255,%d0
ef5d30:  1d40 fffe              moveb %d0,%fp@(-2)
ef5d34:  0cae 0000 0101 0008    cmpil #257,%fp@(8)
ef5d3c:  6606                   bnes 0xef5d44
ef5d3e:  08ee 0007 ffff         bset #7,%fp@(-1)
ef5d44:  0cae 0000 0081 0008    cmpil #129,%fp@(8)
ef5d4c:  6616                   bnes 0xef5d64
ef5d4e:  7e11                   moveq #17,%d7
ef5d50:  1d47 fffa              moveb %d7,%fp@(-6)
ef5d54:  7ee0                   moveq #-32,%d7
ef5d56:  cf2e fffb              andb %d7,%fp@(-5)
ef5d5a:  7e01                   moveq #1,%d7
ef5d5c:  8f2e fffb              orb %d7,%fp@(-5)
ef5d60:  1d47 fffe              moveb %d7,%fp@(-2)
ef5d64:  7001                   moveq #1,%d0
ef5d66:  2215                   movel %a5@,%d1
ef5d68:  e3a0                   asll %d1,%d0
ef5d6a:  2f00                   movel %d0,%sp@-
ef5d6c:  2f2d 0010              movel %a5@(16),%sp@-
ef5d70:  4879 00f0 2010         pea 0xf02010                             ; BUSMEM_BASE+0x2010
ef5d76:  202e 0010              movel %fp@(16),%d0
ef5d7a:  0680 0000 01ff         addil #511,%d0
ef5d80:  0280 ffff fe00         andil #-512,%d0
ef5d86:  2f00                   movel %d0,%sp@-
ef5d88:  486e fff0              pea %fp@(-16)
ef5d8c:  486e fffa              pea %fp@(-6)
ef5d90:  4eba f68e              jsr %pc@(0xef5420)                       ; sub_ef5420
ef5d94:  4fef 0018              lea %sp@(24),%sp
ef5d98:  2e00                   movel %d0,%d7
ef5d9a:  72ff                   moveq #-1,%d1
ef5d9c:  be81                   cmpl %d1,%d7
ef5d9e:  6606                   bnes 0xef5da6
ef5da0:  7000                   moveq #0,%d0
ef5da2:  6000 010a              braw 0xef5eae                            ; loc_ef5eae
ef5da6:  0cae 0000 0008 0008    cmpil #8,%fp@(8)
ef5dae:  6624                   bnes 0xef5dd4
ef5db0:  b9fc 00f0 2010         cmpal #15736848,%a4                      ; BUSMEM_BASE+0x2010
ef5db6:  671c                   beqs 0xef5dd4
ef5db8:  202e 0010              movel %fp@(16),%d0
ef5dbc:  b087                   cmpl %d7,%d0
ef5dbe:  6d02                   blts 0xef5dc2
ef5dc0:  2007                   movel %d7,%d0
ef5dc2:  2f00                   movel %d0,%sp@-
ef5dc4:  4854                   pea %a4@
ef5dc6:  4879 00f0 2010         pea 0xf02010                             ; BUSMEM_BASE+0x2010
ef5dcc:  4eba cdd8              jsr %pc@(0xef2ba6)                       ; sub_ef2ba6
ef5dd0:  4fef 000c              lea %sp@(12),%sp
ef5dd4:  082e 0001 fff0         btst #1,%fp@(-16)
ef5dda:  6700 00a8              beqw 0xef5e84
ef5dde:  4878 0006              pea 0x6
ef5de2:  486e fff4              pea %fp@(-12)
ef5de6:  4eba cd98              jsr %pc@(0xef2b80)                       ; fn_ef2b80
ef5dea:  504f                   addqw #8,%sp
ef5dec:  7c03                   moveq #3,%d6
ef5dee:  1d46 fff4              moveb %d6,%fp@(-12)
ef5df2:  102d 0007              moveb %a5@(7),%d0
ef5df6:  022e ff1f fff5         andib #31,%fp@(-11)
ef5dfc:  7c07                   moveq #7,%d6
ef5dfe:  c006                   andb %d6,%d0
ef5e00:  eb88                   lsll #5,%d0
ef5e02:  812e fff5              orb %d0,%fp@(-11)
ef5e06:  7c10                   moveq #16,%d6
ef5e08:  1d46 fff8              moveb %d6,%fp@(-8)
ef5e0c:  7001                   moveq #1,%d0
ef5e0e:  2215                   movel %a5@,%d1
ef5e10:  e3a0                   asll %d1,%d0
ef5e12:  2f00                   movel %d0,%sp@-
ef5e14:  2f2d 0010              movel %a5@(16),%sp@-
ef5e18:  4879 00f0 2000         pea 0xf02000                             ; BUSMEM_BASE+0x2000
ef5e1e:  4878 0010              pea 0x10
ef5e22:  486e ffec              pea %fp@(-20)
ef5e26:  486e fff4              pea %fp@(-12)
ef5e2a:  4eba f5f4              jsr %pc@(0xef5420)                       ; sub_ef5420
ef5e2e:  4fef 0018              lea %sp@(24),%sp
ef5e32:  2c00                   movel %d0,%d6
ef5e34:  7210                   moveq #16,%d1
ef5e36:  bc81                   cmpl %d1,%d6
ef5e38:  671c                   beqs 0xef5e56
ef5e3a:  4aae 0018              tstl %fp@(24)
ef5e3e:  670c                   beqs 0xef5e4c
ef5e40:  4879 00ef 79b8         pea 0xef79b8                             ; "st: sense error\n"
ef5e46:  4eba c20c              jsr %pc@(0xef2054)                       ; _printf
ef5e4a:  584f                   addqw #4,%sp
ef5e4c:  7201                   moveq #1,%d1
ef5e4e:  2b41 0008              movel %d1,%a5@(8)
ef5e52:  7000                   moveq #0,%d0
ef5e54:  6058                   bras 0xef5eae                            ; loc_ef5eae
ef5e56:  0839 0000 00f0 2004    btst #0,0xf02004                         ; BUSMEM_BASE+0x2004
ef5e5e:  661c                   bnes 0xef5e7c
ef5e60:  4aae 0018              tstl %fp@(24)
ef5e64:  6716                   beqs 0xef5e7c
ef5e66:  7000                   moveq #0,%d0
ef5e68:  3039 00f0 2004         movew 0xf02004,%d0                       ; BUSMEM_BASE+0x2004
ef5e6e:  2f00                   movel %d0,%sp@-
ef5e70:  4879 00ef 79c9         pea 0xef79c9                             ; "st: error %x\n"
ef5e76:  4eba c1dc              jsr %pc@(0xef2054)                       ; _printf
ef5e7a:  504f                   addqw #8,%sp
ef5e7c:  7201                   moveq #1,%d1
ef5e7e:  2b41 0008              movel %d1,%a5@(8)
ef5e82:  6028                   bras 0xef5eac                            ; loc_ef5eac
ef5e84:  beae 0010              cmpl %fp@(16),%d7
ef5e88:  6d10                   blts 0xef5e9a
ef5e8a:  4aae 0010              tstl %fp@(16)
ef5e8e:  6706                   beqs 0xef5e96
ef5e90:  202e 0010              movel %fp@(16),%d0
ef5e94:  6018                   bras 0xef5eae                            ; loc_ef5eae
ef5e96:  7001                   moveq #1,%d0
ef5e98:  6014                   bras 0xef5eae                            ; loc_ef5eae
ef5e9a:  4aae 0018              tstl %fp@(24)
ef5e9e:  670c                   beqs 0xef5eac                            ; loc_ef5eac
ef5ea0:  4879 00ef 79d7         pea 0xef79d7                             ; "st: short transfer\n"
ef5ea6:  4eba c1ac              jsr %pc@(0xef2054)                       ; _printf
ef5eaa:  584f                   addqw #4,%sp

loc_ef5eac:
ef5eac:  2007                   movel %d7,%d0

loc_ef5eae:
ef5eae:  4cee 30e0 ffd8         moveml %fp@(-40),%d5-%d7/%a4-%a5
ef5eb4:  4e5e                   unlk %fp
ef5eb6:  4e75                   rts

fn_ef5eb8:
ef5eb8:  4e56 fff4              linkw %fp,#-12
ef5ebc:  48d7 3080              moveml %d7/%a4-%a5,%sp@
ef5ec0:  2a6e 0008              moveal %fp@(8),%a5
ef5ec4:  0cad 0000 0002 000a    cmpil #2,%a5@(10)
ef5ecc:  6c1a                   bges 0xef5ee8
ef5ece:  202d 000a              movel %a5@(10),%d0
ef5ed2:  e380                   asll #1,%d0
ef5ed4:  2040                   moveal %d0,%a0
ef5ed6:  d1fc 00ef 79ec         addal #15694316,%a0
ef5edc:  3010                   movew %a0@,%d0
ef5ede:  0280 0000 ffff         andil #65535,%d0
ef5ee4:  2b40 000a              movel %d0,%a5@(10)
ef5ee8:  202d 000a              movel %a5@(10),%d0
ef5eec:  0680 00eb 0000         addil #15400960,%d0                      ; BUSIO_BASE
ef5ef2:  2840                   moveal %d0,%a4
ef5ef4:  42a7                   clrl %sp@-
ef5ef6:  4854                   pea %a4@
ef5ef8:  4eba ce00              jsr %pc@(0xef2cfa)                       ; sub_ef2cfa
ef5efc:  504f                   addqw #8,%sp
ef5efe:  4a80                   tstl %d0
ef5f00:  6704                   beqs 0xef5f06
ef5f02:  70ff                   moveq #-1,%d0
ef5f04:  6040                   bras 0xef5f46                            ; loc_ef5f46
ef5f06:  102c 0004              moveb %a4@(4),%d0
ef5f0a:  42ad 0006              clrl %a5@(6)
ef5f0e:  4878 0002              pea 0x2
ef5f12:  4878 0005              pea 0x5
ef5f16:  4855                   pea %a5@
ef5f18:  6100 0146              bsrw 0xef6060                            ; sub_ef6060
ef5f1c:  4fef 000c              lea %sp@(12),%sp
ef5f20:  2e2d 0012              movel %a5@(18),%d7

loc_ef5f24:
ef5f24:  2007                   movel %d7,%d0
ef5f26:  5387                   subql #1,%d7
ef5f28:  4a80                   tstl %d0
ef5f2a:  6718                   beqs 0xef5f44
ef5f2c:  42ad 0026              clrl %a5@(38)
ef5f30:  4878 0001              pea 0x1
ef5f34:  4878 0005              pea 0x5
ef5f38:  4855                   pea %a5@
ef5f3a:  6100 0124              bsrw 0xef6060                            ; sub_ef6060
ef5f3e:  4fef 000c              lea %sp@(12),%sp
ef5f42:  60e0                   bras 0xef5f24                            ; loc_ef5f24
ef5f44:  7000                   moveq #0,%d0

loc_ef5f46:
ef5f46:  4cee 3080 fff4         moveml %fp@(-12),%d7/%a4-%a5
ef5f4c:  4e5e                   unlk %fp
ef5f4e:  4e75                   rts

fn_ef5f50:
ef5f50:  4e56 fffc              linkw %fp,#-4
ef5f54:  2e8d                   movel %a5,%sp@
ef5f56:  2a6e 0008              moveal %fp@(8),%a5
ef5f5a:  42ad 0006              clrl %a5@(6)
ef5f5e:  4878 0002              pea 0x2
ef5f62:  4878 0005              pea 0x5
ef5f66:  4855                   pea %a5@
ef5f68:  6100 00f6              bsrw 0xef6060                            ; sub_ef6060
ef5f6c:  4fef 000c              lea %sp@(12),%sp
ef5f70:  2a6e fffc              moveal %fp@(-4),%a5
ef5f74:  4e5e                   unlk %fp
ef5f76:  4e75                   rts

fn_ef5f78:
ef5f78:  4e56 ffec              linkw %fp,#-20
ef5f7c:  0cae 0000 0002 000c    cmpil #2,%fp@(12)
ef5f84:  6604                   bnes 0xef5f8a
ef5f86:  7001                   moveq #1,%d0
ef5f88:  6002                   bras 0xef5f8c                            ; loc_ef5f8c
ef5f8a:  7002                   moveq #2,%d0

loc_ef5f8c:
ef5f8c:  2d40 fffc              movel %d0,%fp@(-4)
ef5f90:  206e 0008              moveal %fp@(8),%a0
ef5f94:  2d68 0026 fff4         movel %a0@(38),%fp@(-12)
ef5f9a:  2d6e fff4 fff0         movel %fp@(-12),%fp@(-16)
ef5fa0:  2d68 0022 ffec         movel %a0@(34),%fp@(-20)
ef5fa6:  4aa8 0006              tstl %a0@(6)
ef5faa:  670a                   beqs 0xef5fb6                            ; loc_ef5fb6
ef5fac:  42a8 0006              clrl %a0@(6)
ef5fb0:  7000                   moveq #0,%d0
ef5fb2:  6000 00a8              braw 0xef605c                            ; loc_ef605c

loc_ef5fb6:
ef5fb6:  4aae fff0              tstl %fp@(-16)
ef5fba:  6f4a                   bles 0xef6006
ef5fbc:  0cae 0000 5000 fff0    cmpil #20480,%fp@(-16)
ef5fc4:  6f0e                   bles 0xef5fd4
ef5fc6:  206e 0008              moveal %fp@(8),%a0
ef5fca:  217c 0000 5000 0026    movel #20480,%a0@(38)
ef5fd2:  600a                   bras 0xef5fde                            ; loc_ef5fde
ef5fd4:  206e 0008              moveal %fp@(8),%a0
ef5fd8:  216e fff0 0026         movel %fp@(-16),%a0@(38)

loc_ef5fde:
ef5fde:  42a7                   clrl %sp@-
ef5fe0:  2f2e fffc              movel %fp@(-4),%sp@-
ef5fe4:  2f2e 0008              movel %fp@(8),%sp@-
ef5fe8:  6176                   bsrs 0xef6060                            ; sub_ef6060
ef5fea:  4fef 000c              lea %sp@(12),%sp
ef5fee:  2d40 fff8              movel %d0,%fp@(-8)
ef5ff2:  6f12                   bles 0xef6006
ef5ff4:  206e 0008              moveal %fp@(8),%a0
ef5ff8:  d1a8 0022              addl %d0,%a0@(34)
ef5ffc:  202e fff8              movel %fp@(-8),%d0
ef6000:  91ae fff0              subl %d0,%fp@(-16)
ef6004:  60b0                   bras 0xef5fb6                            ; loc_ef5fb6
ef6006:  0cae ffff ffff fff8    cmpil #-1,%fp@(-8)
ef600e:  6604                   bnes 0xef6014
ef6010:  70ff                   moveq #-1,%d0
ef6012:  6048                   bras 0xef605c                            ; loc_ef605c
ef6014:  4aae fff8              tstl %fp@(-8)
ef6018:  6614                   bnes 0xef602e
ef601a:  202e fff0              movel %fp@(-16),%d0
ef601e:  b0ae fff4              cmpl %fp@(-12),%d0
ef6022:  670a                   beqs 0xef602e
ef6024:  206e 0008              moveal %fp@(8),%a0
ef6028:  7201                   moveq #1,%d1
ef602a:  2141 0006              movel %d1,%a0@(6)
ef602e:  4aae fff0              tstl %fp@(-16)
ef6032:  6c04                   bges 0xef6038
ef6034:  42ae fff0              clrl %fp@(-16)
ef6038:  202e fff4              movel %fp@(-12),%d0
ef603c:  90ae fff0              subl %fp@(-16),%d0
ef6040:  2d40 fff8              movel %d0,%fp@(-8)
ef6044:  206e 0008              moveal %fp@(8),%a0
ef6048:  216e fff4 0026         movel %fp@(-12),%a0@(38)
ef604e:  206e 0008              moveal %fp@(8),%a0
ef6052:  216e ffec 0022         movel %fp@(-20),%a0@(34)
ef6058:  202e fff8              movel %fp@(-8),%d0

loc_ef605c:
ef605c:  4e5e                   unlk %fp
ef605e:  4e75                   rts

sub_ef6060:
ef6060:  4e56 ffe8              linkw %fp,#-24
ef6064:  48d7 3880              moveml %d7/%a3-%a5,%sp@
ef6068:  2a6e 0008              moveal %fp@(8),%a5
ef606c:  287c 00f0 0100         moveal #15728896,%a4                     ; BUSMEM_BASE+0x100
ef6072:  202d 000a              movel %a5@(10),%d0
ef6076:  0680 00eb 0000         addil #15400960,%d0                      ; BUSIO_BASE
ef607c:  2640                   moveal %d0,%a3
ef607e:  4878 0012              pea 0x12
ef6082:  4854                   pea %a4@
ef6084:  4eba cafa              jsr %pc@(0xef2b80)                       ; fn_ef2b80
ef6088:  504f                   addqw #8,%sp
ef608a:  08ec 0006 0001         bset #6,%a4@(1)
ef6090:  08ec 0007 0001         bset #7,%a4@(1)
ef6096:  102e 000f              moveb %fp@(15),%d0
ef609a:  7ef0                   moveq #-16,%d7
ef609c:  cf2c 0001              andb %d7,%a4@(1)
ef60a0:  7e0f                   moveq #15,%d7
ef60a2:  c007                   andb %d7,%d0
ef60a4:  812c 0001              orb %d0,%a4@(1)
ef60a8:  102e 0013              moveb %fp@(19),%d0
ef60ac:  7ec0                   moveq #-64,%d7
ef60ae:  cf14                   andb %d7,%a4@
ef60b0:  7e3f                   moveq #63,%d7
ef60b2:  c007                   andb %d7,%d0
ef60b4:  8114                   orb %d0,%a4@
ef60b6:  202d 000e              movel %a5@(14),%d0
ef60ba:  7e03                   moveq #3,%d7
ef60bc:  c087                   andl %d7,%d0
ef60be:  7ef8                   moveq #-8,%d7
ef60c0:  cf2c 0006              andb %d7,%a4@(6)
ef60c4:  7e07                   moveq #7,%d7
ef60c6:  c007                   andb %d7,%d0
ef60c8:  812c 0006              orb %d0,%a4@(6)
ef60cc:  7ef8                   moveq #-8,%d7
ef60ce:  cf2c 0007              andb %d7,%a4@(7)
ef60d2:  7e05                   moveq #5,%d7
ef60d4:  8f2c 0007              orb %d7,%a4@(7)
ef60d8:  202e 000c              movel %fp@(12),%d0
ef60dc:  7e01                   moveq #1,%d7
ef60de:  b087                   cmpl %d7,%d0
ef60e0:  6716                   beqs 0xef60f8
ef60e2:  7e02                   moveq #2,%d7
ef60e4:  b087                   cmpl %d7,%d0
ef60e6:  663a                   bnes 0xef6122
ef60e8:  396d 0028 0008         movew %a5@(40),%a4@(8)
ef60ee:  08d4 0007              bset #7,%a4@
ef60f2:  08d4 0006              bset #6,%a4@
ef60f6:  6030                   bras 0xef6128                            ; loc_ef6128
ef60f8:  396d 0028 0008         movew %a5@(40),%a4@(8)
ef60fe:  7000                   moveq #0,%d0
ef6100:  302c 0008              movew %a4@(8),%d0
ef6104:  2f00                   movel %d0,%sp@-
ef6106:  4879 00f0 2000         pea 0xf02000                             ; BUSMEM_BASE+0x2000
ef610c:  2f2d 0022              movel %a5@(34),%sp@-
ef6110:  4eba ca94              jsr %pc@(0xef2ba6)                       ; sub_ef2ba6
ef6114:  4fef 000c              lea %sp@(12),%sp
ef6118:  08d4 0007              bset #7,%a4@
ef611c:  08d4 0006              bset #6,%a4@
ef6120:  6006                   bras 0xef6128                            ; loc_ef6128
ef6122:  7e01                   moveq #1,%d7
ef6124:  3947 0008              movew %d7,%a4@(8)

loc_ef6128:
ef6128:  397c 2000 000a         movew #8192,%a4@(10)
ef612e:  082b 0003 0005         btst #3,%a3@(5)
ef6134:  670c                   beqs 0xef6142
ef6136:  203c 00f0 0000         movel #15728640,%d0                      ; BUSMEM_BASE
ef613c:  7210                   moveq #16,%d1
ef613e:  e2a0                   asrl %d1,%d0
ef6140:  6004                   bras 0xef6146                            ; loc_ef6146
ef6142:  7000                   moveq #0,%d0
ef6144:  e880                   asrl #4,%d0

loc_ef6146:
ef6146:  3940 000c              movew %d0,%a4@(12)
ef614a:  082b 0003 0005         btst #3,%a3@(5)
ef6150:  7000                   moveq #0,%d0
ef6152:  2d40 fff8              movel %d0,%fp@(-8)
ef6156:  e080                   asrl #8,%d0
ef6158:  1680                   moveb %d0,%a3@
ef615a:  176e fffb 0001         moveb %fp@(-5),%a3@(1)
ef6160:  7e01                   moveq #1,%d7
ef6162:  1747 0002              moveb %d7,%a3@(2)
ef6166:  177c 0100 0003         moveb #0,%a3@(3)
ef616c:  177c 0080 0005         moveb #-128,%a3@(5)
ef6172:  7e0f                   moveq #15,%d7
ef6174:  5387                   subql #1,%d7
ef6176:  6efc                   bgts 0xef6174
ef6178:  082b 0007 0005         btst #7,%a3@(5)
ef617e:  66f2                   bnes 0xef6172
ef6180:  7000                   moveq #0,%d0
ef6182:  102c 0002              moveb %a4@(2),%d0
ef6186:  2d40 fffc              movel %d0,%fp@(-4)
ef618a:  6740                   beqs 0xef61cc
ef618c:  0cae 0000 0022 fffc    cmpil #34,%fp@(-4)
ef6194:  6736                   beqs 0xef61cc
ef6196:  0cae 0000 0023 fffc    cmpil #35,%fp@(-4)
ef619e:  672c                   beqs 0xef61cc
ef61a0:  0cae 0000 001e fffc    cmpil #30,%fp@(-4)
ef61a8:  670a                   beqs 0xef61b4
ef61aa:  0cae 0000 0031 fffc    cmpil #49,%fp@(-4)
ef61b2:  6604                   bnes 0xef61b8
ef61b4:  7000                   moveq #0,%d0
ef61b6:  603e                   bras 0xef61f6                            ; loc_ef61f6
ef61b8:  2f2e fffc              movel %fp@(-4),%sp@-
ef61bc:  4879 00ef 79f4         pea 0xef79f4                             ; "xt hard err %x\n"
ef61c2:  4eba be90              jsr %pc@(0xef2054)                       ; _printf
ef61c6:  504f                   addqw #8,%sp
ef61c8:  70ff                   moveq #-1,%d0
ef61ca:  602a                   bras 0xef61f6                            ; loc_ef61f6
ef61cc:  0cae 0000 0002 000c    cmpil #2,%fp@(12)
ef61d4:  661a                   bnes 0xef61f0
ef61d6:  7000                   moveq #0,%d0
ef61d8:  302c 0010              movew %a4@(16),%d0
ef61dc:  2f00                   movel %d0,%sp@-
ef61de:  2f2d 0022              movel %a5@(34),%sp@-
ef61e2:  4879 00f0 2000         pea 0xf02000                             ; BUSMEM_BASE+0x2000
ef61e8:  4eba c9bc              jsr %pc@(0xef2ba6)                       ; sub_ef2ba6
ef61ec:  4fef 000c              lea %sp@(12),%sp
ef61f0:  7000                   moveq #0,%d0
ef61f2:  302c 0010              movew %a4@(16),%d0

loc_ef61f6:
ef61f6:  4cee 3880 ffe8         moveml %fp@(-24),%d7/%a3-%a5
ef61fc:  4e5e                   unlk %fp
ef61fe:  4e75                   rts

fn_ef6200:
ef6200:  4e56 ffbc              linkw %fp,#-68
ef6204:  48d7 20c0              moveml %d6-%d7/%a5,%sp@
ef6208:  2a6e 0008              moveal %fp@(8),%a5
ef620c:  7cff                   moveq #-1,%d6
ef620e:  2d6d 0086 ffdc         movel %a5@(134),%fp@(-36)
ef6214:  2d6d 008a ffe0         movel %a5@(138),%fp@(-32)
ef621a:  2d6d 008e ffe4         movel %a5@(142),%fp@(-28)
ef6220:  486e ffd2              pea %fp@(-46)
ef6224:  206d 0096              moveal %a5@(150),%a0
ef6228:  2068 000a              moveal %a0@(10),%a0
ef622c:  4e90                   jsr %a0@
ef622e:  584f                   addqw #4,%sp
ef6230:  4a80                   tstl %d0
ef6232:  666a                   bnes 0xef629e
ef6234:  7e01                   moveq #1,%d7
ef6236:  2d47 ffce              movel %d7,%fp@(-50)
ef623a:  2d7c 0000 4000 ffca    movel #16384,%fp@(-54)

loc_ef6242:
ef6242:  2d6e ffce fff0         movel %fp@(-50),%fp@(-16)
ef6248:  2d7c 0000 8000 fff8    movel #32768,%fp@(-8)
ef6250:  2d6e ffca fff4         movel %fp@(-54),%fp@(-12)
ef6256:  4878 0001              pea 0x1
ef625a:  486e ffd2              pea %fp@(-46)
ef625e:  206d 0096              moveal %a5@(150),%a0
ef6262:  2068 0012              moveal %a0@(18),%a0
ef6266:  4e90                   jsr %a0@
ef6268:  504f                   addqw #8,%sp
ef626a:  2e00                   movel %d0,%d7
ef626c:  6d20                   blts 0xef628e                            ; loc_ef628e
ef626e:  4a87                   tstl %d7
ef6270:  6612                   bnes 0xef6284
ef6272:  0cae 0000 0001 ffce    cmpil #1,%fp@(-50)
ef627a:  6712                   beqs 0xef628e                            ; loc_ef628e
ef627c:  2c3c 0000 4000         movel #16384,%d6
ef6282:  600a                   bras 0xef628e                            ; loc_ef628e
ef6284:  52ae ffce              addql #1,%fp@(-50)
ef6288:  dfae ffca              addl %d7,%fp@(-54)
ef628c:  60b4                   bras 0xef6242                            ; loc_ef6242

loc_ef628e:
ef628e:  486e ffd2              pea %fp@(-46)
ef6292:  206d 0096              moveal %a5@(150),%a0
ef6296:  2068 000e              moveal %a0@(14),%a0
ef629a:  4e90                   jsr %a0@
ef629c:  584f                   addqw #4,%sp
ef629e:  2006                   movel %d6,%d0
ef62a0:  4cee 20c0 ffbc         moveml %fp@(-68),%d6-%d7/%a5
ef62a6:  4e5e                   unlk %fp
ef62a8:  4e75                   rts
ef62aa:  0000                   .word 0x0000                ; pad to a 4-byte function boundary

fn_ef62ac:
ef62ac:  4e56 ffc4              linkw %fp,#-60
ef62b0:  2e8d                   movel %a5,%sp@
ef62b2:  2a6e 0008              moveal %fp@(8),%a5
ef62b6:  2d6d 0086 ffdc         movel %a5@(134),%fp@(-36)
ef62bc:  2d6d 008a ffe0         movel %a5@(138),%fp@(-32)
ef62c2:  2d6d 008e ffe4         movel %a5@(142),%fp@(-28)
ef62c8:  486e ffd2              pea %fp@(-46)
ef62cc:  206d 0096              moveal %a5@(150),%a0
ef62d0:  2068 000a              moveal %a0@(10),%a0
ef62d4:  4e90                   jsr %a0@
ef62d6:  584f                   addqw #4,%sp
ef62d8:  4a80                   tstl %d0
ef62da:  6648                   bnes 0xef6324
ef62dc:  7201                   moveq #1,%d1
ef62de:  2d41 ffce              movel %d1,%fp@(-50)
ef62e2:  2d7c 0000 4000 ffca    movel #16384,%fp@(-54)

loc_ef62ea:
ef62ea:  0cae 0000 0010 ffce    cmpil #16,%fp@(-50)
ef62f2:  6e42                   bgts 0xef6336
ef62f4:  2d6e ffce fff0         movel %fp@(-50),%fp@(-16)
ef62fa:  2d7c 0000 0200 fff8    movel #512,%fp@(-8)
ef6302:  2d6e ffca fff4         movel %fp@(-54),%fp@(-12)
ef6308:  4878 0001              pea 0x1
ef630c:  486e ffd2              pea %fp@(-46)
ef6310:  206d 0096              moveal %a5@(150),%a0
ef6314:  2068 0012              moveal %a0@(18),%a0
ef6318:  4e90                   jsr %a0@
ef631a:  504f                   addqw #8,%sp
ef631c:  222e fff8              movel %fp@(-8),%d1
ef6320:  b280                   cmpl %d0,%d1
ef6322:  6704                   beqs 0xef6328
ef6324:  70ff                   moveq #-1,%d0
ef6326:  6014                   bras 0xef633c                            ; loc_ef633c
ef6328:  52ae ffce              addql #1,%fp@(-50)
ef632c:  06ae 0000 0200 ffca    addil #512,%fp@(-54)
ef6334:  60b4                   bras 0xef62ea                            ; loc_ef62ea
ef6336:  203c 0000 4000         movel #16384,%d0

loc_ef633c:
ef633c:  2a6e ffc4              moveal %fp@(-60),%a5
ef6340:  4e5e                   unlk %fp
ef6342:  4e75                   rts

sub_ef6344:
ef6344:  4e56 ffdc              linkw %fp,#-36
ef6348:  48d7 38f8              moveml %d3-%d7/%a3-%a5,%sp@
ef634c:  42ae fffc              clrl %fp@(-4)
ef6350:  202e 0014              movel %fp@(20),%d0
ef6354:  e280                   asrl #1,%d0
ef6356:  7a0f                   moveq #15,%d5
ef6358:  c085                   andl %d5,%d0
ef635a:  2d40 0014              movel %d0,%fp@(20)
ef635e:  206e 0008              moveal %fp@(8),%a0
ef6362:  2068 0010              moveal %a0@(16),%a0
ef6366:  2a10                   movel %a0@,%d5

loc_ef6368:
ef6368:  536e 001e              subqw #1,%fp@(30)
ef636c:  6d00 027a              bltw 0xef65e8
ef6370:  206e 0018              moveal %fp@(24),%a0
ef6374:  2028 0004              movel %a0@(4),%d0
ef6378:  d1ae 000c              addl %d0,%fp@(12)
ef637c:  2028 0008              movel %a0@(8),%d0
ef6380:  d1ae 0010              addl %d0,%fp@(16)
ef6384:  206e 0008              moveal %fp@(8),%a0
ef6388:  2668 0010              moveal %a0@(16),%a3
ef638c:  302b 0002              movew %a3@(2),%d0
ef6390:  222b 000c              movel %a3@(12),%d1
ef6394:  d2ae 0010              addl %fp@(16),%d1
ef6398:  c1c1                   mulsw %d1,%d0
ef639a:  d0ab 0004              addl %a3@(4),%d0
ef639e:  222b 0008              movel %a3@(8),%d1
ef63a2:  d2ae 000c              addl %fp@(12),%d1
ef63a6:  e681                   asrl #3,%d1
ef63a8:  d081                   addl %d1,%d0
ef63aa:  78fe                   moveq #-2,%d4
ef63ac:  c084                   andl %d4,%d0
ef63ae:  2840                   moveal %d0,%a4
ef63b0:  202b 0008              movel %a3@(8),%d0
ef63b4:  d0ae 000c              addl %fp@(12),%d0
ef63b8:  780f                   moveq #15,%d4
ef63ba:  c084                   andl %d4,%d0
ef63bc:  2800                   movel %d0,%d4
ef63be:  206e 0018              moveal %fp@(24),%a0
ef63c2:  2650                   moveal %a0@,%a3
ef63c4:  200b                   movel %a3,%d0
ef63c6:  6700 0216              beqw 0xef65de                            ; loc_ef65de
ef63ca:  2e2b 0004              movel %a3@(4),%d7
ef63ce:  2c2b 0008              movel %a3@(8),%d6
ef63d2:  266b 0010              moveal %a3@(16),%a3
ef63d6:  2a6b 0004              moveal %a3@(4),%a5
ef63da:  202e 0014              movel %fp@(20),%d0
ef63de:  0c80 0000 000f         cmpil #15,%d0
ef63e4:  6200 01f4              bhiw 0xef65da                            ; case_ef65da
ef63e8:  d040                   addw %d0,%d0
ef63ea:  303b 0006              movew %pc@(0xef63f2,%d0:w),%d0
ef63ee:  4efb 0002              jmp %pc@(0xef63f2,%d0:w)
ef63f2:  0094                   .word 0x0094                ; case 0 -> case_ef6486
ef63f4:  01e8                   .word 0x01e8                ; case 1 -> case_ef65da
ef63f6:  01e8                   .word 0x01e8                ; case 2 -> case_ef65da
ef63f8:  0166                   .word 0x0166                ; case 3 -> case_ef6558
ef63fa:  01e8                   .word 0x01e8                ; case 4 -> case_ef65da
ef63fc:  0058                   .word 0x0058                ; case 5 -> case_ef644a
ef63fe:  0020                   .word 0x0020                ; case 6 -> case_ef6412
ef6400:  01e8                   .word 0x01e8                ; case 7 -> case_ef65da
ef6402:  01e8                   .word 0x01e8                ; case 8 -> case_ef65da
ef6404:  01e8                   .word 0x01e8                ; case 9 -> case_ef65da
ef6406:  01e8                   .word 0x01e8                ; case 10 -> case_ef65da
ef6408:  01e8                   .word 0x01e8                ; case 11 -> case_ef65da
ef640a:  0110                   .word 0x0110                ; case 12 -> case_ef6502
ef640c:  01e8                   .word 0x01e8                ; case 13 -> case_ef65da
ef640e:  01b4                   .word 0x01b4                ; case 14 -> case_ef65a6
ef6410:  00d4                   .word 0x00d4                ; case 15 -> case_ef64c6

case_ef6412:
ef6412:  2004                   movel %d4,%d0
ef6414:  d087                   addl %d7,%d0
ef6416:  7210                   moveq #16,%d1
ef6418:  b081                   cmpl %d1,%d0
ef641a:  6e14                   bgts 0xef6430
ef641c:  600a                   bras 0xef6428                            ; loc_ef6428
ef641e:  7000                   moveq #0,%d0
ef6420:  301d                   movew %a5@+,%d0
ef6422:  e8a8                   lsrl %d4,%d0
ef6424:  b154                   eorw %d0,%a4@
ef6426:  d9c5                   addal %d5,%a4

loc_ef6428:
ef6428:  51ce fff4              dbf %d6,0xef641e
ef642c:  6000 01b0              braw 0xef65de                            ; loc_ef65de
ef6430:  7010                   moveq #16,%d0
ef6432:  9084                   subl %d4,%d0
ef6434:  2800                   movel %d0,%d4
ef6436:  600a                   bras 0xef6442                            ; loc_ef6442
ef6438:  7000                   moveq #0,%d0
ef643a:  301d                   movew %a5@+,%d0
ef643c:  e9a8                   lsll %d4,%d0
ef643e:  b194                   eorl %d0,%a4@
ef6440:  d9c5                   addal %d5,%a4

loc_ef6442:
ef6442:  51ce fff4              dbf %d6,0xef6438
ef6446:  6000 0196              braw 0xef65de                            ; loc_ef65de

case_ef644a:
ef644a:  2004                   movel %d4,%d0
ef644c:  d087                   addl %d7,%d0
ef644e:  7210                   moveq #16,%d1
ef6450:  b081                   cmpl %d1,%d0
ef6452:  6e18                   bgts 0xef646c
ef6454:  363c 8000              movew #-32768,%d3
ef6458:  5387                   subql #1,%d7
ef645a:  ee63                   asrw %d7,%d3
ef645c:  e86b                   lsrw %d4,%d3
ef645e:  6004                   bras 0xef6464                            ; loc_ef6464
ef6460:  b754                   eorw %d3,%a4@
ef6462:  d9c5                   addal %d5,%a4

loc_ef6464:
ef6464:  51ce fffa              dbf %d6,0xef6460
ef6468:  6000 0174              braw 0xef65de                            ; loc_ef65de
ef646c:  263c 8000 0000         movel #-2147483648,%d3
ef6472:  5387                   subql #1,%d7
ef6474:  eea3                   asrl %d7,%d3
ef6476:  e8ab                   lsrl %d4,%d3
ef6478:  6004                   bras 0xef647e                            ; loc_ef647e
ef647a:  b794                   eorl %d3,%a4@
ef647c:  d9c5                   addal %d5,%a4

loc_ef647e:
ef647e:  51ce fffa              dbf %d6,0xef647a
ef6482:  6000 015a              braw 0xef65de                            ; loc_ef65de

case_ef6486:
ef6486:  2004                   movel %d4,%d0
ef6488:  d087                   addl %d7,%d0
ef648a:  7210                   moveq #16,%d1
ef648c:  b081                   cmpl %d1,%d0
ef648e:  6e1a                   bgts 0xef64aa
ef6490:  363c 8000              movew #-32768,%d3
ef6494:  5387                   subql #1,%d7
ef6496:  ee63                   asrw %d7,%d3
ef6498:  e86b                   lsrw %d4,%d3
ef649a:  4643                   notw %d3
ef649c:  6004                   bras 0xef64a2                            ; loc_ef64a2
ef649e:  c754                   andw %d3,%a4@
ef64a0:  d9c5                   addal %d5,%a4

loc_ef64a2:
ef64a2:  51ce fffa              dbf %d6,0xef649e
ef64a6:  6000 0136              braw 0xef65de                            ; loc_ef65de
ef64aa:  263c 8000 0000         movel #-2147483648,%d3
ef64b0:  5387                   subql #1,%d7
ef64b2:  eea3                   asrl %d7,%d3
ef64b4:  e8ab                   lsrl %d4,%d3
ef64b6:  4683                   notl %d3
ef64b8:  6004                   bras 0xef64be                            ; loc_ef64be
ef64ba:  c794                   andl %d3,%a4@
ef64bc:  d9c5                   addal %d5,%a4

loc_ef64be:
ef64be:  51ce fffa              dbf %d6,0xef64ba
ef64c2:  6000 011a              braw 0xef65de                            ; loc_ef65de

case_ef64c6:
ef64c6:  2004                   movel %d4,%d0
ef64c8:  d087                   addl %d7,%d0
ef64ca:  7210                   moveq #16,%d1
ef64cc:  b081                   cmpl %d1,%d0
ef64ce:  6e18                   bgts 0xef64e8
ef64d0:  363c 8000              movew #-32768,%d3
ef64d4:  5387                   subql #1,%d7
ef64d6:  ee63                   asrw %d7,%d3
ef64d8:  e86b                   lsrw %d4,%d3
ef64da:  6004                   bras 0xef64e0                            ; loc_ef64e0
ef64dc:  8754                   orw %d3,%a4@
ef64de:  d9c5                   addal %d5,%a4

loc_ef64e0:
ef64e0:  51ce fffa              dbf %d6,0xef64dc
ef64e4:  6000 00f8              braw 0xef65de                            ; loc_ef65de
ef64e8:  263c 8000 0000         movel #-2147483648,%d3
ef64ee:  5387                   subql #1,%d7
ef64f0:  eea3                   asrl %d7,%d3
ef64f2:  e8ab                   lsrl %d4,%d3
ef64f4:  6004                   bras 0xef64fa                            ; loc_ef64fa
ef64f6:  8794                   orl %d3,%a4@
ef64f8:  d9c5                   addal %d5,%a4

loc_ef64fa:
ef64fa:  51ce fffa              dbf %d6,0xef64f6
ef64fe:  6000 00de              braw 0xef65de                            ; loc_ef65de

case_ef6502:
ef6502:  2004                   movel %d4,%d0
ef6504:  d087                   addl %d7,%d0
ef6506:  7210                   moveq #16,%d1
ef6508:  b081                   cmpl %d1,%d0
ef650a:  6e22                   bgts 0xef652e
ef650c:  363c 8000              movew #-32768,%d3
ef6510:  5387                   subql #1,%d7
ef6512:  ee63                   asrw %d7,%d3
ef6514:  e86b                   lsrw %d4,%d3
ef6516:  4643                   notw %d3
ef6518:  600c                   bras 0xef6526                            ; loc_ef6526
ef651a:  c754                   andw %d3,%a4@
ef651c:  7000                   moveq #0,%d0
ef651e:  301d                   movew %a5@+,%d0
ef6520:  e8a8                   lsrl %d4,%d0
ef6522:  8154                   orw %d0,%a4@
ef6524:  d9c5                   addal %d5,%a4

loc_ef6526:
ef6526:  51ce fff2              dbf %d6,0xef651a
ef652a:  6000 00b2              braw 0xef65de                            ; loc_ef65de
ef652e:  263c 8000 0000         movel #-2147483648,%d3
ef6534:  5387                   subql #1,%d7
ef6536:  eea3                   asrl %d7,%d3
ef6538:  e8ab                   lsrl %d4,%d3
ef653a:  4683                   notl %d3
ef653c:  7010                   moveq #16,%d0
ef653e:  9084                   subl %d4,%d0
ef6540:  2800                   movel %d0,%d4
ef6542:  600c                   bras 0xef6550                            ; loc_ef6550
ef6544:  c794                   andl %d3,%a4@
ef6546:  7000                   moveq #0,%d0
ef6548:  301d                   movew %a5@+,%d0
ef654a:  e9a8                   lsll %d4,%d0
ef654c:  8194                   orl %d0,%a4@
ef654e:  d9c5                   addal %d5,%a4

loc_ef6550:
ef6550:  51ce fff2              dbf %d6,0xef6544
ef6554:  6000 0088              braw 0xef65de                            ; loc_ef65de

case_ef6558:
ef6558:  2004                   movel %d4,%d0
ef655a:  d087                   addl %d7,%d0
ef655c:  7210                   moveq #16,%d1
ef655e:  b081                   cmpl %d1,%d0
ef6560:  6e1e                   bgts 0xef6580
ef6562:  363c 8000              movew #-32768,%d3
ef6566:  5387                   subql #1,%d7
ef6568:  ee63                   asrw %d7,%d3
ef656a:  e86b                   lsrw %d4,%d3
ef656c:  600c                   bras 0xef657a                            ; loc_ef657a
ef656e:  8754                   orw %d3,%a4@
ef6570:  7000                   moveq #0,%d0
ef6572:  301d                   movew %a5@+,%d0
ef6574:  e8a8                   lsrl %d4,%d0
ef6576:  b154                   eorw %d0,%a4@
ef6578:  d9c5                   addal %d5,%a4

loc_ef657a:
ef657a:  51ce fff2              dbf %d6,0xef656e
ef657e:  605e                   bras 0xef65de                            ; loc_ef65de
ef6580:  263c 8000 0000         movel #-2147483648,%d3
ef6586:  5387                   subql #1,%d7
ef6588:  eea3                   asrl %d7,%d3
ef658a:  e8ab                   lsrl %d4,%d3
ef658c:  7010                   moveq #16,%d0
ef658e:  9084                   subl %d4,%d0
ef6590:  2800                   movel %d0,%d4
ef6592:  600c                   bras 0xef65a0                            ; loc_ef65a0
ef6594:  8794                   orl %d3,%a4@
ef6596:  7000                   moveq #0,%d0
ef6598:  301d                   movew %a5@+,%d0
ef659a:  e9a8                   lsll %d4,%d0
ef659c:  b194                   eorl %d0,%a4@
ef659e:  d9c5                   addal %d5,%a4

loc_ef65a0:
ef65a0:  51ce fff2              dbf %d6,0xef6594
ef65a4:  6038                   bras 0xef65de                            ; loc_ef65de

case_ef65a6:
ef65a6:  2004                   movel %d4,%d0
ef65a8:  d087                   addl %d7,%d0
ef65aa:  7210                   moveq #16,%d1
ef65ac:  b081                   cmpl %d1,%d0
ef65ae:  6e12                   bgts 0xef65c2
ef65b0:  600a                   bras 0xef65bc                            ; loc_ef65bc
ef65b2:  7000                   moveq #0,%d0
ef65b4:  301d                   movew %a5@+,%d0
ef65b6:  e8a8                   lsrl %d4,%d0
ef65b8:  8154                   orw %d0,%a4@
ef65ba:  d9c5                   addal %d5,%a4

loc_ef65bc:
ef65bc:  51ce fff4              dbf %d6,0xef65b2
ef65c0:  601c                   bras 0xef65de                            ; loc_ef65de
ef65c2:  7010                   moveq #16,%d0
ef65c4:  9084                   subl %d4,%d0
ef65c6:  2800                   movel %d0,%d4
ef65c8:  600a                   bras 0xef65d4                            ; loc_ef65d4
ef65ca:  7000                   moveq #0,%d0
ef65cc:  301d                   movew %a5@+,%d0
ef65ce:  e9a8                   lsll %d4,%d0
ef65d0:  8194                   orl %d0,%a4@
ef65d2:  d9c5                   addal %d5,%a4

loc_ef65d4:
ef65d4:  51ce fff4              dbf %d6,0xef65ca
ef65d8:  6004                   bras 0xef65de                            ; loc_ef65de

case_ef65da:
ef65da:  4278 0001              clrw 0x1

loc_ef65de:
ef65de:  720c                   moveq #12,%d1
ef65e0:  d3ae 0018              addl %d1,%fp@(24)
ef65e4:  6000 fd82              braw 0xef6368                            ; loc_ef6368
ef65e8:  202e fffc              movel %fp@(-4),%d0
ef65ec:  4cee 38f8 ffdc         moveml %fp@(-36),%d3-%d7/%a3-%a5
ef65f2:  4e5e                   unlk %fp
ef65f4:  4e75                   rts
ef65f6:  0000                   .word 0x0000                ; pad to a 4-byte function boundary

fn_ef65f8:
ef65f8:  4e56 fff4              linkw %fp,#-12
ef65fc:  48d7 3080              moveml %d7/%a4-%a5,%sp@
ef6600:  2a6e 0008              moveal %fp@(8),%a5
ef6604:  286e 000c              moveal %fp@(12),%a4
ef6608:  2e2e 0010              movel %fp@(16),%d7
ef660c:  2007                   movel %d7,%d0
ef660e:  5387                   subql #1,%d7
ef6610:  4a80                   tstl %d0
ef6612:  670a                   beqs 0xef661e
ef6614:  101d                   moveb %a5@+,%d0
ef6616:  b01c                   cmpb %a4@+,%d0
ef6618:  67f2                   beqs 0xef660c
ef661a:  7001                   moveq #1,%d0
ef661c:  6002                   bras 0xef6620                            ; loc_ef6620
ef661e:  7000                   moveq #0,%d0

loc_ef6620:
ef6620:  4cee 3080 fff4         moveml %fp@(-12),%d7/%a4-%a5
ef6626:  4e5e                   unlk %fp
ef6628:  4e75                   rts

; ==== data ==============================================================
ef662c:  .ascii "@(#)version.c 2.8 85/02/19 Copyright (c) 1985 by Sun Microsystems, Inc.\0"

_monrev:
ef6674:  .ascii "Rev Q\0"
ef667a:  .word 0x0000

dat_ef667c:
ef667c:  .long 0x00ec0000    ; VIDEOMEM_BASE
ef6680:  .word 0x0001, 0xec40, 0x0000
ef6686:  .long 0x00ee0000    ; TIMER_BASE
ef668a:  .word 0x8000, 0x8000, 0x0000

dat_ef6690:
ef6690:  .word 0x0000, 0x0000, 0x0001, 0xfe00, 0x0000, 0x0060, 0x0000, 0x0000
ef66a0:  .word 0x8000, 0x0000
ef66a4:  .long 0x00eb0000    ; BUSIO_BASE
ef66a8:  .word 0x0001, 0xecc0, 0x0fe0
ef66ae:  .long 0x00ec0000    ; VIDEOMEM_BASE
ef66b2:  .word 0x0001, 0xec40, 0x0000
ef66b8:  .long 0x00ee0000    ; TIMER_BASE
ef66bc:  .word 0x0000, 0xec40, 0x0fe5
ef66c2:  .long 0x00ee0800    ; ROP_BASE
ef66c6:  .word 0x0000, 0x8000, 0x0000
ef66cc:  .long 0x00ee1000    ; CLOCK_BASE
ef66d0:  .word 0x0000, 0xec80, 0x0401
ef66d6:  .long 0x00ee1800    ; DES_BASE
ef66da:  .word 0x0000, 0xec40, 0x0fe2
ef66e0:  .long 0x00ee2000    ; PARALLEL_BASE
ef66e4:  .word 0x0000, 0x8000, 0x0000
ef66ea:  .long 0x00ee2800    ; SCSI_BASE
ef66ee:  .word 0x0000, 0xec80, 0x0400
ef66f4:  .long 0x00ee3000    ; ETHER_BASE
ef66f8:  .word 0x0000, 0xec40, 0x0fe1
ef66fe:  .long 0x00ee3800    ; VIDEOCTL_BASE
ef6702:  .word 0x0000, 0xec40, 0x0040, 0x00ee, 0x4000, 0x0000, 0x8000, 0x0000
ef6712:  .long 0x00eec000    ; KEYBMOUSE_BASE
ef6716:  .word 0x0000, 0xec40, 0x0fe3
ef671c:  .long 0x00eec800    ; SERIAL0_BASE
ef6720:  .word 0x0000, 0xec40, 0x0fe4, 0x00ee, 0xd000, 0x0000, 0x8000, 0x0000
ef6730:  .word 0x00ef, 0x0000, 0x0000, 0xfe40, 0x0fe0
ef673a:  .long 0x00f00000    ; BUSMEM_BASE
ef673e:  .word 0x0001, 0xfe80, 0x0000, 0x0100, 0x0000, 0x8000, 0x8000, 0x0000
ef674e:  .word 0x0000

dat_ef6750:
ef6750:  .word 0x0c00

dat_ef6752:
ef6752:  .ascii "Using RS232 A input.\n\0"

dat_ef6768:
ef6768:  .word 0x0008
ef676a:  .long 0x00ef692c    ; ", context registers"
ef676e:  .word 0x0009
ef6770:  .long 0x00ef6940    ; ", segment map"
ef6774:  .word 0x000a
ef6776:  .long 0x00ef694e    ; ", page map"
ef677a:  .word 0x000b
ef677c:  .long 0x00ef6959    ; ", memory"
ef6780:  .word 0x0019
ef6782:  .long 0x00ef6962    ; " (constant data)"
ef6786:  .word 0x001a
ef6788:  .long 0x00ef6973    ; " (address independence)"
ef678c:  .word 0x001b
ef678e:  .long 0x00ef698b    ; " (transient error)"
ef6792:  .word 0x000c
ef6794:  .long 0x00ef699e    ; ", DES chip"
ef6798:  .word 0x0000, 0x0000, 0x0000, 0x0000

dat_ef67a0:
ef67a0:  .ascii "Self Test completed successfully.\n\n\0"

dat_ef67c4:
ef67c4:  .ascii "Self Test found a problem\0"

dat_ef67de:
ef67de:  .byte 0x2e, 0x0a, 0x00

dat_ef67e1:
ef67e1:  .ascii " in %s\n\n\0"

dat_ef67ea:
ef67ea:  .ascii "Wrote %x at address %x, but read %x.\n\0"

dat_ef6810:
ef6810:  .ascii "\n%d total error\0"

dat_ef6820:
ef6820:  .ascii " (%d transient)\0"

dat_ef6830:
ef6830:  .ascii ".\nDamage found\0"

dat_ef683f:
ef683f:  .ascii "\n\n--> Give the above information to your service-person.\n\n\0"

dat_ef687a:
ef687a:  .ascii "ID PROM INVALID\n\n\0"

dat_ef688c:
ef688c:  .word 0x0900

dat_ef688e:
ef688e:  .ascii "Sun Workstation, Model %sSun-2/160, Sun-2 keyboard\n\0"

dat_ef68c2:
ef68c2:  .byte 0x00

dat_ef68c3:
ef68c3:  .ascii "Sun-2/50 or \0"

dat_ef68d0:
ef68d0:  .word 0x0900

dat_ef68d2:
ef68d2:  .ascii "ROM %s, \0"

dat_ef68db:
ef68db:  .ascii "%dM\0"

dat_ef68df:
ef68df:  .ascii "%dK\0"

dat_ef68e3:
ef68e3:  .ascii "B memory installed\n\0"

dat_ef68f7:
ef68f7:  .byte 0x09, 0x00

dat_ef68f9:
ef68f9:  .ascii "Serial #%d, Ethernet address %x:%x:%x:%x:%x:%x\n\0"

dat_ef6929:
ef6929:  .byte 0x0a, 0x00, 0x00
ef692c:  .ascii ", context registers\0"
ef6940:  .ascii ", segment map\0"
ef694e:  .ascii ", page map\0"
ef6959:  .ascii ", memory\0"
ef6962:  .ascii " (constant data)\0"
ef6973:  .ascii " (address independence)\0"
ef698b:  .ascii " (transient error)\0"
ef699e:  .ascii ", DES chip\0"
ef69a9:  .byte 0x00, 0x00, 0x00

dat_ef69ac:
ef69ac:  .word 0x000c, 0x0000, 0x0000, 0x8000, 0x0000, 0x0010, 0x0000, 0x0001
ef69bc:  .word 0xfe00, 0x0180, 0x0014, 0x0000, 0x0001, 0xfe80, 0x0080, 0x001f
ef69cc:  .word 0x0000, 0x0001, 0xfec0, 0x0fe0, 0x0020, 0x0000, 0x0000, 0xfe40
ef69dc:  .word 0x0000, 0x0020, 0x0800, 0x8000, 0x8000, 0x0000

dat_ef69e8:
ef69e8:  .long 0x00f00000    ; BUSMEM_BASE
ef69ec:  .word 0x0001, 0xfe00, 0x0180
ef69f2:  .long 0x00f40000    ; BUSMEM_BASE+0x40000
ef69f6:  .word 0x8000, 0x8000, 0x0000

dat_ef69fc:
ef69fc:  .word 0x4430, 0x0044, 0x3100, 0x4432, 0x0044, 0x3300, 0x4434, 0x0044
ef6a0c:  .word 0x3500, 0x4436, 0x0044, 0x3700, 0x4130, 0x0041, 0x3100, 0x4132
ef6a1c:  .word 0x0041, 0x3300, 0x4134, 0x0041, 0x3500, 0x4136, 0x0053, 0x5300
ef6a2c:  .word 0x5553, 0x0053, 0x4600, 0x4446, 0x0056, 0x4200, 0x5343, 0x0055
ef6a3c:  .word 0x4300, 0x5352, 0x0050, 0x4300

dat_ef6a44:
ef6a44:  .ascii "Love your country, but never trust its government.\n\0"

dat_ef6a78:
ef6a78:  .byte 0x3a, 0x20, 0x00

dat_ef6a7b:
ef6a7b:  .byte 0x3f, 0x20, 0x00

dat_ef6a7e:
ef6a7e:  .ascii " -> \0"

dat_ef6a83:
ef6a83:  .ascii "\nWatchdog reset!\n\0"

dat_ef6a95:
ef6a95:  .ascii "Auto-boot in progress...\n\0"

dat_ef6aaf:
ef6aaf:  .ascii "\nAbort\0"

dat_ef6ab6:
ef6ab6:  .ascii "Invalid Page \0"

dat_ef6ac4:
ef6ac4:  .ascii "Protection \0"

dat_ef6ad0:
ef6ad0:  .ascii "I/O \0"

dat_ef6ad5:
ef6ad5:  .ascii "Timeout \0"

dat_ef6ade:
ef6ade:  .ascii "Upper Byte \0"

dat_ef6aea:
ef6aea:  .ascii "Parity \0"

dat_ef6af2:
ef6af2:  .ascii "Lower Byte \0"

dat_ef6afe:
ef6afe:  .ascii "Bus \0"

dat_ef6b03:
ef6b03:  .ascii "Address \0"

dat_ef6b0c:
ef6b0c:  .ascii "Error, addr: \0"

dat_ef6b1a:
ef6b1a:  .ascii " at \0"

dat_ef6b1f:
ef6b1f:  .ascii "\nException %x\0"

dat_ef6b2d:
ef6b2d:  .ascii "SegMap \0"

dat_ef6b35:
ef6b35:  .ascii "PageMap \0"

dat_ef6b3e:
ef6b3e:  .byte 0x20, 0x5b, 0x00

dat_ef6b41:
ef6b41:  .ascii "FC%x space\n\0"

dat_ef6b4d:
ef6b4d:  .ascii "What?\n\0"

dat_ef6b54:
ef6b54:  .ascii "kab\0"

dat_ef6b58:
ef6b58:  .ascii "sab\0"

dat_ef6b5c:
ef6b5c:  .word 0x0007, 0x6800, 0x0000, 0x0000, 0x0003, 0x8400, 0x0000, 0x0002
ef6b6c:  .word 0x0001, 0x9200, 0x0000, 0x0006, 0x0000, 0x9600, 0x0000, 0x000e
ef6b7c:  .word 0x0000, 0x4800, 0x0000, 0x001e, 0x0000, 0x2400, 0x0000, 0x003e
ef6b8c:  .word 0x0000, 0x1200, 0x0000, 0x007e, 0x0000, 0x0600, 0x0000
ef6b9a:  .long 0x00fe0000    ; BUSMEM_BASE+0xe0000
ef6b9e:  .word 0x0300, 0x0000, 0x01fe, 0x0000, 0x0150, 0x0000, 0x03fe, 0x0000
ef6bae:  .word 0x0110, 0x0000, 0x0572, 0x0000, 0x0000, 0x0000, 0x0000

dat_ef6bbc:
ef6bbc:  .word 0x0000, 0x09c0, 0x0000, 0x0446, 0x03c0, 0x05e2, 0x0902, 0x0b51
ef6bcc:  .word 0x0c0e, 0x0d00, 0x0e02, 0x03c1, 0x05ea, 0x0e03, 0x0010, 0x0010

dat_ef6bdc:
ef6bdc:  .ascii "u%ci, u%co, ua%x, ub%x, uu%x, u\0"

dat_ef6bfc:
ef6bfc:  .byte 0x65, 0x0a, 0x00

dat_ef6bff:
ef6bff:  .ascii "Invalid selection\n\0"

dat_ef6c12:
ef6c12:  .ascii "Extra chars in command\n\0"
ef6c2a:  .word 0x0000

dat_ef6c2c:
ef6c2c:  .ascii "\b \b\0"

dat_ef6c30:
ef6c30:  .ascii "0123456789ABCDEF\0"
ef6c41:  .byte 0x00, 0x00, 0x00

dat_ef6c44:
ef6c44:  .ascii "0123456789ABCDEF\0"
ef6c55:  .byte 0x00, 0x00, 0x00

dat_ef6c58:
ef6c58:  .ascii "Keyboard error detected\n\0"
ef6c71:  .byte 0x00, 0x00, 0x00, 0xa2, 0x91, 0xa1, 0xa1, 0xa2, 0xa1, 0xa1, 0xa1, 0xa1, 0xa1, 0xa1, 0xa1, 0xa1
ef6c81:  .byte 0xa1, 0xa1, 0xa1, 0xa1, 0xa1, 0xa1, 0xa1, 0xa2, 0xa1, 0xa1, 0xa1, 0xa2, 0xa1, 0xa1, 0xa1, 0xa2
ef6c91:  .byte 0x1b, 0x31, 0x32, 0x33, 0x34, 0x35, 0x36, 0x37, 0x38, 0x39, 0x30, 0x2d, 0x3d, 0x60, 0x08, 0xa2
ef6ca1:  .byte 0xa1, 0xa1, 0xa1, 0xa2, 0xa1, 0xa1, 0xa1, 0xa2, 0x09, 0x71, 0x77, 0x65, 0x72, 0x74, 0x79, 0x75
ef6cb1:  .byte 0x69, 0x6f, 0x70, 0x5b, 0x5d, 0x7f, 0xa2, 0xa1, 0xb1, 0xa1, 0xa2, 0xa1, 0xa1, 0xa1, 0xa2, 0x84
ef6cc1:  .byte 0x61, 0x73, 0x64, 0x66, 0x67, 0x68, 0x6a, 0x6b, 0x6c, 0x3b, 0x27, 0x5c, 0x0d, 0xa2, 0xb3, 0xa1
ef6cd1:  .byte 0xb4, 0xa2, 0xa1, 0xa1, 0xa1, 0xa2, 0x82, 0x7a, 0x78, 0x63, 0x76, 0x62, 0x6e, 0x6d, 0x2c, 0x2e
ef6ce1:  .byte 0x2f, 0x83, 0x0a, 0xa1, 0xb2, 0xa1, 0xa2, 0xa2, 0xa2, 0xa2, 0xa2, 0x90, 0x20, 0x90, 0xa2, 0xa2
ef6cf1:  .byte 0xa2, 0xa7, 0xa8, 0xa2, 0x91, 0xa1, 0xa1, 0xa2, 0xa1, 0xa1, 0xa1, 0xa1, 0xa1, 0xa1, 0xa1, 0xa1
ef6d01:  .byte 0xa1, 0xa1, 0xa1, 0xa1, 0xa1, 0xa1, 0xa1, 0xa2, 0xa1, 0xa1, 0xa1, 0xa2, 0xa1, 0xa1, 0xa1, 0xa2
ef6d11:  .byte 0x1b, 0x21, 0x40, 0x23, 0x24, 0x25, 0x5e, 0x26, 0x2a, 0x28, 0x29, 0x5f, 0x2b, 0x7e, 0x08, 0xa2
ef6d21:  .byte 0xa1, 0xa1, 0xa1, 0xa2, 0xa1, 0xa1, 0xa1, 0xa2, 0x09, 0x51, 0x57, 0x45, 0x52, 0x54, 0x59, 0x55
ef6d31:  .byte 0x49, 0x4f, 0x50, 0x7b, 0x7d, 0x7f, 0xa2, 0xa1, 0xb1, 0xa1, 0xa2, 0xa1, 0xa1, 0xa1, 0xa2, 0x84
ef6d41:  .byte 0x41, 0x53, 0x44, 0x46, 0x47, 0x48, 0x4a, 0x4b, 0x4c, 0x3a, 0x22, 0x7c, 0x0d, 0xa2, 0xb3, 0xa1
ef6d51:  .byte 0xb4, 0xa2, 0xa1, 0xa1, 0xa1, 0xa2, 0x82, 0x5a, 0x58, 0x43, 0x56, 0x42, 0x4e, 0x4d, 0x3c, 0x3e
ef6d61:  .byte 0x3f, 0x83, 0x0a, 0xa1, 0xb2, 0xa1, 0xa2, 0xa2, 0xa2, 0xa2, 0xa2, 0x90, 0x20, 0x90, 0xa2, 0xa2
ef6d71:  .byte 0xa2, 0xa7, 0xa8, 0x00, 0xef, 0x6c, 0x74, 0x00, 0xef, 0x6c, 0xf4, 0x00, 0x00, 0x00, 0x00, 0x00
ef6d81:  .byte 0x00, 0x00, 0x00, 0x00, 0x00, 0x00, 0x00, 0x00, 0x00, 0x00, 0x00, 0x00, 0x00, 0x00, 0x00

dat_ef6d90:
ef6d90:  .word 0x00ef
ef6d92:  .ascii "mtProbing I/O bus\0"

dat_ef6da4:
ef6da4:  .word 0x3a00

dat_ef6da6:
ef6da6:  .ascii " %c%c\0"

dat_ef6dac:
ef6dac:  .word 0x0a00, 0x0000

dat_ef6db0:
ef6db0:  .word 0x7879
ef6db2:  .long 0x00ef4ea8    ; fn_ef4ea8
ef6db6:  .long 0x00ef4f12    ; fn_ef4f12
ef6dba:  .long 0x00ef2b74    ; fn_ef2b74
ef6dbe:  .long 0x00ef2b74    ; fn_ef2b74
ef6dc2:  .long 0x00ef2b74    ; fn_ef2b74
ef6dc6:  .long 0x00ef6f0c    ; "xy: Xylogics disk"
ef6dca:  .word 0x7364
ef6dcc:  .long 0x00ef566c    ; fn_ef566c
ef6dd0:  .long 0x00ef62ac    ; fn_ef62ac
ef6dd4:  .long 0x00ef56f4    ; fn_ef56f4
ef6dd8:  .long 0x00ef2b74    ; fn_ef2b74
ef6ddc:  .long 0x00ef581a    ; fn_ef581a
ef6de0:  .long 0x00ef6f1e    ; "sd: SCSI 5-1/4 disk"
ef6de4:  .word 0x6965
ef6de6:  .long 0x00ef3f08    ; fn_ef3f08
ef6dea:  .long 0x00ef62ac    ; fn_ef62ac
ef6dee:  .long 0x00ef3f32    ; fn_ef3f32
ef6df2:  .long 0x00ef45f2    ; sub_ef45f2
ef6df6:  .long 0x00ef4970    ; fn_ef4970
ef6dfa:  .word 0x00ef
ef6dfc:  .ascii "o2mt\0"
ef6e01:  .byte 0xef, 0x2b, 0x74
ef6e04:  .long 0x00ef461c    ; fn_ef461c
ef6e08:  .long 0x00ef2b74    ; fn_ef2b74
ef6e0c:  .long 0x00ef2b74    ; fn_ef2b74
ef6e10:  .long 0x00ef2b74    ; fn_ef2b74
ef6e14:  .word 0x00ef
ef6e16:  .ascii "oMxt\0"
ef6e1b:  .byte 0xef, 0x2b, 0x74
ef6e1e:  .long 0x00ef6200    ; fn_ef6200
ef6e22:  .long 0x00ef5eb8    ; fn_ef5eb8
ef6e26:  .long 0x00ef5f50    ; fn_ef5f50
ef6e2a:  .long 0x00ef5f78    ; fn_ef5f78
ef6e2e:  .word 0x00ef
ef6e30:  .ascii "o^st\0"
ef6e35:  .byte 0xef, 0x2b, 0x74
ef6e38:  .long 0x00ef6200    ; fn_ef6200
ef6e3c:  .long 0x00ef5acc    ; fn_ef5acc
ef6e40:  .long 0x00ef5bfc    ; fn_ef5bfc
ef6e44:  .long 0x00ef5c46    ; fn_ef5c46
ef6e48:  .long 0x00ef6f74    ; "st: SCSI tape"
ef6e4c:  .word 0x0000
ef6e4e:  .long 0x00ef2b74    ; fn_ef2b74
ef6e52:  .long 0x00ef2b74    ; fn_ef2b74
ef6e56:  .long 0x00ef2b74    ; fn_ef2b74
ef6e5a:  .long 0x00ef2b74    ; fn_ef2b74
ef6e5e:  .long 0x00ef2b74    ; fn_ef2b74
ef6e62:  .word 0x0000, 0x0000, 0x0000

dat_ef6e68:
ef6e68:  .ascii "No default boot devices\n\0"

dat_ef6e81:
ef6e81:  .ascii "vmunix\0"

dat_ef6e88:
ef6e88:  .byte 0x00

dat_ef6e89:
ef6e89:  .ascii "Boot: %c%c(%x,%x,%x)%s %s\n\0"

dat_ef6ea4:
ef6ea4:  .ascii "Boot syntax: b [!][dev(ctlr,unit,part)] name [options]\nPossible boot devices:\n\0"

dat_ef6ef3:
ef6ef3:  .ascii "  %s\n\0"

dat_ef6ef9:
ef6ef9:  .ascii "0123456789abcdef\0"
ef6f0a:  .word 0x0000
ef6f0c:  .ascii "xy: Xylogics disk\0"
ef6f1e:  .ascii "sd: SCSI 5-1/4 disk\0"
ef6f32:  .ascii "ie: Sun/Intel network disk\0"
ef6f4d:  .ascii "mt: 9-track tape\0"
ef6f5e:  .ascii "xt: Xylogics 472 tape\0"
ef6f74:  .ascii "st: SCSI tape\0"
ef6f82:  .word 0x0000

dat_ef6f84:
ef6f84:  .ascii "\n\aWaiting for disk to spin up...\n\nPlease start it, if necessary, -OR- press any key to quit.\n\n\0"
ef6fe3:  .byte 0x00

dat_ef6fe4:
ef6fe4:  .ascii "No label found - attempting boot anyway.\n\0"

dat_ef700e:
ef700e:  .ascii "No controller at mbio %x\n\0"

dat_ef7028:
ef7028:  .ascii "Corrupt label\n\0"

dat_ef7037:
ef7037:  .ascii "Giving up...\n\0"
ef7045:  .byte 0x00, 0x00, 0x00

dat_ef7048:
ef7048:  .word 0x8000, 0x0801, 0x5082, 0x0009, 0xaad0, 0xffdf, 0x0ddb, 0xb0e7
ef7058:  .word 0xff0d, 0x7800, 0xfc3f, 0x0fc3, 0xf00f, 0xff00, 0x4510, 0x000d
ef7068:  .word 0x7805, 0x0000, 0x1b0d, 0x5ab0, 0xf81f, 0x0fc0, 0x30f9, 0xfd0f
ef7078:  .word 0xfdf0, 0xd579, 0x0af9, 0xf0f7, 0xcf0f, 0xdb70, 0xe7e7, 0x0f3e
ef7088:  .word 0xf006, 0xdb00, 0x36d7, 0x87df, 0x0015, 0x4007, 0xdf0f, 0xbd50
ef7098:  .word 0x1fdf, 0x856f, 0xb073, 0xc707, 0xc1f0, 0x780f, 0x06bc, 0xb06b
ef70a8:  .word 0xc307, 0xc7f0, 0x6183, 0x0600, 0x3060, 0x007f, 0xeff0, 0x600b
ef70b8:  .word 0x0726, 0xb07f, 0xf707, 0xc1f0, 0x7383, 0x07c1, 0xfe73, 0xff07
ef70c8:  .word 0x7f70, 0x7003, 0x0600, 0xf072, 0x6906, 0x7f10, 0x7f7f, 0x07b0
ef70d8:  .word 0x307a, 0xaf0a, 0x0050, 0xaad5, 0x0a00, 0x50fc, 0x0000, 0x000a
ef70e8:  .word 0xeb00, 0x007e, 0x70f7, 0x8f00, 0x78f0, 0xe78f, 0x0076, 0xf0d1
ef70f8:  .word 0x8300, 0x73fb, 0xf703, 0x0560, 0x3056, 0x01fe, 0x7ff0, 0xc003
ef7108:  .word 0x0070, 0x3007, 0x0300, 0x78f0, 0x078f, 0x1878, 0xf187, 0x8300
ef7118:  .byte 0x7f, 0xf0, 0x2e, 0x0f, 0x00
ef711d:  .ascii "`p\aU\0"
ef7122:  .word 0x6690, 0x07ff, 0x0075, 0x5f87, 0xff0d, 0x3cb0, 0x8000, 0x0d3c
ef7132:  .word 0xb000, 0xfc00, 0x0000

dat_ef7138:
ef7138:  .word 0x0001, 0x0001, 0x0002, 0x0003, 0x0405, 0x0602
ef7144:  .ascii "\a\b\t\0"
ef7148:  .word 0x010a, 0x0b0c, 0x0d09, 0x0e0a, 0x0f04, 0x0d07, 0x1001, 0x0011
ef7158:  .word 0x1213, 0x1415, 0x0116, 0x1718, 0x191a, 0x001b, 0x1c1d, 0x1c1e
ef7168:  .byte 0x0e, 0x1f, 0x20, 0x21, 0x1a
ef716d:  .ascii "\"#$\0"
ef7171:  .byte 0x16, 0x1e, 0x01, 0x16, 0x25, 0x26, 0x00, 0x27, 0x28, 0x29, 0x15, 0x1b, 0x01, 0x1b, 0x15
ef7180:  .ascii ")('\0"
ef7184:  .word 0x2a25, 0x2b16, 0x2c01, 0x2c16
ef718c:  .ascii "+%*\0"
ef7190:  .word 0x2d01, 0x0d2e, 0x0200, 0x022e, 0x0d01, 0x2d00, 0x012f, 0x0100
ef71a0:  .word 0x161e, 0x0116, 0x2526, 0x002f, 0x0016, 0x1e16, 0x0030, 0x2728
ef71b0:  .byte 0x15, 0x01, 0x16
ef71b3:  .ascii "%*1\0"
ef71b7:  .byte 0x1b, 0x1c
ef71b9:  .ascii "234567,\0"
ef71c1:  .byte 0x38, 0x01, 0x2c, 0x1e, 0x39, 0x01, 0x0b, 0x00, 0x37, 0x10, 0x1a, 0x3a, 0x27, 0x28, 0x15, 0x01
ef71d1:  .byte 0x16
ef71d2:  .ascii "%;/\0"
ef71d6:  .byte 0x1c, 0x3c, 0x3d, 0x3e, 0x30, 0x3f, 0x0f, 0x40, 0x3f, 0x30, 0x3e, 0x41, 0x10, 0x37, 0x00
ef71e5:  .ascii "()BC2D#/(\0"
ef71ef:  .byte 0x40, 0x26, 0x45, 0x10
ef71f3:  .ascii "F?0>G4\n\0"
ef71fb:  .byte 0x1b, 0x16, 0x25, 0x2a, 0x31, 0x48, 0x49, 0x4a, 0x47, 0x4b, 0x10, 0x37, 0x00, 0x4c, 0x23, 0x41
ef720b:  .byte 0x4d, 0x27, 0x4e, 0x28, 0x4f, 0x15, 0x38, 0x01, 0x50, 0x00, 0x2d, 0x32, 0x34, 0x36, 0x51, 0x01
ef721b:  .ascii "R246-\0"
ef7221:  .byte 0x1c, 0x53, 0x3d, 0x47, 0x4a, 0x54, 0x24, 0x30, 0x27, 0x28, 0x1b, 0x55, 0x00, 0x16, 0x1e, 0x16
ef7231:  .byte 0x00, 0x16, 0x1e, 0x16, 0x00, 0x16, 0x1e, 0x16, 0x00, 0x16, 0x1e, 0x01, 0x16, 0x25, 0x26, 0x00
ef7241:  .byte 0x30, 0x56, 0x1b, 0x1e, 0x57, 0x1e, 0x1b, 0x56, 0x30, 0x00, 0x07, 0x00, 0x07, 0x00, 0x31, 0x58
ef7251:  .byte 0x1e, 0x59, 0x5a, 0x59, 0x1e, 0x58, 0x31, 0x00, 0x2d, 0x0a, 0x5b, 0x5c, 0x27, 0x28, 0x15, 0x01
ef7261:  .byte 0x16, 0x00, 0x16, 0x00, 0x1c, 0x0b
ef7267:  .ascii "]G^_`a1*#b\0"
ef7272:  .word 0x0152, 0x6332, 0x640b
ef7278:  .ascii "\\e>f\0"
ef727d:  .ascii "ghi\"jiGik\0"
ef7287:  .byte 0x40, 0x6c, 0x6d, 0x45, 0x31, 0x45, 0x3b, 0x6e, 0x1c, 0x00, 0x67, 0x1a
ef7293:  .ascii "iGA\"o\0"
ef7299:  .byte 0x07, 0x70, 0x2a, 0x35, 0x10
ef729e:  .ascii "5*;/\0"
ef72a3:  .byte 0x07, 0x70, 0x2a, 0x35, 0x10
ef72a8:  .ascii "5*W\0"
ef72ac:  .word 0x406c, 0x6d45, 0x3171, 0x4772, 0x5d73, 0x1c00
ef72b8:  .ascii "tG/Gt\0"
ef72be:  .word 0x0a01, 0x0a00, 0x0a01
ef72c4:  .ascii "PX*\0"
ef72c8:  .word 0x7522, 0x7609, 0x7757, 0x7879, 0x7a7b, 0x1a7c, 0x7d00
ef72d6:  .ascii "W*;/\0"
ef72db:  .byte 0x7e, 0x7c, 0x4a, 0x7f, 0x80, 0x81, 0x82, 0x83, 0x00, 0x84, 0x85, 0x86, 0x87, 0x88, 0x89, 0x8a
ef72eb:  .byte 0x8b, 0x8c, 0x8d, 0x8e, 0x3e, 0x8f, 0x00
ef72f2:  .ascii "-S\\rGep6-\0"
ef72fc:  .word 0x6a34, 0x5d34, 0x902a, 0x5700, 0x2d53, 0x5c72, 0x4770, 0x910a
ef730c:  .word 0x2c37, 0x925a, 0x0067, 0x2269, 0x6893, 0x7879, 0x7a7b, 0x1a7c
ef731c:  .word 0x7d00, 0x4c5d, 0x8594, 0x551e
ef7324:  .ascii "YV?>ij\0"
ef732b:  .byte 0x2f, 0x8a, 0x01, 0x0a, 0x00, 0x7d, 0x85, 0x4b, 0x0b, 0x0a, 0x00, 0x95, 0x41, 0x35, 0x96, 0x16
ef733b:  .byte 0x2c, 0x50, 0x00, 0x97, 0x98, 0x99, 0x9a, 0x9b, 0x9c, 0x9d, 0x9e, 0x02, 0x00, 0x7d, 0x85, 0x70
ef734b:  .byte 0x9f, 0x36, 0x51, 0x01
ef734f:  .ascii "R2S\\>f\0"
ef7356:  .word 0x7d85, 0x7036, 0x5101, 0x2d00, 0x235c, 0x2728, 0x1501, 0x1625
ef7366:  .word 0xa023, 0x000f, 0x010f, 0x0031, 0x2a25, 0x1601, 0x1528, 0x2700
ef7376:  .word 0x7816, 0x7800, 0x502c, 0xa1a2, 0x6900, 0xa300, 0x4f15, 0x0159
ef7386:  .word 0x1500, 0x1c1d, 0x33a4, 0xa534, 0x5ba6, 0x0045, 0x31a7, 0x3148
ef7396:  .byte 0x49, 0x4a, 0x47, 0xa8, 0xa9, 0xaa, 0x00
ef739d:  .ascii "\nF\\1K4\n\0"
ef73a5:  .byte 0x30, 0x3f, 0x30, 0xab, 0xac, 0x3d, 0x47, 0x4a, 0xad, 0xae, 0x00, 0x2d, 0x34, 0x47, 0x2f, 0x31
ef73b5:  .byte 0x2a, 0x73, 0x1c, 0x00, 0x29, 0xaf, 0x16, 0x0a, 0x16, 0x1e, 0x00, 0xb0, 0xac, 0x69, 0xa2, 0xb1
ef73c5:  .byte 0x31, 0x07, 0x23, 0x72, 0xb2, 0x07, 0x10, 0x26, 0x2a, 0x94, 0x2a, 0x90, 0x5b, 0x34, 0xb3, 0x00
ef73d5:  .byte 0x01, 0x00, 0x1e, 0x01, 0x0a, 0x00, 0x27, 0x00, 0xa4, 0x27, 0x5c, 0x34, 0x9f, 0x37, 0x2c, 0x31
ef73e5:  .byte 0xa7, 0x31, 0x1a, 0x76, 0x09, 0x78, 0x57, 0x78, 0x79, 0x7a, 0x7b, 0xb4, 0x00, 0x1e, 0x01, 0x0a
ef73f5:  .byte 0x00, 0xb5, 0xb6, 0x0d, 0xb7, 0x00, 0xb8, 0xb9, 0x34, 0xb3, 0x00, 0x1c, 0x53, 0x3d, 0x47, 0x4b
ef7405:  .byte 0x9f, 0x37, 0x00, 0xba, 0xbb, 0x7c, 0x47, 0x41, 0xbc, 0x93, 0x31, 0xbd, 0x00, 0xbe, 0xbf, 0x3d
ef7415:  .byte 0x47, 0xa8, 0xc0, 0x4c, 0x30, 0xc1, 0x00, 0xc2, 0xc3, 0xc4, 0x2a, 0x57, 0x00, 0x3c, 0x34, 0x70
ef7425:  .byte 0x58, 0x1e, 0x59, 0x56, 0x5c, 0x34, 0x10, 0x00, 0x50, 0x16, 0x07, 0x16, 0xc5, 0xc6, 0x59, 0x00
ef7435:  .byte 0xb3
ef7436:  .ascii "4[$\0"
ef743a:  .word 0x7d85, 0x7036, 0x5101, 0x00c7, 0x989c, 0xc802, 0x00c9, 0x4b9f
ef744a:  .word 0xca2c, 0x1bcb, 0x533d, 0xcc00, 0x7485, 0x7036, 0x5101, 0x5016
ef745a:  .word 0xcd57, 0x9400, 0x2f7c, 0xce29, 0x1b2c, 0x2bcf, 0xa82f, 0x0056
ef746a:  .word 0x1528, 0x151b, 0x1528, 0x1556, 0x0001, 0x5816, 0x2516, 0x2c16
ef747a:  .word 0x2516, 0x5800, 0xd0d1, 0xd2d3, 0xd400

dat_ef7484:
ef7484:  .word 0x0006, 0x1903, 0x061f, 0x0c7f, 0x3366, 0x1f3f, 0x6666, 0x3e07
ef7494:  .word 0x3f38, 0x4445, 0x3903, 0x0c19, 0x1a32, 0x6107, 0x0f18, 0x1e77
ef74a4:  .word 0x6361, 0x613f, 0x1e18, 0x1000, 0x0103, 0x301c, 0x0e0f, 0x767f
ef74b4:  .word 0x0060, 0x1110, 0x3030, 0x181f, 0x0236, 0x4030, 0x1f20, 0x4000
ef74c4:  .word 0x0f60, 0x0509, 0x2120, 0x3160, 0x676f, 0x7070, 0x1f00, 0x0001
ef74d4:  .word 0x040d, 0x0b11, 0x3f3c, 0x0178, 0x3807, 0x0139, 0x2030, 0x676f
ef74e4:  .word 0x6c67, 0x0f09, 0x1020, 0xe0ff, 0x6060, 0x7fff, 0x1020, 0x18fe
ef74f4:  .word 0x3061, 0x2018, 0xf0f0, 0x636c, 0x7c6e, 0x6763, 0x60f0, 0xe059
ef7504:  .word 0x4d4e, 0x44e4, 0xc060, 0x7078, 0x584c, 0x4647, 0x4341, 0x40e0
ef7514:  .word 0x3738, 0x237f, 0x70e0, 0x19fe, 0x6676, 0x7733, 0x373b, 0x3b38
ef7524:  .word 0x181b, 0x31ff, 0x031c, 0x1ee0, 0x7078, 0x4f0f, 0x3139, 0x1e04
ef7534:  .word 0x1f3f, 0x4079, 0xf1dd, 0x6eef, 0x2779, 0xef71, 0x70f0, 0x0f11
ef7544:  .word 0x3800, 0x7334, 0x380c, 0x0eff, 0x3bf8, 0x1d0b, 0xf108, 0x4138
ef7554:  .byte 0x1c
ef7555:  .ascii ">6gC\0"

dat_ef755a:
ef755a:  .word 0x0083, 0x6fcc, 0x008c, 0xe60c, 0x86c8, 0x800c, 0x22c0, 0x8c00
ef756a:  .word 0x6e8e, 0x600c, 0x8800, 0x00ee, 0x608c, 0xc880, 0x00c2, 0xce6e
ef757a:  .word 0xc488, 0x80c6, 0x8ce4, 0xe480, 0x000c, 0x60c0, 0x08ec, 0xc62a
ef758a:  .word 0xaee0, 0x84f0, 0x8c88, 0x6240, 0x4f66, 0xfe00, 0x0008, 0xe776
ef759a:  .word 0x666f, 0x7222, 0x2222, 0x2ae3, 0x8490, 0x0e0f, 0x2244, 0x4c88
ef75aa:  .word 0x208f, 0xcce0, 0x6c86, 0xe67c, 0x202e, 0xece7, 0x8c8c, 0x802e
ef75ba:  .word 0xef8c, 0xc247, 0x4f08, 0xf0c2, 0x26cc, 0x8000, 0x0000

dat_ef75c8:
ef75c8:  .long 0x00ec0000    ; VIDEOMEM_BASE
ef75cc:  .word 0x0001, 0xec80, 0x0800
ef75d2:  .long 0x00ee0000    ; TIMER_BASE
ef75d6:  .word 0x8000, 0x8000, 0x0000

dat_ef75dc:
ef75dc:  .word 0x0000, 0x0000

dat_ef75e0:
ef75e0:  .word 0x0000, 0x0003, 0xc000, 0x0000, 0x0000, 0x000f, 0xf000, 0x0000
ef75f0:  .word 0x0000, 0x001f, 0xf800, 0x0000, 0x0000, 0x003f, 0xfc00, 0x0000
ef7600:  .word 0x0000, 0x003f, 0xfe00, 0x0000, 0x0000, 0x007f, 0xff00, 0x0000
ef7610:  .word 0x0000, 0x007e, 0xff80, 0x0000, 0x0000, 0x027f, 0x7fc0, 0x0000
ef7620:  .word 0x0000, 0x073f, 0xbfe0, 0x0000, 0x0000, 0x0fbf, 0xdff0, 0x0000
ef7630:  .word 0x0000, 0x1fdf, 0xeff8, 0x0000, 0x0000, 0x2fef, 0xf7fc, 0x0000
ef7640:  .word 0x0000, 0x77f7, 0xfbfe, 0x0000, 0x0000, 0xfbfb, 0xfdff, 0x0000
ef7650:  .word 0x0001, 0xfdfd, 0xfeff, 0x0000, 0x0001, 0xfefe, 0xff7e, 0xc000
ef7660:  .word 0x0006, 0xff7f, 0x7fbd, 0xe000, 0x000f, 0x7fbf, 0xbfdb, 0xf000
ef7670:  .word 0x001f, 0xbfdf, 0xdfe7, 0xf800, 0x003f, 0xdfef, 0xefef, 0xf400
ef7680:  .word 0x007f, 0xaff7, 0xf7df, 0xee00
ef7688:  .long 0x00ff77fb    ; BUSMEM_BASE+0xf77fb
ef768c:  .word 0xf3bf, 0xdf00, 0x01fe, 0xfbfd, 0xf97f, 0xbf80, 0x03fd, 0xfdff
ef769c:  .word 0xf8ff, 0x7f00, 0x07fb, 0xf8ff, 0xf9fe, 0xfe00, 0x0ff7, 0xf07f
ef76ac:  .word 0xf3fd, 0xfce0, 0x1fef, 0xe73f, 0xf7fb, 0xfbf8, 0x3fdf, 0xdfdf
ef76bc:  .word 0xeff7, 0xf7fc, 0x7fbf, 0xbfe7, 0x9fef, 0xeffe, 0x7f7f, 0x7fe0
ef76cc:  .word 0x1fdf, 0xdffe, 0xfefe, 0xfff0, 0x3fbf, 0xbfff, 0xfdfd, 0xfff0
ef76dc:  .word 0x3f7f, 0x7fff, 0xfffb, 0xfbf0, 0x3ffe, 0xff7f, 0xfff7, 0xf7f0
ef76ec:  .word 0x3ffd, 0xfeff, 0x7fef, 0xefe0, 0x1ffb, 0xfdfe, 0x7fdf, 0xdfe7
ef76fc:  .word 0x9ff7, 0xfbfe, 0x3fbf, 0xbfdf, 0xefef, 0xf7fc, 0x0e7f, 0x7fbf
ef770c:  .word 0xf39f, 0xeff8
ef7710:  .long 0x00feff3f    ; BUSMEM_BASE+0xeff3f
ef7714:  .word 0xf83f, 0xdff0, 0x01fd, 0xfe7f, 0xfc7f, 0xbfe0, 0x03fb, 0xfc7f
ef7724:  .word 0xfeff, 0x7fc0, 0x01f7, 0xfa7e, 0xff7e, 0xff80, 0x00ef, 0xf73f
ef7734:  .word 0x7fbd, 0xff00, 0x005f, 0xefbf, 0xbfdb, 0xfe00, 0x003f, 0xdfdf
ef7744:  .word 0xdfe7, 0xfc00, 0x001f, 0xafef, 0xeff7, 0xf800, 0x000f, 0x77f7
ef7754:  .word 0xf7fb, 0xf000, 0x0006, 0xfbfb, 0xfbfd, 0xe000, 0x0001, 0xfdfd
ef7764:  .word 0xfdfe, 0xc000, 0x0001, 0xfefe, 0xfeff, 0x0000, 0x0000, 0xff7f
ef7774:  .word 0x7f7f, 0x0000, 0x0000, 0x7fbf, 0xbfbe, 0x0000, 0x0000, 0x3fdf
ef7784:  .word 0xdfdc, 0x0000, 0x0000, 0x1fef, 0xefe8, 0x0000, 0x0000, 0x0ff7
ef7794:  .word 0xf7f0, 0x0000, 0x0000, 0x07fb, 0xfbe0, 0x0000, 0x0000, 0x03fd
ef77a4:  .word 0xf9c0, 0x0000, 0x0000, 0x01fe, 0xfc80, 0x0000, 0x0000
ef77b2:  .long 0x00fffc00    ; BUSMEM_BASE+0xffc00
ef77b6:  .word 0x0000, 0x0000, 0x007f, 0xfc00, 0x0000, 0x0000, 0x003f, 0xf800
ef77c6:  .word 0x0000, 0x0000, 0x001f, 0xf800, 0x0000, 0x0000, 0x000f, 0xf000
ef77d6:  .word 0x0000, 0x0000, 0x0003, 0xc000, 0x0000

dat_ef77e0:
ef77e0:  .long 0x00ef43ae    ; fn_ef43ae
ef77e4:  .long 0x00ef445a    ; fn_ef445a
ef77e8:  .long 0x00ef3fda    ; sub_ef3fda

dat_ef77ec:
ef77ec:  .word 0x0000, 0x0000

dat_ef77f0:
ef77f0:  .ascii "ie: cannot initialize\n\0"

dat_ef7807:
ef7807:  .ascii "ie: Ethernet cable problem\n\0"
ef7823:  .byte 0x00

dat_ef7824:
ef7824:  .word 0x0000, 0x00a0, 0x0000, 0x00a2

dat_ef782c:
ef782c:  .ascii "mt: error 0x%x\n\0"

dat_ef783c:
ef783c:  .ascii "mt: controller does not initialize\n\0"

dat_ef7860:
ef7860:  .ascii "mt: unit not ready\n\0"

dat_ef7874:
ef7874:  .word 0xffff, 0xffff, 0xffff, 0x0000

dat_ef787c:
ef787c:  .byte 0x58, 0x08, 0x00

dat_ef787f:
ef787f:  .ascii "nd: err %x bn %d\n\0"

dat_ef7891:
ef7891:  .byte 0x2d, 0x08, 0x00

dat_ef7894:
ef7894:  .byte 0x3d, 0x08, 0x00

dat_ef7897:
ef7897:  .byte 0x3f, 0x08, 0x00

dat_ef789a:
ef789a:  .ascii "nd: no file server, giving up.\n\0"
ef78ba:  .word 0x0000

dat_ef78bc:
ef78bc:  .byte 0x00, 0x00, 0xee, 0x40, 0x00, 0x00, 0xee
ef78c3:  .ascii "Hxy: error %x cmd %x\n\0"
ef78d9:  .byte 0x00, 0x00, 0x00

dat_ef78dc:
ef78dc:  .ascii "sequence error\0"
ef78eb:  .byte 0x00

dat_ef78ec:
ef78ec:  .ascii "scsi: %s\n\0"

dat_ef78f6:
ef78f6:  .ascii "bus continuously busy\0"

dat_ef790c:
ef790c:  .ascii "cannot select\0"

dat_ef791a:
ef791a:  .ascii "invalid message\0"

dat_ef792a:
ef792a:  .ascii "timeout\0"

dat_ef7932:
ef7932:  .ascii "bus error\0"

dat_ef793c:
ef793c:  .long 0x00ee2800    ; SCSI_BASE
ef7940:  .long 0x00f84000    ; BUSMEM_BASE+0x84000
ef7944:  .word 0x0000, 0x0000

dat_ef7948:
ef7948:  .ascii "sd: bad label\n\0"

dat_ef7957:
ef7957:  .ascii "sd: scsi %s\n\0"

dat_ef7964:
ef7964:  .ascii "sense failed\0"

dat_ef7971:
ef7971:  .ascii "disk busy\0"

dat_ef797b:
ef797b:  .ascii "sd: dma count is %d wanted %d\n\0"

dat_ef799a:
ef799a:  .ascii "sd: error\0"

dat_ef79a4:
ef79a4:  .ascii " %x\0"

dat_ef79a8:
ef79a8:  .word 0x0a00, 0x0000

dat_ef79ac:
ef79ac:  .long 0x00ee2800    ; SCSI_BASE
ef79b0:  .long 0x00f84000    ; BUSMEM_BASE+0x84000
ef79b4:  .word 0x0000, 0x0000

dat_ef79b8:
ef79b8:  .ascii "st: sense error\n\0"

dat_ef79c9:
ef79c9:  .ascii "st: error %x\n\0"

dat_ef79d7:
ef79d7:  .ascii "st: short transfer\n\0"
ef79eb:  .byte 0x00

dat_ef79ec:
ef79ec:  .word 0xee60, 0xee68, 0x0000, 0x0000

dat_ef79f4:
ef79f4:  .ascii "xt hard err %x\n\0"
ef7a04:  .ascii "@(#)bcmp.c 1.1 84/12/20 SMI\0"

; ==== fill ==============================================================
ef7a20:  .fill 1504, 1, 0xff
